series_id,timestamp,actual,predictions,window_idx,horizon_step,0.1,0.5,0.9
load_26,2013-01-02 00:00:00,640.8,648.0781,0,1,571.63513,648.0781,720.30676
load_26,2013-01-02 01:00:00,626.1,596.459,0,2,506.58276,596.459,684.26086
load_26,2013-01-02 02:00:00,493.8,515.4061,0,3,436.67944,515.4061,580.33167
load_26,2013-01-02 03:00:00,443.7,455.22876,0,4,385.55884,455.22876,526.8584
load_26,2013-01-02 04:00:00,460.5,446.99365,0,5,375.26782,446.99365,518.4968
load_26,2013-01-02 05:00:00,464.7,459.67346,0,6,384.84583,459.67346,528.1996
load_26,2013-01-02 06:00:00,493.8,476.67065,0,7,399.18286,476.67065,550.7776
load_26,2013-01-02 07:00:00,577.2,518.93225,0,8,435.43542,518.93225,600.2174
load_26,2013-01-02 08:00:00,658.5,624.2007,0,9,521.0923,624.2007,742.23
load_26,2013-01-02 09:00:00,1318.5,1125.6477,0,10,936.033,1125.6477,1315.8672
load_26,2013-01-02 10:00:00,2322.9,2212.4438,0,11,1945.9226,2212.4438,2436.4788
load_26,2013-01-02 11:00:00,2839.2,2652.4585,0,12,2389.3591,2652.4585,2828.9448
load_26,2013-01-02 12:00:00,2889.0,2724.5435,0,13,2471.584,2724.5435,2896.4624
load_26,2013-01-02 13:00:00,2808.9,2734.8367,0,14,2460.0605,2734.8367,2905.5525
load_26,2013-01-02 14:00:00,2793.6,2699.0264,0,15,2470.8127,2699.0264,2896.2197
load_26,2013-01-02 15:00:00,2797.2,2692.9136,0,16,2454.3494,2692.9136,2873.0525
load_26,2013-01-02 16:00:00,2805.6,2734.9111,0,17,2425.5103,2734.9111,2903.7324
load_26,2013-01-02 17:00:00,2886.6,2742.5,0,18,2476.9973,2742.5,2914.7314
load_26,2013-01-02 18:00:00,2904.0,2719.2207,0,19,2444.1328,2719.2207,2917.1829
load_26,2013-01-02 19:00:00,2851.5,2710.6655,0,20,2379.9167,2710.6655,2914.497
load_26,2013-01-02 20:00:00,2667.3,2570.673,0,21,2167.0466,2570.673,2811.643
load_26,2013-01-02 21:00:00,1277.7,1317.7263,0,22,1059.6382,1317.7263,1575.5986
load_26,2013-01-02 22:00:00,964.2,951.21545,0,23,768.9959,951.21545,1167.5452
load_26,2013-01-02 23:00:00,660.9,718.01953,0,24,591.1462,718.01953,868.32416
load_26,2013-01-03 00:00:00,646.5,631.66974,1,1,565.13916,631.66974,689.0395
load_26,2013-01-03 01:00:00,650.7,580.4983,1,2,508.4474,580.4983,642.95447
load_26,2013-01-03 02:00:00,503.1,518.7512,1,3,455.37402,518.7512,565.8456
load_26,2013-01-03 03:00:00,463.8,470.16858,1,4,416.5144,470.16858,522.525
load_26,2013-01-03 04:00:00,457.5,462.29248,1,5,407.95605,462.29248,511.98596
load_26,2013-01-03 05:00:00,468.3,476.36157,1,6,419.85632,476.36157,521.0342
load_26,2013-01-03 06:00:00,498.9,491.71533,1,7,434.5006,491.71533,538.2092
load_26,2013-01-03 07:00:00,568.8,537.37354,1,8,472.41724,537.37354,586.218
load_26,2013-01-03 08:00:00,802.2,650.11975,1,9,571.68567,650.11975,717.7094
load_26,2013-01-03 09:00:00,1282.2,1259.5074,1,10,1098.2756,1259.5074,1369.2065
load_26,2013-01-03 10:00:00,2301.6,2351.8335,1,11,2146.8806,2351.8335,2491.9414
load_26,2013-01-03 11:00:00,2870.1,2772.3625,1,12,2602.3003,2772.3625,2870.1406
load_26,2013-01-03 12:00:00,2892.9,2820.7915,1,13,2659.7485,2820.7915,2924.2751
load_26,2013-01-03 13:00:00,2896.8,2814.7056,1,14,2630.9756,2814.7056,2919.9897
load_26,2013-01-03 14:00:00,2890.5,2783.8833,1,15,2653.0684,2783.8833,2909.666
load_26,2013-01-03 15:00:00,2868.3,2763.8354,1,16,2622.814,2763.8354,2874.8706
load_26,2013-01-03 16:00:00,2862.9,2793.3213,1,17,2586.766,2793.3213,2908.5527
load_26,2013-01-03 17:00:00,2924.7,2787.213,1,18,2627.4702,2787.213,2912.595
load_26,2013-01-03 18:00:00,2932.5,2771.295,1,19,2597.4653,2771.295,2915.5894
load_26,2013-01-03 19:00:00,2823.0,2762.7678,1,20,2530.4536,2762.7678,2895.1558
load_26,2013-01-03 20:00:00,2353.2,2643.0186,1,21,2372.4639,2643.0186,2807.204
load_26,2013-01-03 21:00:00,1278.0,1331.5121,1,22,1131.5106,1331.5121,1513.0012
load_26,2013-01-03 22:00:00,1046.7,984.63635,1,23,849.1451,984.63635,1148.7524
load_26,2013-01-03 23:00:00,729.9,735.40857,1,24,638.6656,735.40857,853.2653
load_26,2013-01-04 00:00:00,638.4,633.4311,2,1,570.47986,633.4311,686.6799
load_26,2013-01-04 01:00:00,656.1,587.9802,2,2,517.01575,587.9802,652.9881
load_26,2013-01-04 02:00:00,506.1,520.4662,2,3,456.7539,520.4662,566.9341
load_26,2013-01-04 03:00:00,469.5,472.02734,2,4,415.87256,472.02734,524.8734
load_26,2013-01-04 04:00:00,470.4,465.6637,2,5,411.6233,465.6637,513.66943
load_26,2013-01-04 05:00:00,459.9,484.66956,2,6,427.21277,484.66956,529.7689
load_26,2013-01-04 06:00:00,488.4,501.01782,2,7,442.67603,501.01782,549.31494
load_26,2013-01-04 07:00:00,553.5,553.5116,2,8,482.35242,553.5116,601.1836
load_26,2013-01-04 08:00:00,661.8,684.40607,2,9,595.9762,684.40607,767.48444
load_26,2013-01-04 09:00:00,1370.4,1307.7206,2,10,1140.4663,1307.7206,1434.28
load_26,2013-01-04 10:00:00,2469.0,2385.792,2,11,2184.1274,2385.792,2529.3438
load_26,2013-01-04 11:00:00,2981.4,2824.1016,2,12,2669.4744,2824.1016,2919.7676
load_26,2013-01-04 12:00:00,2972.1,2862.1106,2,13,2720.0024,2862.1106,2964.2456
load_26,2013-01-04 13:00:00,2938.8,2862.8772,2,14,2705.0557,2862.8772,2964.3848
load_26,2013-01-04 14:00:00,2874.3,2848.644,2,15,2719.9546,2848.644,2966.2493
load_26,2013-01-04 15:00:00,2832.6,2830.0728,2,16,2704.849,2830.0728,2938.0322
load_26,2013-01-04 16:00:00,2903.4,2854.9072,2,17,2670.8271,2854.9072,2968.821
load_26,2013-01-04 17:00:00,2953.2,2846.0051,2,18,2690.0479,2846.0051,2974.3818
load_26,2013-01-04 18:00:00,2957.7,2836.9902,2,19,2669.063,2836.9902,2983.2666
load_26,2013-01-04 19:00:00,2905.2,2816.2935,2,20,2594.6912,2816.2935,2962.129
load_26,2013-01-04 20:00:00,2837.1,2657.853,2,21,2374.0488,2657.853,2833.5278
load_26,2013-01-04 21:00:00,1656.6,1383.7285,2,22,1172.6327,1383.7285,1581.4987
load_26,2013-01-04 22:00:00,1038.3,1024.3611,2,23,886.9012,1024.3611,1200.2782
load_26,2013-01-04 23:00:00,706.5,759.78,2,24,662.44824,759.78,885.6223
load_26,2013-01-07 00:00:00,618.9,664.4673,3,1,604.7024,664.4673,718.5931
load_26,2013-01-07 01:00:00,644.1,612.7505,3,2,544.06165,612.7505,674.43536
load_26,2013-01-07 02:00:00,483.3,544.83545,3,3,485.63257,544.83545,585.16113
load_26,2013-01-07 03:00:00,410.4,495.1432,3,4,445.41248,495.1432,542.0287
load_26,2013-01-07 04:00:00,436.8,484.21716,3,5,433.6858,484.21716,529.51733
load_26,2013-01-07 05:00:00,438.3,498.8999,3,6,447.08142,498.8999,537.2794
load_26,2013-01-07 06:00:00,471.9,517.93604,3,7,465.22815,517.93604,560.443
load_26,2013-01-07 07:00:00,530.7,556.6544,3,8,496.62756,556.6544,601.61255
load_26,2013-01-07 08:00:00,668.7,690.0629,3,9,613.1791,690.0629,767.41504
load_26,2013-01-07 09:00:00,1342.2,1304.8542,3,10,1140.9954,1304.8542,1422.0695
load_26,2013-01-07 10:00:00,2311.5,2394.8823,3,11,2186.8984,2394.8823,2539.77
load_26,2013-01-07 11:00:00,2805.3,2846.2825,3,12,2671.8184,2846.2825,2942.8286
load_26,2013-01-07 12:00:00,2890.2,2887.9746,3,13,2716.101,2887.9746,2991.4082
load_26,2013-01-07 13:00:00,2870.7,2881.4468,3,14,2687.3352,2881.4468,2986.4583
load_26,2013-01-07 14:00:00,2820.6,2875.9094,3,15,2735.4001,2875.9094,2989.2969
load_26,2013-01-07 15:00:00,2763.9,2851.1748,3,16,2712.7776,2851.1748,2960.5977
load_26,2013-01-07 16:00:00,2739.3,2870.1938,3,17,2666.706,2870.1938,2977.6152
load_26,2013-01-07 17:00:00,2793.6,2858.249,3,18,2698.4995,2858.249,2982.0122
load_26,2013-01-07 18:00:00,2794.5,2844.2446,3,19,2662.065,2844.2446,2985.4336
load_26,2013-01-07 19:00:00,2730.9,2824.7085,3,20,2574.721,2824.7085,2960.5923
load_26,2013-01-07 20:00:00,2373.3,2670.6272,3,21,2369.982,2670.6272,2836.0588
load_26,2013-01-07 21:00:00,1286.7,1415.8223,3,22,1196.4664,1415.8223,1601.2148
load_26,2013-01-07 22:00:00,1053.9,1048.4119,3,23,909.7417,1048.4119,1217.907
load_26,2013-01-07 23:00:00,684.9,764.91284,3,24,669.2779,764.91284,879.90936
load_26,2013-01-08 00:00:00,643.2,622.60144,4,1,566.9796,622.60144,663.05444
load_26,2013-01-08 01:00:00,641.7,574.28577,4,2,516.69385,574.28577,624.5327
load_26,2013-01-08 02:00:00,495.3,514.7007,4,3,456.3457,514.7007,551.59033
load_26,2013-01-08 03:00:00,483.0,467.6278,4,4,416.5697,467.6278,510.4641
load_26,2013-01-08 04:00:00,548.7,466.505,4,5,417.41187,466.505,504.9668
load_26,2013-01-08 05:00:00,528.6,482.29883,4,6,431.2251,482.29883,517.5897
load_26,2013-01-08 06:00:00,530.7,498.38025,4,7,446.24292,498.38025,532.12415
load_26,2013-01-08 07:00:00,541.8,536.8207,4,8,479.28027,536.8207,573.1383
load_26,2013-01-08 08:00:00,719.4,660.6281,4,9,594.3074,660.6281,710.22687
load_26,2013-01-08 09:00:00,1303.2,1320.0817,4,10,1216.2987,1320.0817,1398.0564
load_26,2013-01-08 10:00:00,2343.0,2360.8599,4,11,2216.7192,2360.8599,2477.0046
load_26,2013-01-08 11:00:00,2895.9,2815.271,4,12,2706.439,2815.271,2889.9673
load_26,2013-01-08 12:00:00,2841.0,2858.7441,4,13,2762.6367,2858.7441,2936.9912
load_26,2013-01-08 13:00:00,2835.9,2843.9817,4,14,2742.7373,2843.9817,2922.8547
load_26,2013-01-08 14:00:00,2779.8,2818.7192,4,15,2732.447,2818.7192,2918.229
load_26,2013-01-08 15:00:00,2735.1,2802.3447,4,16,2708.129,2802.3447,2887.1199
load_26,2013-01-08 16:00:00,2769.9,2824.4355,4,17,2716.8906,2824.4355,2907.2559
load_26,2013-01-08 17:00:00,2790.3,2819.4312,4,18,2718.6108,2819.4312,2912.177
load_26,2013-01-08 18:00:00,2807.1,2803.3638,4,19,2693.921,2803.3638,2911.359
load_26,2013-01-08 19:00:00,2755.8,2785.0884,4,20,2654.6135,2785.0884,2880.9856
load_26,2013-01-08 20:00:00,2450.4,2613.0896,4,21,2445.75,2613.0896,2735.4622
load_26,2013-01-08 21:00:00,1288.2,1386.2776,4,22,1246.2317,1386.2776,1506.8539
load_26,2013-01-08 22:00:00,1035.6,1010.28906,4,23,930.7888,1010.28906,1131.2332
load_26,2013-01-08 23:00:00,697.5,713.55975,4,24,653.6179,713.55975,792.1092
load_26,2013-01-09 00:00:00,659.7,626.787,5,1,568.08923,626.787,670.4468
load_26,2013-01-09 01:00:00,674.7,585.0874,5,2,524.31934,585.0874,644.8785
load_26,2013-01-09 02:00:00,505.2,516.3386,5,3,455.49878,516.3386,556.2422
load_26,2013-01-09 03:00:00,446.7,472.60022,5,4,417.417,472.60022,519.03906
load_26,2013-01-09 04:00:00,455.7,474.89453,5,5,424.24463,474.89453,518.43835
load_26,2013-01-09 05:00:00,454.5,486.4048,5,6,434.82336,486.4048,526.00037
load_26,2013-01-09 06:00:00,483.6,496.28174,5,7,442.21765,496.28174,534.5281
load_26,2013-01-09 07:00:00,506.4,532.99,5,8,472.21875,532.99,573.6444
load_26,2013-01-09 08:00:00,591.6,697.6946,5,9,628.58826,697.6946,760.0389
load_26,2013-01-09 09:00:00,804.6,1306.5815,5,10,1220.7822,1306.5815,1374.628
load_26,2013-01-09 10:00:00,1886.4,2303.2915,5,11,2181.111,2303.2915,2411.2412
load_26,2013-01-09 11:00:00,2331.6,2790.6633,5,12,2691.5752,2790.6633,2859.4302
load_26,2013-01-09 12:00:00,2301.9,2836.2393,5,13,2746.4321,2836.2393,2909.4175
load_26,2013-01-09 13:00:00,2307.0,2829.7715,5,14,2742.5361,2829.7715,2903.1846
load_26,2013-01-09 14:00:00,2283.0,2803.4734,5,15,2723.787,2803.4734,2892.511
load_26,2013-01-09 15:00:00,2263.2,2784.2754,5,16,2696.5664,2784.2754,2864.3823
load_26,2013-01-09 16:00:00,2246.7,2797.1309,5,17,2692.9136,2797.1309,2881.1455
load_26,2013-01-09 17:00:00,2349.0,2801.0122,5,18,2700.387,2801.0122,2892.1023
load_26,2013-01-09 18:00:00,2339.7,2784.9292,5,19,2678.1345,2784.9292,2891.9087
load_26,2013-01-09 19:00:00,2301.3,2762.1948,5,20,2636.23,2762.1948,2855.378
load_26,2013-01-09 20:00:00,1908.6,2517.132,5,21,2357.6526,2517.132,2643.4397
load_26,2013-01-09 21:00:00,780.0,1308.9023,5,22,1179.4692,1308.9023,1431.7188
load_26,2013-01-09 22:00:00,645.6,1008.4064,5,23,924.5895,1008.4064,1131.0088
load_26,2013-01-09 23:00:00,599.1,714.6074,5,24,650.84076,714.6074,797.43713
load_26,2013-01-10 00:00:00,591.9,543.36,6,1,474.20593,543.36,617.7931
load_26,2013-01-10 01:00:00,606.6,531.8583,6,2,457.40515,531.8583,610.4005
load_26,2013-01-10 02:00:00,465.0,503.93872,6,3,433.34167,503.93872,563.25745
load_26,2013-01-10 03:00:00,422.1,473.98303,6,4,409.52295,473.98303,540.2606
load_26,2013-01-10 04:00:00,405.3,469.71472,6,5,402.03137,469.71472,537.0781
load_26,2013-01-10 05:00:00,420.3,481.50146,6,6,405.50696,481.50146,549.7732
load_26,2013-01-10 06:00:00,463.5,493.65405,6,7,419.0348,493.65405,568.3032
load_26,2013-01-10 07:00:00,567.3,501.75635,6,8,430.24902,501.75635,589.526
load_26,2013-01-10 08:00:00,861.6,569.9332,6,9,474.13684,569.9332,690.2444
load_26,2013-01-10 09:00:00,1178.4,988.58093,6,10,759.7409,988.58093,1219.7289
load_26,2013-01-10 10:00:00,2095.2,1997.4668,6,11,1687.6543,1997.4668,2260.9434
load_26,2013-01-10 11:00:00,2918.7,2450.0571,6,12,2083.4912,2450.0571,2705.2778
load_26,2013-01-10 12:00:00,2842.2,2464.951,6,13,2091.4426,2464.951,2724.5679
load_26,2013-01-10 13:00:00,2853.9,2476.663,6,14,2114.0898,2476.663,2735.026
load_26,2013-01-10 14:00:00,2868.3,2455.6113,6,15,2104.9705,2455.6113,2726.2842
load_26,2013-01-10 15:00:00,2849.1,2445.8096,6,16,2096.733,2445.8096,2697.9756
load_26,2013-01-10 16:00:00,2767.2,2464.824,6,17,2106.339,2464.824,2715.5605
load_26,2013-01-10 17:00:00,2868.3,2511.1414,6,18,2163.5107,2511.1414,2767.2183
load_26,2013-01-10 18:00:00,2874.3,2502.4988,6,19,2139.2522,2502.4988,2783.1177
load_26,2013-01-10 19:00:00,2811.6,2470.4043,6,20,2091.166,2470.4043,2755.7478
load_26,2013-01-10 20:00:00,2335.5,2217.0293,6,21,1816.1698,2217.0293,2530.9744
load_26,2013-01-10 21:00:00,1295.7,1064.4009,6,22,804.5428,1064.4009,1350.7842
load_26,2013-01-10 22:00:00,1100.4,826.662,6,23,665.7542,826.662,1053.002
load_26,2013-01-10 23:00:00,704.7,627.1878,6,24,523.7064,627.1878,739.37775
load_26,2013-01-11 00:00:00,613.5,658.20905,7,1,601.0358,658.20905,708.9367
load_26,2013-01-11 01:00:00,634.2,614.72705,7,2,544.19226,614.72705,695.93744
load_26,2013-01-11 02:00:00,482.4,521.1929,7,3,454.463,521.1929,568.33997
load_26,2013-01-11 03:00:00,438.0,473.98438,7,4,414.19922,473.98438,529.4188
load_26,2013-01-11 04:00:00,465.3,476.0182,7,5,418.42395,476.0182,529.88074
load_26,2013-01-11 05:00:00,478.5,483.59912,7,6,422.9154,483.59912,531.7516
load_26,2013-01-11 06:00:00,510.6,498.1725,7,7,436.62854,498.1725,550.94226
load_26,2013-01-11 07:00:00,571.5,565.22815,7,8,490.64978,565.22815,614.1206
load_26,2013-01-11 08:00:00,670.5,728.8536,7,9,630.6696,728.8536,820.1019
load_26,2013-01-11 09:00:00,1283.4,1285.8484,7,10,1144.6956,1285.8484,1390.4554
load_26,2013-01-11 10:00:00,2458.8,2268.0747,7,11,2090.9639,2268.0747,2414.6206
load_26,2013-01-11 11:00:00,2943.6,2806.6587,7,12,2653.4587,2806.6587,2906.4307
load_26,2013-01-11 12:00:00,2913.0,2840.3374,7,13,2689.772,2840.3374,2948.3503
load_26,2013-01-11 13:00:00,2934.6,2843.1562,7,14,2675.606,2843.1562,2955.8467
load_26,2013-01-11 14:00:00,2913.3,2830.775,7,15,2694.9668,2830.775,2957.4438
load_26,2013-01-11 15:00:00,2830.2,2803.9219,7,16,2670.6853,2803.9219,2918.0347
load_26,2013-01-11 16:00:00,2865.9,2799.6128,7,17,2629.0237,2799.6128,2917.1309
load_26,2013-01-11 17:00:00,2928.9,2809.2932,7,18,2661.2524,2809.2932,2942.2583
load_26,2013-01-11 18:00:00,2932.2,2804.7634,7,19,2644.7498,2804.7634,2953.7915
load_26,2013-01-11 19:00:00,2886.6,2775.2896,7,20,2565.9365,2775.2896,2927.7727
load_26,2013-01-11 20:00:00,2840.1,2487.9644,7,21,2222.1223,2487.9644,2665.4087
load_26,2013-01-11 21:00:00,1684.5,1344.0172,7,22,1155.0322,1344.0172,1515.946
load_26,2013-01-11 22:00:00,1091.1,1035.6846,7,23,912.44495,1035.6846,1195.4528
load_26,2013-01-11 23:00:00,747.3,752.8298,7,24,659.1806,752.8298,872.1734
load_26,2013-01-14 00:00:00,659.1,665.0463,8,1,597.3504,665.0463,726.3799
load_26,2013-01-14 01:00:00,635.4,615.02924,8,2,541.9236,615.02924,699.7454
load_26,2013-01-14 02:00:00,472.8,527.73303,8,3,464.36987,527.73303,572.41113
load_26,2013-01-14 03:00:00,415.8,475.84668,8,4,420.72473,475.84668,527.19446
load_26,2013-01-14 04:00:00,432.3,476.2517,8,5,422.7943,476.2517,528.12585
load_26,2013-01-14 05:00:00,470.4,486.66528,8,6,431.59314,486.66528,529.70056
load_26,2013-01-14 06:00:00,496.8,504.4242,8,7,446.6421,504.4242,552.17944
load_26,2013-01-14 07:00:00,549.3,542.35364,8,8,476.9806,542.35364,591.6986
load_26,2013-01-14 08:00:00,642.3,697.6172,8,9,611.81946,697.6172,779.9306
load_26,2013-01-14 09:00:00,1228.5,1307.7576,8,10,1171.577,1307.7576,1409.0144
load_26,2013-01-14 10:00:00,2384.4,2329.744,8,11,2144.5557,2329.744,2473.1482
load_26,2013-01-14 11:00:00,2809.2,2852.633,8,12,2691.807,2852.633,2957.4194
load_26,2013-01-14 12:00:00,2775.9,2870.4988,8,13,2711.599,2870.4988,2980.7026
load_26,2013-01-14 13:00:00,2734.2,2862.9126,8,14,2691.5344,2862.9126,2974.6772
load_26,2013-01-14 14:00:00,2701.8,2846.3499,8,15,2709.1538,2846.3499,2971.3682
load_26,2013-01-14 15:00:00,2621.4,2804.321,8,16,2667.2847,2804.321,2921.1147
load_26,2013-01-14 16:00:00,2607.9,2820.2822,8,17,2611.9856,2820.2822,2945.187
load_26,2013-01-14 17:00:00,2686.5,2821.763,8,18,2659.4526,2821.763,2959.9023
load_26,2013-01-14 18:00:00,2761.5,2808.7349,8,19,2626.717,2808.7349,2964.9937
load_26,2013-01-14 19:00:00,2668.5,2791.2964,8,20,2547.1543,2791.2964,2948.7676
load_26,2013-01-14 20:00:00,2286.9,2550.5227,8,21,2245.9932,2550.5227,2736.726
load_26,2013-01-14 21:00:00,1175.4,1418.2421,8,22,1198.7177,1418.2421,1610.2415
load_26,2013-01-14 22:00:00,1003.2,1080.3582,8,23,939.39435,1080.3582,1252.7208
load_26,2013-01-14 23:00:00,717.0,740.56915,8,24,642.82495,740.56915,862.60394
load_26,2013-01-15 00:00:00,662.4,613.291,9,1,550.9005,613.291,660.1144
load_26,2013-01-15 01:00:00,678.3,573.41064,9,2,502.47437,573.41064,647.4583
load_26,2013-01-15 02:00:00,536.1,494.3673,9,3,431.16968,494.3673,538.94434
load_26,2013-01-15 03:00:00,472.5,450.97583,9,4,397.72278,450.97583,505.11646
load_26,2013-01-15 04:00:00,490.8,455.0963,9,5,399.45056,455.0963,507.87036
load_26,2013-01-15 05:00:00,497.4,469.65527,9,6,410.23804,469.65527,519.4491
load_26,2013-01-15 06:00:00,537.9,486.52075,9,7,428.24756,486.52075,539.54395
load_26,2013-01-15 07:00:00,545.1,529.2705,9,8,460.13196,529.2705,584.217
load_26,2013-01-15 08:00:00,640.8,636.7244,9,9,552.8699,636.7244,724.6674
load_26,2013-01-15 09:00:00,1239.0,1186.7644,9,10,1013.33673,1186.7644,1326.1542
load_26,2013-01-15 10:00:00,2381.7,2230.4075,9,11,1995.3698,2230.4075,2417.734
load_26,2013-01-15 11:00:00,2846.1,2698.3105,9,12,2484.9702,2698.3105,2848.2012
load_26,2013-01-15 12:00:00,2811.9,2726.7146,9,13,2496.1912,2726.7146,2888.4585
load_26,2013-01-15 13:00:00,2755.2,2729.5845,9,14,2473.3555,2729.5845,2894.6167
load_26,2013-01-15 14:00:00,2720.1,2707.1475,9,15,2489.684,2707.1475,2890.5327
load_26,2013-01-15 15:00:00,2669.1,2668.9775,9,16,2448.2988,2668.9775,2843.9658
load_26,2013-01-15 16:00:00,2699.7,2659.9604,9,17,2387.3875,2659.9604,2837.939
load_26,2013-01-15 17:00:00,2739.9,2705.77,9,18,2474.367,2705.77,2888.1995
load_26,2013-01-15 18:00:00,2772.9,2692.6782,9,19,2452.5015,2692.6782,2896.895
load_26,2013-01-15 19:00:00,2755.5,2679.893,9,20,2373.1045,2679.893,2897.878
load_26,2013-01-15 20:00:00,2560.8,2449.9631,9,21,2075.1836,2449.9631,2693.419
load_26,2013-01-15 21:00:00,1205.1,1299.6757,9,22,1064.4409,1299.6757,1522.2758
load_26,2013-01-15 22:00:00,997.8,989.48535,9,23,839.78265,989.48535,1173.3263
load_26,2013-01-15 23:00:00,711.0,709.0816,9,24,609.49854,709.0816,819.1359
load_26,2013-01-16 00:00:00,635.7,659.42303,10,1,588.0669,659.42303,725.9622
load_26,2013-01-16 01:00:00,625.8,614.849,10,2,536.6632,614.849,705.43176
load_26,2013-01-16 02:00:00,478.2,528.07715,10,3,459.49927,528.07715,578.81146
load_26,2013-01-16 03:00:00,435.6,482.0896,10,4,422.40454,482.0896,540.1068
load_26,2013-01-16 04:00:00,450.0,477.21948,10,5,418.88013,477.21948,533.89685
load_26,2013-01-16 05:00:00,466.8,495.37476,10,6,434.69128,495.37476,546.7534
load_26,2013-01-16 06:00:00,499.5,511.17993,10,7,449.97974,511.17993,569.1456
load_26,2013-01-16 07:00:00,570.6,541.0697,10,8,473.12378,541.0697,598.6584
load_26,2013-01-16 08:00:00,639.6,678.6452,10,9,589.52686,678.6452,765.1907
load_26,2013-01-16 09:00:00,1329.0,1226.485,10,10,1065.0132,1226.485,1345.6101
load_26,2013-01-16 10:00:00,2410.5,2293.0112,10,11,2089.1895,2293.0112,2442.5935
load_26,2013-01-16 11:00:00,2818.2,2768.975,10,12,2594.368,2768.975,2879.9453
load_26,2013-01-16 12:00:00,2698.8,2771.415,10,13,2593.7583,2771.415,2888.482
load_26,2013-01-16 13:00:00,2740.8,2758.4404,10,14,2557.7678,2758.4404,2882.06
load_26,2013-01-16 14:00:00,2655.0,2716.9246,10,15,2565.2603,2716.9246,2866.204
load_26,2013-01-16 15:00:00,2610.3,2686.1543,10,16,2522.1692,2686.1543,2821.58
load_26,2013-01-16 16:00:00,2615.7,2701.4575,10,17,2479.9717,2701.4575,2836.455
load_26,2013-01-16 17:00:00,2737.2,2726.0283,10,18,2556.1362,2726.0283,2862.025
load_26,2013-01-16 18:00:00,2733.6,2715.1504,10,19,2540.559,2715.1504,2870.8003
load_26,2013-01-16 19:00:00,2655.9,2701.9785,10,20,2467.2659,2701.9785,2853.85
load_26,2013-01-16 20:00:00,2342.4,2437.0227,10,21,2148.9863,2437.0227,2620.8853
load_26,2013-01-16 21:00:00,1169.4,1252.9814,10,22,1064.5986,1252.9814,1434.3483
load_26,2013-01-16 22:00:00,976.5,1013.1117,10,23,882.05994,1013.1117,1177.6963
load_26,2013-01-16 23:00:00,727.8,730.77814,10,24,635.96906,730.77814,845.595
load_26,2013-01-17 00:00:00,662.4,636.1586,11,1,572.75006,636.1586,686.46045
load_26,2013-01-17 01:00:00,640.5,605.2467,11,2,531.9116,605.2467,687.8585
load_26,2013-01-17 02:00:00,468.0,516.3176,11,3,452.7765,516.3176,562.23096
load_26,2013-01-17 03:00:00,422.7,467.87427,11,4,413.19434,467.87427,521.2063
load_26,2013-01-17 04:00:00,443.4,466.81006,11,5,412.32227,466.81006,518.7246
load_26,2013-01-17 05:00:00,485.1,488.5083,11,6,431.3678,488.5083,535.932
load_26,2013-01-17 06:00:00,514.5,510.1089,11,7,452.5315,510.1089,564.6509
load_26,2013-01-17 07:00:00,600.3,561.1345,11,8,487.76294,561.1345,611.9136
load_26,2013-01-17 08:00:00,703.5,670.86414,11,9,586.3417,670.86414,750.38336
load_26,2013-01-17 09:00:00,1314.9,1208.0845,11,10,1044.5496,1208.0845,1330.109
load_26,2013-01-17 10:00:00,2384.4,2291.6677,11,11,2071.0146,2291.6677,2450.9675
load_26,2013-01-17 11:00:00,2783.7,2706.7935,11,12,2515.4907,2706.7935,2836.1892
load_26,2013-01-17 12:00:00,2739.3,2711.548,11,13,2515.0583,2711.548,2846.7856
load_26,2013-01-17 13:00:00,2724.3,2712.414,11,14,2492.4976,2712.414,2854.2021
load_26,2013-01-17 14:00:00,2723.4,2667.815,11,15,2487.4072,2667.815,2837.75
load_26,2013-01-17 15:00:00,2697.3,2643.0815,11,16,2458.5574,2643.0815,2795.995
load_26,2013-01-17 16:00:00,2688.6,2657.3179,11,17,2412.0737,2657.3179,2802.9778
load_26,2013-01-17 17:00:00,2423.4,2696.729,11,18,2509.4207,2696.729,2847.7612
load_26,2013-01-17 18:00:00,2234.7,2683.8447,11,19,2491.9336,2683.8447,2852.2166
load_26,2013-01-17 19:00:00,2784.9,2667.5217,11,20,2392.3638,2667.5217,2842.7842
load_26,2013-01-17 20:00:00,2591.7,2430.7485,11,21,2098.8096,2430.7485,2637.2385
load_26,2013-01-17 21:00:00,1233.9,1222.7225,11,22,1028.6504,1222.7225,1401.8972
load_26,2013-01-17 22:00:00,1009.5,974.3498,11,23,843.70215,974.3498,1139.7281
load_26,2013-01-17 23:00:00,741.0,720.85345,11,24,627.5277,720.85345,831.8051
load_26,2013-01-18 00:00:00,675.0,667.20825,12,1,593.47864,667.20825,732.44183
load_26,2013-01-18 01:00:00,668.1,610.734,12,2,530.93616,610.734,709.15967
load_26,2013-01-18 02:00:00,482.4,527.1924,12,3,461.36414,527.1924,574.48224
load_26,2013-01-18 03:00:00,419.1,478.15674,12,4,421.14587,478.15674,533.5725
load_26,2013-01-18 04:00:00,437.1,477.80273,12,5,419.7987,477.80273,534.0558
load_26,2013-01-18 05:00:00,455.7,497.91467,12,6,437.67932,497.91467,549.2965
load_26,2013-01-18 06:00:00,494.1,519.152,12,7,457.66577,519.152,578.01825
load_26,2013-01-18 07:00:00,529.8,558.499,12,8,486.63464,558.499,615.51495
load_26,2013-01-18 08:00:00,653.4,665.8111,12,9,577.4369,665.8111,766.6802
load_26,2013-01-18 09:00:00,1755.6,1224.9142,12,10,1029.1736,1224.9142,1377.8306
load_26,2013-01-18 10:00:00,2131.8,2292.0103,12,11,2026.2454,2292.0103,2480.6406
load_26,2013-01-18 11:00:00,2445.3,2739.8262,12,12,2511.8127,2739.8262,2883.8115
load_26,2013-01-18 12:00:00,2750.4,2715.4854,12,13,2469.8623,2715.4854,2867.3306
load_26,2013-01-18 13:00:00,2750.1,2715.207,12,14,2447.8423,2715.207,2868.184
load_26,2013-01-18 14:00:00,2720.7,2698.092,12,15,2472.9924,2698.092,2868.8057
load_26,2013-01-18 15:00:00,2706.6,2676.3823,12,16,2427.8699,2676.3823,2841.829
load_26,2013-01-18 16:00:00,2761.2,2692.3135,12,17,2375.0234,2692.3135,2843.7598
load_26,2013-01-18 17:00:00,2843.4,2686.1606,12,18,2361.6702,2686.1606,2871.3113
load_26,2013-01-18 18:00:00,2839.5,2672.8284,12,19,2304.6821,2672.8284,2883.6404
load_26,2013-01-18 19:00:00,2771.4,2698.712,12,20,2333.8179,2698.712,2914.0593
load_26,2013-01-18 20:00:00,2716.5,2486.2747,12,21,2070.1372,2486.2747,2721.8455
load_26,2013-01-18 21:00:00,1594.8,1252.1512,12,22,1004.15753,1252.1512,1477.1143
load_26,2013-01-18 22:00:00,1003.5,999.2683,12,23,831.05743,999.2683,1195.0594
load_26,2013-01-18 23:00:00,720.3,747.1806,12,24,632.3771,747.1806,875.1687
load_26,2013-01-21 00:00:00,615.0,661.64435,13,1,579.453,661.64435,739.5567
load_26,2013-01-21 01:00:00,636.6,607.6781,13,2,520.9717,607.6781,709.0966
load_26,2013-01-21 02:00:00,476.4,521.68115,13,3,447.57202,521.68115,574.65076
load_26,2013-01-21 03:00:00,425.1,464.25964,13,4,403.2163,464.25964,523.52637
load_26,2013-01-21 04:00:00,436.5,461.13342,13,5,397.18457,461.13342,521.6481
load_26,2013-01-21 05:00:00,460.5,481.1869,13,6,416.37134,481.1869,538.131
load_26,2013-01-21 06:00:00,496.2,509.61328,13,7,443.65784,509.61328,576.77563
load_26,2013-01-21 07:00:00,544.8,566.28174,13,8,481.10327,566.28174,628.4335
load_26,2013-01-21 08:00:00,624.9,683.1965,13,9,586.2611,683.1965,802.6886
load_26,2013-01-21 09:00:00,1679.4,1372.4691,13,10,1176.0557,1372.4691,1550.9987
load_26,2013-01-21 10:00:00,2121.6,2323.3528,13,11,2085.81,2323.3528,2523.5674
load_26,2013-01-21 11:00:00,2255.7,2707.912,13,12,2505.2866,2707.912,2860.0376
load_26,2013-01-21 12:00:00,2643.6,2736.482,13,13,2533.923,2736.482,2896.2861
load_26,2013-01-21 13:00:00,2674.5,2728.7847,13,14,2501.7231,2728.7847,2891.7344
load_26,2013-01-21 14:00:00,2644.2,2707.5696,13,15,2537.0454,2707.5696,2886.5576
load_26,2013-01-21 15:00:00,2577.9,2677.4944,13,16,2502.5864,2677.4944,2842.664
load_26,2013-01-21 16:00:00,2589.3,2700.5618,13,17,2453.3284,2700.5618,2852.7832
load_26,2013-01-21 17:00:00,2609.1,2702.2603,13,18,2493.8608,2702.2603,2876.879
load_26,2013-01-21 18:00:00,2579.1,2677.6519,13,19,2441.7239,2677.6519,2874.7068
load_26,2013-01-21 19:00:00,2565.3,2700.3372,13,20,2419.1995,2700.3372,2914.4834
load_26,2013-01-21 20:00:00,2336.1,2538.764,13,21,2177.4583,2538.764,2782.9824
load_26,2013-01-21 21:00:00,1034.7,1310.9509,13,22,1085.8718,1310.9509,1559.966
load_26,2013-01-21 22:00:00,841.2,1014.26624,13,23,867.7072,1014.26624,1217.2628
load_26,2013-01-21 23:00:00,602.1,764.64325,13,24,661.76166,764.64325,907.7768
load_26,2013-01-22 00:00:00,606.0,585.3095,14,1,505.8755,585.3095,653.99664
load_26,2013-01-22 01:00:00,608.4,556.6041,14,2,483.9568,556.6041,628.0548
load_26,2013-01-22 02:00:00,456.9,506.2881,14,3,437.37427,506.2881,557.89685
load_26,2013-01-22 03:00:00,419.4,460.64966,14,4,402.33582,460.64966,519.5558
load_26,2013-01-22 04:00:00,438.6,461.8728,14,5,399.80444,461.8728,520.25073
load_26,2013-01-22 05:00:00,458.7,480.90503,14,6,413.698,480.90503,534.8761
load_26,2013-01-22 06:00:00,488.1,496.95203,14,7,433.19397,496.95203,560.81726
load_26,2013-01-22 07:00:00,558.0,525.6439,14,8,455.25354,525.6439,598.5713
load_26,2013-01-22 08:00:00,640.5,608.5657,14,9,520.31104,608.5657,736.68085
load_26,2013-01-22 09:00:00,1619.1,1418.5529,14,10,1177.4229,1418.5529,1629.8237
load_26,2013-01-22 10:00:00,1954.8,2186.7935,14,11,1929.8102,2186.7935,2403.2866
load_26,2013-01-22 11:00:00,2154.6,2505.6226,14,12,2261.347,2505.6226,2689.349
load_26,2013-01-22 12:00:00,2466.6,2601.9165,14,13,2390.6924,2601.9165,2769.5483
load_26,2013-01-22 13:00:00,2563.2,2631.037,14,14,2401.5962,2631.037,2796.2822
load_26,2013-01-22 14:00:00,2540.7,2599.8486,14,15,2418.3047,2599.8486,2781.2764
load_26,2013-01-22 15:00:00,2541.6,2573.1997,14,16,2386.6445,2573.1997,2747.376
load_26,2013-01-22 16:00:00,2522.1,2597.9263,14,17,2342.3916,2597.9263,2749.3594
load_26,2013-01-22 17:00:00,2574.9,2602.4697,14,18,2361.1387,2602.4697,2768.8062
load_26,2013-01-22 18:00:00,2578.2,2575.1467,14,19,2299.4673,2575.1467,2767.0693
load_26,2013-01-22 19:00:00,2498.4,2597.9878,14,20,2306.8528,2597.9878,2801.2822
load_26,2013-01-22 20:00:00,2055.3,2424.7134,14,21,2077.3538,2424.7134,2654.8774
load_26,2013-01-22 21:00:00,1034.4,1178.5946,14,22,966.16327,1178.5946,1402.2323
load_26,2013-01-22 22:00:00,873.6,904.629,14,23,758.9718,904.629,1096.8523
load_26,2013-01-22 23:00:00,657.9,681.2646,14,24,580.43225,681.2646,787.527
load_26,2013-01-23 00:00:00,543.6,584.1385,15,1,509.1454,584.1385,638.34357
load_26,2013-01-23 01:00:00,535.5,565.07874,15,2,489.26978,565.07874,637.9802
load_26,2013-01-23 02:00:00,390.9,494.90088,15,3,426.4845,494.90088,543.8992
load_26,2013-01-23 03:00:00,348.3,445.7522,15,4,387.28857,445.7522,500.05347
load_26,2013-01-23 04:00:00,342.0,457.80225,15,5,396.8589,457.80225,513.25903
load_26,2013-01-23 05:00:00,364.8,481.4027,15,6,415.98718,481.4027,535.11255
load_26,2013-01-23 06:00:00,372.6,497.20117,15,7,432.93225,497.20117,563.55615
load_26,2013-01-23 07:00:00,389.4,542.3297,15,8,460.7699,542.3297,605.27814
load_26,2013-01-23 08:00:00,468.3,617.67065,15,9,529.41125,617.67065,725.1336
load_26,2013-01-23 09:00:00,1189.2,1487.2513,15,10,1292.1045,1487.2513,1682.696
load_26,2013-01-23 10:00:00,1645.8,2083.192,15,11,1863.7404,2083.192,2282.629
load_26,2013-01-23 11:00:00,1907.7,2350.0264,15,12,2113.8538,2350.0264,2551.1492
load_26,2013-01-23 12:00:00,2103.0,2520.2493,15,13,2311.6372,2520.2493,2678.024
load_26,2013-01-23 13:00:00,2190.0,2572.144,15,14,2361.7622,2572.144,2727.5215
load_26,2013-01-23 14:00:00,2114.1,2533.0498,15,15,2371.119,2533.0498,2710.853
load_26,2013-01-23 15:00:00,2070.0,2514.682,15,16,2346.1406,2514.682,2677.4055
load_26,2013-01-23 16:00:00,2123.1,2535.6833,15,17,2329.801,2535.6833,2675.9363
load_26,2013-01-23 17:00:00,2178.9,2543.113,15,18,2358.1035,2543.113,2696.002
load_26,2013-01-23 18:00:00,2203.5,2511.232,15,19,2295.3843,2511.232,2688.0889
load_26,2013-01-23 19:00:00,2151.6,2529.1812,15,20,2292.341,2529.1812,2710.6401
load_26,2013-01-23 20:00:00,2045.4,2282.6165,15,21,1998.4634,2282.6165,2491.3257
load_26,2013-01-23 21:00:00,795.0,1092.4076,15,22,925.9022,1092.4076,1272.9386
load_26,2013-01-23 22:00:00,700.5,878.7282,15,23,760.7052,878.7282,1042.9976
load_26,2013-01-23 23:00:00,596.1,667.9051,15,24,578.81085,667.9051,772.3369
load_26,2013-01-24 00:00:00,582.3,504.58167,16,1,428.44446,504.58167,562.6396
load_26,2013-01-24 01:00:00,585.0,473.11182,16,2,396.5692,473.11182,545.8466
load_26,2013-01-24 02:00:00,461.4,417.61755,16,3,340.77417,417.61755,481.60645
load_26,2013-01-24 03:00:00,426.0,370.30188,16,4,301.04456,370.30188,442.60754
load_26,2013-01-24 04:00:00,420.9,376.1897,16,5,302.62964,376.1897,450.2738
load_26,2013-01-24 05:00:00,431.4,391.5044,16,6,311.08813,391.5044,470.55408
load_26,2013-01-24 06:00:00,451.8,398.6328,16,7,319.755,398.6328,488.32996
load_26,2013-01-24 07:00:00,520.8,411.062,16,8,331.7323,411.062,517.0904
load_26,2013-01-24 08:00:00,627.9,460.18762,16,9,365.52832,460.18762,577.5053
load_26,2013-01-24 09:00:00,1589.1,1265.907,16,10,1009.8918,1265.907,1517.8074
load_26,2013-01-24 10:00:00,2109.3,1702.2825,16,11,1444.2444,1702.2825,1964.4532
load_26,2013-01-24 11:00:00,2348.4,1955.5127,16,12,1664.8002,1955.5127,2228.6055
load_26,2013-01-24 12:00:00,2556.0,2143.3713,16,13,1858.6992,2143.3713,2403.154
load_26,2013-01-24 13:00:00,2492.4,2224.3193,16,14,1918.7189,2224.3193,2475.9568
load_26,2013-01-24 14:00:00,2473.2,2176.3901,16,15,1893.5151,2176.3901,2440.6523
load_26,2013-01-24 15:00:00,2446.2,2177.1907,16,16,1888.0762,2177.1907,2433.8127
load_26,2013-01-24 16:00:00,2480.4,2219.3896,16,17,1923.4819,2219.3896,2480.7551
load_26,2013-01-24 17:00:00,2567.4,2240.4668,16,18,1945.94,2240.4668,2519.4849
load_26,2013-01-24 18:00:00,2678.4,2231.3208,16,19,1923.8092,2231.3208,2530.7512
load_26,2013-01-24 19:00:00,2580.6,2231.5972,16,20,1902.916,2231.5972,2525.9807
load_26,2013-01-24 20:00:00,2217.9,2036.2002,16,21,1687.9537,2036.2002,2328.292
load_26,2013-01-24 21:00:00,1110.3,915.125,16,22,696.96246,915.125,1157.073
load_26,2013-01-24 22:00:00,890.1,725.7044,16,23,572.0559,725.7044,948.78064
load_26,2013-01-24 23:00:00,687.9,573.36127,16,24,447.80872,573.36127,719.49774
load_26,2013-01-25 00:00:00,546.0,635.3497,17,1,568.7445,635.3497,702.0852
load_26,2013-01-25 01:00:00,557.7,589.473,17,2,513.38654,589.473,674.7475
load_26,2013-01-25 02:00:00,457.2,492.735,17,3,418.39648,492.735,546.95056
load_26,2013-01-25 03:00:00,399.0,433.65808,17,4,365.5775,433.65808,496.51318
load_26,2013-01-25 04:00:00,402.9,443.62476,17,5,375.72534,443.62476,508.33313
load_26,2013-01-25 05:00:00,421.2,460.17627,17,6,388.87268,460.17627,525.8084
load_26,2013-01-25 06:00:00,448.8,472.55713,17,7,397.87598,472.55713,549.5919
load_26,2013-01-25 07:00:00,534.3,530.4974,17,8,435.8529,530.4974,604.4265
load_26,2013-01-25 08:00:00,742.5,633.92957,17,9,529.78235,633.92957,765.25305
load_26,2013-01-25 09:00:00,1340.4,1576.9951,17,10,1391.6682,1576.9951,1785.8555
load_26,2013-01-25 10:00:00,2019.9,2137.1584,17,11,1901.2031,2137.1584,2363.7896
load_26,2013-01-25 11:00:00,2436.9,2402.242,17,12,2155.2588,2402.242,2629.7866
load_26,2013-01-25 12:00:00,2812.2,2553.393,17,13,2341.5342,2553.393,2757.6758
load_26,2013-01-25 13:00:00,2828.4,2598.478,17,14,2347.333,2598.478,2806.371
load_26,2013-01-25 14:00:00,2721.0,2561.3276,17,15,2339.3552,2561.3276,2780.255
load_26,2013-01-25 15:00:00,2653.5,2551.4648,17,16,2349.11,2551.4648,2758.2322
load_26,2013-01-25 16:00:00,2661.9,2590.107,17,17,2335.3416,2590.107,2780.5698
load_26,2013-01-25 17:00:00,2648.4,2592.9712,17,18,2365.3567,2592.9712,2821.7983
load_26,2013-01-25 18:00:00,2650.8,2578.7778,17,19,2355.858,2578.7778,2825.5508
load_26,2013-01-25 19:00:00,2629.5,2588.8848,17,20,2300.305,2588.8848,2863.1
load_26,2013-01-25 20:00:00,2442.0,2399.542,17,21,2043.0099,2399.542,2683.8257
load_26,2013-01-25 21:00:00,1587.6,1170.5977,17,22,960.459,1170.5977,1416.0928
load_26,2013-01-25 22:00:00,944.1,926.6319,17,23,776.46686,926.6319,1136.8839
load_26,2013-01-25 23:00:00,628.8,717.3418,17,24,609.05225,717.3418,870.4819
load_26,2013-01-28 00:00:00,506.4,593.23236,18,1,515.54224,593.23236,660.34216
load_26,2013-01-28 01:00:00,465.6,559.2397,18,2,480.5561,559.2397,636.82654
load_26,2013-01-28 02:00:00,455.1,485.34985,18,3,414.82593,485.34985,538.75507
load_26,2013-01-28 03:00:00,418.2,433.3059,18,4,373.25403,433.3059,491.3086
load_26,2013-01-28 04:00:00,434.4,438.95544,18,5,376.8789,438.95544,499.00073
load_26,2013-01-28 05:00:00,434.1,450.6587,18,6,384.6859,450.6587,506.23798
load_26,2013-01-28 06:00:00,475.5,465.4281,18,7,398.8274,465.4281,533.5108
load_26,2013-01-28 07:00:00,546.6,522.8081,18,8,438.8816,522.8081,590.7942
load_26,2013-01-28 08:00:00,702.9,614.0479,18,9,522.4909,614.0479,740.7588
load_26,2013-01-28 09:00:00,1299.6,1579.0554,18,10,1385.5435,1579.0554,1770.3845
load_26,2013-01-28 10:00:00,2006.7,2079.04,18,11,1858.6943,2079.04,2281.7883
load_26,2013-01-28 11:00:00,2386.8,2377.0095,18,12,2142.0198,2377.0095,2584.9546
load_26,2013-01-28 12:00:00,2693.7,2605.7073,18,13,2406.8118,2605.7073,2787.2207
load_26,2013-01-28 13:00:00,2766.6,2644.0186,18,14,2412.8135,2644.0186,2825.0156
load_26,2013-01-28 14:00:00,2713.2,2633.9165,18,15,2433.9553,2633.9165,2813.3975
load_26,2013-01-28 15:00:00,2524.5,2585.7085,18,16,2401.828,2585.7085,2767.9897
load_26,2013-01-28 16:00:00,2583.0,2586.8188,18,17,2334.9414,2586.8188,2757.3157
load_26,2013-01-28 17:00:00,2613.0,2574.6746,18,18,2345.8281,2574.6746,2784.2085
load_26,2013-01-28 18:00:00,2621.1,2558.2114,18,19,2320.1155,2558.2114,2788.7363
load_26,2013-01-28 19:00:00,2560.5,2569.635,18,20,2281.3086,2569.635,2816.4497
load_26,2013-01-28 20:00:00,2272.5,2347.7188,18,21,1994.276,2347.7188,2614.5742
load_26,2013-01-28 21:00:00,1215.3,1190.7911,18,22,962.9368,1190.7911,1439.4454
load_26,2013-01-28 22:00:00,825.3,899.6028,18,23,738.671,899.6028,1107.6107
load_26,2013-01-28 23:00:00,561.3,697.4863,18,24,582.8589,697.4863,853.5991
load_26,2013-01-29 00:00:00,483.6,527.7242,19,1,467.9245,527.7242,569.9471
load_26,2013-01-29 01:00:00,477.9,499.81927,19,2,436.1454,499.81927,555.51965
load_26,2013-01-29 02:00:00,459.9,454.98572,19,3,389.95007,454.98572,500.50378
load_26,2013-01-29 03:00:00,408.3,410.6244,19,4,356.17798,410.6244,461.6754
load_26,2013-01-29 04:00:00,436.8,419.27856,19,5,362.0338,419.27856,472.2152
load_26,2013-01-29 05:00:00,444.6,438.49304,19,6,376.57788,438.49304,491.391
load_26,2013-01-29 06:00:00,467.4,458.177,19,7,396.4812,458.177,523.03436
load_26,2013-01-29 07:00:00,515.7,513.47406,19,8,428.81982,513.47406,574.15295
load_26,2013-01-29 08:00:00,637.8,605.8772,19,9,514.4742,605.8772,718.42285
load_26,2013-01-29 09:00:00,1308.9,1448.765,19,10,1267.2455,1448.765,1641.7052
load_26,2013-01-29 10:00:00,2064.6,1936.0248,19,11,1735.3757,1936.0248,2133.9724
load_26,2013-01-29 11:00:00,2411.1,2196.491,19,12,1989.0408,2196.491,2401.2466
load_26,2013-01-29 12:00:00,2643.9,2478.8438,19,13,2254.5579,2478.8438,2662.3748
load_26,2013-01-29 13:00:00,2635.2,2529.8013,19,14,2276.9417,2529.8013,2718.2534
load_26,2013-01-29 14:00:00,2545.2,2476.8872,19,15,2243.124,2476.8872,2683.4688
load_26,2013-01-29 15:00:00,2477.4,2429.2876,19,16,2201.5674,2429.2876,2629.972
load_26,2013-01-29 16:00:00,2533.2,2453.9272,19,17,2185.0613,2453.9272,2638.709
load_26,2013-01-29 17:00:00,2569.5,2481.0522,19,18,2247.2437,2481.0522,2673.2617
load_26,2013-01-29 18:00:00,2562.6,2464.0217,19,19,2225.6768,2464.0217,2676.0747
load_26,2013-01-29 19:00:00,2478.0,2454.4226,19,20,2166.5857,2454.4226,2682.6348
load_26,2013-01-29 20:00:00,2118.9,2223.6787,19,21,1875.2034,2223.6787,2475.2737
load_26,2013-01-29 21:00:00,1097.7,1085.983,19,22,880.181,1085.983,1307.9531
load_26,2013-01-29 22:00:00,726.0,821.3756,19,23,679.0408,821.3756,1003.4157
load_26,2013-01-29 23:00:00,476.1,619.0819,19,24,522.80493,619.0819,719.30493
load_26,2013-01-30 00:00:00,421.5,477.9898,20,1,413.4397,477.9898,544.6253
load_26,2013-01-30 01:00:00,435.6,462.56665,20,2,400.46033,462.56665,530.26544
load_26,2013-01-30 02:00:00,390.6,446.9001,20,3,381.56885,446.9001,494.67065
load_26,2013-01-30 03:00:00,342.9,406.4547,20,4,349.66162,406.4547,459.00958
load_26,2013-01-30 04:00:00,354.9,414.26416,20,5,357.31592,414.26416,467.62305
load_26,2013-01-30 05:00:00,363.3,430.60864,20,6,369.87305,430.60864,482.3775
load_26,2013-01-30 06:00:00,401.1,437.9248,20,7,377.8241,437.9248,497.9261
load_26,2013-01-30 07:00:00,454.8,486.19788,20,8,411.44092,486.19788,549.0705
load_26,2013-01-30 08:00:00,572.4,582.5841,20,9,498.95734,582.5841,685.87036
load_26,2013-01-30 09:00:00,1190.4,1386.3549,20,10,1219.19,1386.3549,1556.7299
load_26,2013-01-30 10:00:00,1987.2,1954.637,20,11,1767.0302,1954.637,2127.2527
load_26,2013-01-30 11:00:00,2341.2,2252.3103,20,12,2045.6821,2252.3103,2422.2458
load_26,2013-01-30 12:00:00,2433.0,2484.309,20,13,2306.1382,2484.309,2631.877
load_26,2013-01-30 13:00:00,2478.6,2528.7263,20,14,2320.7832,2528.7263,2679.5322
load_26,2013-01-30 14:00:00,2528.1,2495.7344,20,15,2326.7234,2495.7344,2657.18
load_26,2013-01-30 15:00:00,2373.0,2445.5173,20,16,2270.086,2445.5173,2606.4219
load_26,2013-01-30 16:00:00,2321.7,2479.762,20,17,2268.8223,2479.762,2628.375
load_26,2013-01-30 17:00:00,2339.1,2497.854,20,18,2323.6128,2497.854,2655.3394
load_26,2013-01-30 18:00:00,2375.1,2482.0571,20,19,2308.5889,2482.0571,2654.441
load_26,2013-01-30 19:00:00,2387.1,2468.4404,20,20,2243.9023,2468.4404,2643.1348
load_26,2013-01-30 20:00:00,2080.5,2192.4397,20,21,1924.128,2192.4397,2392.0352
load_26,2013-01-30 21:00:00,1065.0,1081.2185,20,22,902.2893,1081.2185,1261.7327
load_26,2013-01-30 22:00:00,820.5,788.012,20,23,658.2252,788.012,950.3999
load_26,2013-01-30 23:00:00,544.8,591.6204,20,24,499.8106,591.6204,687.0828
load_26,2013-01-31 00:00:00,408.3,454.03986,21,1,401.29822,454.03986,517.7373
load_26,2013-01-31 01:00:00,471.6,441.0254,21,2,382.02673,441.0254,502.8792
load_26,2013-01-31 02:00:00,444.3,416.77124,21,3,352.36047,416.77124,464.4969
load_26,2013-01-31 03:00:00,394.5,379.77124,21,4,323.77307,379.77124,433.13336
load_26,2013-01-31 04:00:00,417.3,388.62988,21,5,331.9923,388.62988,442.83447
load_26,2013-01-31 05:00:00,433.5,411.17273,21,6,350.7307,411.17273,466.87323
load_26,2013-01-31 06:00:00,468.6,426.177,21,7,366.91602,426.177,489.34216
load_26,2013-01-31 07:00:00,532.2,477.104,21,8,400.34314,477.104,534.03864
load_26,2013-01-31 08:00:00,650.1,592.5806,21,9,506.4828,592.5806,679.54016
load_26,2013-01-31 09:00:00,1333.2,1284.5494,21,10,1149.7382,1284.5494,1415.2684
load_26,2013-01-31 10:00:00,2086.8,1942.3912,21,11,1767.0417,1942.3912,2096.1997
load_26,2013-01-31 11:00:00,2398.5,2278.2483,21,12,2080.9019,2278.2483,2437.6665
load_26,2013-01-31 12:00:00,2441.7,2460.5105,21,13,2281.2927,2460.5105,2601.808
load_26,2013-01-31 13:00:00,2528.1,2507.0103,21,14,2299.409,2507.0103,2652.8364
load_26,2013-01-31 14:00:00,2538.0,2472.7622,21,15,2306.6697,2472.7622,2631.2678
load_26,2013-01-31 15:00:00,2457.0,2407.558,21,16,2238.7866,2407.558,2562.5605
load_26,2013-01-31 16:00:00,2436.0,2432.8435,21,17,2209.0342,2432.8435,2578.6113
load_26,2013-01-31 17:00:00,2477.1,2447.2214,21,18,2257.647,2447.2214,2608.2405
load_26,2013-01-31 18:00:00,2473.8,2438.3093,21,19,2255.2358,2438.3093,2613.6274
load_26,2013-01-31 19:00:00,2470.2,2424.6978,21,20,2194.518,2424.6978,2597.285
load_26,2013-01-31 20:00:00,2005.8,2157.6392,21,21,1895.0706,2157.6392,2343.3142
load_26,2013-01-31 21:00:00,1039.2,1111.3586,21,22,942.2301,1111.3586,1262.6344
load_26,2013-01-31 22:00:00,744.3,790.8037,21,23,672.1759,790.8037,934.7645
load_26,2013-01-31 23:00:00,499.2,577.9776,21,24,484.57642,577.9776,674.264
load_26,2013-02-01 00:00:00,434.1,455.87146,22,1,393.48962,455.87146,515.6522
load_26,2013-02-01 01:00:00,417.0,445.16644,22,2,386.1023,445.16644,510.91046
load_26,2013-02-01 02:00:00,401.7,436.78967,22,3,371.97498,436.78967,484.59888
load_26,2013-02-01 03:00:00,362.7,401.35107,22,4,343.82507,401.35107,452.15656
load_26,2013-02-01 04:00:00,373.2,406.65234,22,5,349.13037,406.65234,459.8056
load_26,2013-02-01 05:00:00,395.7,430.35748,22,6,370.88904,430.35748,484.09045
load_26,2013-02-01 06:00:00,421.5,443.57495,22,7,384.3817,443.57495,505.68872
load_26,2013-02-01 07:00:00,479.7,490.52307,22,8,412.37012,490.52307,550.0734
load_26,2013-02-01 08:00:00,594.0,611.2418,22,9,526.1947,611.2418,712.78436
load_26,2013-02-01 09:00:00,1148.4,1258.2902,22,10,1114.7474,1258.2902,1402.1453
load_26,2013-02-01 10:00:00,1938.3,1948.0437,22,11,1761.419,1948.0437,2122.0403
load_26,2013-02-01 11:00:00,2341.2,2292.7876,22,12,2081.5188,2292.7876,2469.5015
load_26,2013-02-01 12:00:00,2535.9,2434.0757,22,13,2238.3232,2434.0757,2590.1016
load_26,2013-02-01 13:00:00,2472.0,2477.7646,22,14,2251.0625,2477.7646,2641.206
load_26,2013-02-01 14:00:00,2473.5,2476.9424,22,15,2290.879,2476.9424,2635.691
load_26,2013-02-01 15:00:00,2532.3,2387.163,22,16,2198.386,2387.163,2557.4292
load_26,2013-02-01 16:00:00,2524.5,2400.8792,22,17,2152.2507,2400.8792,2562.505
load_26,2013-02-01 17:00:00,2547.9,2416.1191,22,18,2201.4043,2416.1191,2587.2346
load_26,2013-02-01 18:00:00,2559.6,2403.3472,22,19,2188.4497,2403.3472,2590.9282
load_26,2013-02-01 19:00:00,2409.0,2398.1675,22,20,2137.7268,2398.1675,2587.3762
load_26,2013-02-01 20:00:00,2150.1,2107.4019,22,21,1786.2356,2107.4019,2328.201
load_26,2013-02-01 21:00:00,1365.6,1074.583,22,22,872.04706,1074.583,1279.8398
load_26,2013-02-01 22:00:00,792.0,767.0736,22,23,629.187,767.0736,946.13324
load_26,2013-02-01 23:00:00,489.9,560.13416,22,24,461.91534,560.13416,661.4768
load_26,2013-02-04 00:00:00,419.4,434.37793,23,1,373.80798,434.37793,494.40424
load_26,2013-02-04 01:00:00,430.2,421.8689,23,2,366.4447,421.8689,481.91077
load_26,2013-02-04 02:00:00,390.9,414.11047,23,3,355.00293,414.11047,457.9381
load_26,2013-02-04 03:00:00,349.2,387.99963,23,4,336.60864,387.99963,432.06128
load_26,2013-02-04 04:00:00,352.5,392.71326,23,5,342.4707,392.71326,438.95563
load_26,2013-02-04 05:00:00,373.2,418.46338,23,6,367.234,418.46338,463.76562
load_26,2013-02-04 06:00:00,409.5,435.94885,23,7,384.34375,435.94885,488.33826
load_26,2013-02-04 07:00:00,474.0,495.65625,23,8,428.2047,495.65625,543.98785
load_26,2013-02-04 08:00:00,559.8,628.6452,23,9,551.6436,628.6452,716.3122
load_26,2013-02-04 09:00:00,1235.1,1269.386,23,10,1156.1388,1269.386,1372.4169
load_26,2013-02-04 10:00:00,1861.2,1991.7698,23,11,1843.9688,1991.7698,2127.1982
load_26,2013-02-04 11:00:00,2262.6,2362.5935,23,12,2217.4634,2362.5935,2493.9067
load_26,2013-02-04 12:00:00,2427.9,2511.393,23,13,2374.6855,2511.393,2629.963
load_26,2013-02-04 13:00:00,2454.3,2554.1714,23,14,2400.6501,2554.1714,2674.8828
load_26,2013-02-04 14:00:00,2475.6,2553.0664,23,15,2413.7068,2553.0664,2672.1082
load_26,2013-02-04 15:00:00,2435.7,2486.354,23,16,2359.8613,2486.354,2608.6992
load_26,2013-02-04 16:00:00,2483.1,2492.9282,23,17,2338.6196,2492.9282,2608.5046
load_26,2013-02-04 17:00:00,2532.9,2485.2341,23,18,2347.6953,2485.2341,2615.0823
load_26,2013-02-04 18:00:00,2535.3,2473.831,23,19,2332.7686,2473.831,2618.6494
load_26,2013-02-04 19:00:00,2518.2,2457.4373,23,20,2279.162,2457.4373,2600.6975
load_26,2013-02-04 20:00:00,2239.5,2152.012,23,21,1934.4672,2152.012,2321.0798
load_26,2013-02-04 21:00:00,1455.9,1184.1516,23,22,1016.6313,1184.1516,1333.982
load_26,2013-02-04 22:00:00,848.4,779.68134,23,23,671.7291,779.68134,922.21466
load_26,2013-02-04 23:00:00,562.8,553.4292,23,24,474.10577,553.4292,639.73193
load_26,2013-02-05 00:00:00,479.7,440.34503,24,1,381.9386,440.34503,499.04163
load_26,2013-02-05 01:00:00,469.8,422.9319,24,2,368.98035,422.9319,482.0345
load_26,2013-02-05 02:00:00,441.6,414.1587,24,3,356.24646,414.1587,457.4851
load_26,2013-02-05 03:00:00,403.8,387.55823,24,4,338.04565,387.55823,431.00848
load_26,2013-02-05 04:00:00,402.9,389.62036,24,5,340.96802,389.62036,433.84125
load_26,2013-02-05 05:00:00,432.0,414.14978,24,6,364.5138,414.14978,457.03973
load_26,2013-02-05 06:00:00,470.7,430.13293,24,7,380.43774,430.13293,480.6073
load_26,2013-02-05 07:00:00,544.2,477.89813,24,8,416.2627,477.89813,526.5485
load_26,2013-02-05 08:00:00,674.7,606.8995,24,9,535.8206,606.8995,687.8408
load_26,2013-02-05 09:00:00,1245.9,1240.2037,24,10,1143.6543,1240.2037,1330.179
load_26,2013-02-05 10:00:00,2068.2,1952.2411,24,11,1817.0513,1952.2411,2080.2542
load_26,2013-02-05 11:00:00,2393.4,2322.4768,24,12,2191.0972,2322.4768,2447.948
load_26,2013-02-05 12:00:00,2379.3,2461.0168,24,13,2332.2654,2461.0168,2575.9514
load_26,2013-02-05 13:00:00,2360.1,2501.0066,24,14,2355.1687,2501.0066,2619.0552
load_26,2013-02-05 14:00:00,2225.7,2505.5342,24,15,2372.5034,2505.5342,2621.1328
load_26,2013-02-05 15:00:00,2265.6,2447.6836,24,16,2326.9998,2447.6836,2567.1038
load_26,2013-02-05 16:00:00,2336.4,2468.2856,24,17,2331.7974,2468.2856,2580.8398
load_26,2013-02-05 17:00:00,2456.7,2461.2505,24,18,2332.5422,2461.2505,2587.58
load_26,2013-02-05 18:00:00,2483.1,2450.5625,24,19,2315.0474,2450.5625,2592.9893
load_26,2013-02-05 19:00:00,2432.4,2431.216,24,20,2268.1143,2431.216,2572.2424
load_26,2013-02-05 20:00:00,2204.1,2159.1953,24,21,1947.7427,2159.1953,2323.565
load_26,2013-02-05 21:00:00,1514.1,1240.4432,24,22,1055.3113,1240.4432,1401.5089
load_26,2013-02-05 22:00:00,797.7,792.1417,24,23,676.71106,792.1417,943.43665
load_26,2013-02-05 23:00:00,486.0,546.9715,24,24,465.32324,546.9715,636.7831
load_26,2013-02-06 00:00:00,419.4,434.05518,25,1,379.6775,434.05518,487.10468
load_26,2013-02-06 01:00:00,410.4,418.7221,25,2,368.48035,418.7221,472.37567
load_26,2013-02-06 02:00:00,417.6,418.3999,25,3,365.25,418.3999,456.76886
load_26,2013-02-06 03:00:00,418.2,392.99902,25,4,347.19653,392.99902,433.82324
load_26,2013-02-06 04:00:00,415.5,392.1499,25,5,346.7483,392.1499,432.2481
load_26,2013-02-06 05:00:00,416.1,416.2135,25,6,370.1808,416.2135,455.26617
load_26,2013-02-06 06:00:00,462.0,434.55365,25,7,388.51318,434.55365,481.02698
load_26,2013-02-06 07:00:00,550.8,479.76483,25,8,417.81317,479.76483,524.2959
load_26,2013-02-06 08:00:00,691.8,598.1386,25,9,528.79944,598.1386,681.86774
load_26,2013-02-06 09:00:00,1317.9,1260.3226,25,10,1158.4551,1260.3226,1362.108
load_26,2013-02-06 10:00:00,1953.6,1986.0957,25,11,1842.1348,1986.0957,2108.8296
load_26,2013-02-06 11:00:00,2373.0,2323.1335,25,12,2199.9414,2323.1335,2444.6016
load_26,2013-02-06 12:00:00,2554.8,2422.064,25,13,2288.3176,2422.064,2535.7788
load_26,2013-02-06 13:00:00,2547.9,2448.883,25,14,2295.596,2448.883,2568.3926
load_26,2013-02-06 14:00:00,2512.5,2436.9436,25,15,2306.9702,2436.9436,2568.9595
load_26,2013-02-06 15:00:00,2478.6,2397.1904,25,16,2266.003,2397.1904,2521.625
load_26,2013-02-06 16:00:00,2532.3,2425.461,25,17,2283.6545,2425.461,2542.024
load_26,2013-02-06 17:00:00,2514.0,2438.3286,25,18,2306.6602,2438.3286,2565.717
load_26,2013-02-06 18:00:00,2542.2,2439.4846,25,19,2301.814,2439.4846,2581.1584
load_26,2013-02-06 19:00:00,2475.9,2424.1348,25,20,2257.2744,2424.1348,2571.077
load_26,2013-02-06 20:00:00,2251.2,2157.0762,25,21,1942.9298,2157.0762,2320.5518
load_26,2013-02-06 21:00:00,1496.7,1284.8893,25,22,1084.745,1284.8893,1450.7966
load_26,2013-02-06 22:00:00,830.7,777.3005,25,23,663.0742,777.3005,925.573
load_26,2013-02-06 23:00:00,555.6,535.5725,25,24,454.8435,535.5725,622.19836
load_26,2013-02-07 00:00:00,459.6,452.9901,26,1,398.50305,452.9901,507.23773
load_26,2013-02-07 01:00:00,465.3,430.50366,26,2,379.37927,430.50366,486.49908
load_26,2013-02-07 02:00:00,447.3,429.52045,26,3,374.6073,429.52045,469.16113
load_26,2013-02-07 03:00:00,431.1,412.4239,26,4,365.20667,412.4239,456.44434
load_26,2013-02-07 04:00:00,442.8,409.2478,26,5,361.85962,409.2478,453.3332
load_26,2013-02-07 05:00:00,452.4,431.56323,26,6,384.39307,431.56323,472.97217
load_26,2013-02-07 06:00:00,493.2,455.4284,26,7,408.09015,455.4284,508.4964
load_26,2013-02-07 07:00:00,572.7,517.7484,26,8,449.18567,517.7484,563.1179
load_26,2013-02-07 08:00:00,705.3,656.529,26,9,574.85455,656.529,752.6297
load_26,2013-02-07 09:00:00,1305.3,1275.174,26,10,1154.5137,1275.174,1387.835
load_26,2013-02-07 10:00:00,1912.5,2014.734,26,11,1855.7358,2014.734,2148.6814
load_26,2013-02-07 11:00:00,2462.4,2386.0542,26,12,2252.811,2386.0542,2484.44
load_26,2013-02-07 12:00:00,2525.1,2455.184,26,13,2325.2842,2455.184,2560.689
load_26,2013-02-07 13:00:00,2702.1,2469.6968,26,14,2319.0686,2469.6968,2576.9028
load_26,2013-02-07 14:00:00,2718.9,2474.955,26,15,2342.5137,2474.955,2584.0955
load_26,2013-02-07 15:00:00,2631.0,2449.5857,26,16,2327.1462,2449.5857,2558.6853
load_26,2013-02-07 16:00:00,2642.1,2484.5713,26,17,2338.5427,2484.5713,2588.4688
load_26,2013-02-07 17:00:00,2732.4,2475.1807,26,18,2347.3447,2475.1807,2589.1694
load_26,2013-02-07 18:00:00,2719.5,2476.5151,26,19,2343.1423,2476.5151,2602.4028
load_26,2013-02-07 19:00:00,2647.5,2450.8784,26,20,2279.0552,2450.8784,2578.2607
load_26,2013-02-07 20:00:00,2397.0,2230.522,26,21,1978.5408,2230.522,2385.7888
load_26,2013-02-07 21:00:00,1631.7,1433.466,26,22,1193.0032,1433.466,1649.618
load_26,2013-02-07 22:00:00,969.0,822.19946,26,23,680.7158,822.19946,996.7096
load_26,2013-02-07 23:00:00,788.4,558.40924,26,24,466.17767,558.40924,646.60187
load_26,2013-02-08 00:00:00,611.7,553.51794,27,1,468.91534,553.51794,633.1234
load_26,2013-02-08 01:00:00,569.7,513.2941,27,2,433.3496,513.2941,609.32465
load_26,2013-02-08 02:00:00,552.6,494.99036,27,3,412.68384,494.99036,575.2412
load_26,2013-02-08 03:00:00,484.8,473.34387,27,4,397.49133,473.34387,566.0485
load_26,2013-02-08 04:00:00,497.1,471.48755,27,5,396.85156,471.48755,562.69635
load_26,2013-02-08 05:00:00,488.4,497.82898,27,6,421.89673,497.82898,592.7615
load_26,2013-02-08 06:00:00,509.7,538.0142,27,7,450.65735,538.0142,635.8211
load_26,2013-02-08 07:00:00,564.0,596.5572,27,8,497.71466,596.5572,714.6482
load_26,2013-02-08 08:00:00,667.8,760.6097,27,9,643.79016,760.6097,903.66296
load_26,2013-02-08 09:00:00,1338.9,1374.6497,27,10,1240.9482,1374.6497,1553.6708
load_26,2013-02-08 10:00:00,1988.1,2083.893,27,11,1905.4688,2083.893,2272.591
load_26,2013-02-08 11:00:00,2487.0,2501.358,27,12,2342.9016,2501.358,2653.0027
load_26,2013-02-08 12:00:00,2645.1,2596.355,27,13,2445.9263,2596.355,2748.4858
load_26,2013-02-08 13:00:00,2711.4,2625.6978,27,14,2474.5798,2625.6978,2774.6328
load_26,2013-02-08 14:00:00,2719.8,2643.626,27,15,2486.1282,2643.626,2794.6404
load_26,2013-02-08 15:00:00,2687.7,2602.7056,27,16,2459.4653,2602.7056,2756.021
load_26,2013-02-08 16:00:00,2669.4,2627.5874,27,17,2465.6926,2627.5874,2794.7798
load_26,2013-02-08 17:00:00,2691.6,2616.8354,27,18,2461.0134,2616.8354,2792.4763
load_26,2013-02-08 18:00:00,2748.9,2629.4902,27,19,2466.325,2629.4902,2816.1465
load_26,2013-02-08 19:00:00,2750.1,2586.1416,27,20,2417.0222,2586.1416,2777.009
load_26,2013-02-08 20:00:00,2487.9,2371.8906,27,21,2150.416,2371.8906,2580.6501
load_26,2013-02-08 21:00:00,1620.3,1611.477,27,22,1380.0602,1611.477,1890.9841
load_26,2013-02-08 22:00:00,974.4,942.911,27,23,769.99835,942.911,1190.145
load_26,2013-02-08 23:00:00,799.8,689.633,27,24,552.0875,689.633,906.7732
load_26,2013-02-12 00:00:00,475.8,614.203,28,1,538.7822,614.203,683.39984
load_26,2013-02-12 01:00:00,474.6,569.34204,28,2,486.0951,569.34204,650.89886
load_26,2013-02-12 02:00:00,452.7,535.7783,28,3,459.42023,535.7783,614.3313
load_26,2013-02-12 03:00:00,400.2,502.87024,28,4,429.56152,502.87024,588.3671
load_26,2013-02-12 04:00:00,413.7,494.59796,28,5,419.6372,494.59796,575.06006
load_26,2013-02-12 05:00:00,434.4,519.3603,28,6,444.24146,519.3603,600.6354
load_26,2013-02-12 06:00:00,466.2,547.636,28,7,467.3382,547.636,633.3644
load_26,2013-02-12 07:00:00,542.4,604.5921,28,8,516.13715,604.5921,688.80096
load_26,2013-02-12 08:00:00,670.5,757.0621,28,9,650.5278,757.0621,871.64825
load_26,2013-02-12 09:00:00,1272.3,1369.0176,28,10,1254.6543,1369.0176,1497.0643
load_26,2013-02-12 10:00:00,1993.8,2066.4783,28,11,1904.0046,2066.4783,2229.1216
load_26,2013-02-12 11:00:00,2459.4,2509.194,28,12,2353.64,2509.194,2654.2354
load_26,2013-02-12 12:00:00,2509.2,2608.957,28,13,2455.2593,2608.957,2751.6501
load_26,2013-02-12 13:00:00,2698.2,2630.395,28,14,2468.7358,2630.395,2773.79
load_26,2013-02-12 14:00:00,2646.3,2641.1274,28,15,2486.6885,2641.1274,2795.3115
load_26,2013-02-12 15:00:00,2614.2,2604.4333,28,16,2457.418,2604.4333,2750.5203
load_26,2013-02-12 16:00:00,2546.1,2643.016,28,17,2483.4622,2643.016,2793.2988
load_26,2013-02-12 17:00:00,2700.6,2643.6462,28,18,2490.2744,2643.6462,2804.749
load_26,2013-02-12 18:00:00,2703.3,2657.9805,28,19,2496.6821,2657.9805,2826.0457
load_26,2013-02-12 19:00:00,2610.3,2627.3367,28,20,2457.5862,2627.3367,2794.8054
load_26,2013-02-12 20:00:00,2181.3,2414.6245,28,21,2206.166,2414.6245,2595.2734
load_26,2013-02-12 21:00:00,1209.3,1658.2637,28,22,1458.4381,1658.2637,1882.4211
load_26,2013-02-12 22:00:00,892.5,967.35486,28,23,816.63684,967.35486,1165.5083
load_26,2013-02-12 23:00:00,557.4,729.23065,28,24,600.9802,729.23065,908.75824
load_26,2013-02-13 00:00:00,480.6,472.75085,29,1,411.0951,472.75085,533.8231
load_26,2013-02-13 01:00:00,506.7,455.26025,29,2,397.5725,455.26025,516.37213
load_26,2013-02-13 02:00:00,465.0,453.08252,29,3,392.2301,453.08252,499.61768
load_26,2013-02-13 03:00:00,403.8,432.84216,29,4,379.12097,432.84216,482.86713
load_26,2013-02-13 04:00:00,429.9,431.41504,29,5,378.85815,431.41504,479.3219
load_26,2013-02-13 05:00:00,441.0,456.21704,29,6,401.97852,456.21704,503.2646
load_26,2013-02-13 06:00:00,468.6,470.5608,29,7,416.8025,470.5608,524.5536
load_26,2013-02-13 07:00:00,561.9,529.03296,29,8,459.01318,529.03296,580.3331
load_26,2013-02-13 08:00:00,657.0,659.5954,29,9,578.469,659.5954,743.7297
load_26,2013-02-13 09:00:00,1300.5,1302.895,29,10,1196.857,1302.895,1401.7098
load_26,2013-02-13 10:00:00,1958.7,1977.3096,29,11,1841.1155,1977.3096,2101.7559
load_26,2013-02-13 11:00:00,2295.6,2407.8804,29,12,2287.3289,2407.8804,2529.872
load_26,2013-02-13 12:00:00,2419.2,2540.9111,29,13,2414.664,2540.9111,2648.2036
load_26,2013-02-13 13:00:00,2595.3,2574.9946,29,14,2444.5938,2574.9946,2683.6099
load_26,2013-02-13 14:00:00,2565.0,2581.0908,29,15,2460.0947,2581.0908,2698.3486
load_26,2013-02-13 15:00:00,2522.1,2541.685,29,16,2425.2751,2541.685,2655.9214
load_26,2013-02-13 16:00:00,2539.2,2561.437,29,17,2426.85,2561.437,2678.724
load_26,2013-02-13 17:00:00,2628.9,2566.8804,29,18,2437.334,2566.8804,2692.399
load_26,2013-02-13 18:00:00,2650.5,2571.9883,29,19,2434.255,2571.9883,2710.0952
load_26,2013-02-13 19:00:00,2609.1,2537.129,29,20,2378.5762,2537.129,2669.928
load_26,2013-02-13 20:00:00,2184.3,2276.9397,29,21,2077.0815,2276.9397,2433.1833
load_26,2013-02-13 21:00:00,1152.6,1462.7306,29,22,1278.6206,1462.7306,1640.5089
load_26,2013-02-13 22:00:00,804.6,855.5565,29,23,735.1042,855.5565,1007.47107
load_26,2013-02-13 23:00:00,450.6,618.5653,29,24,531.0062,618.5653,730.7618
load_26,2013-02-14 00:00:00,304.8,451.74512,30,1,385.3418,451.74512,515.6065
load_26,2013-02-14 01:00:00,639.6,435.00964,30,2,371.55432,435.00964,502.3947
load_26,2013-02-14 02:00:00,501.6,429.56897,30,3,363.05322,429.56897,482.42285
load_26,2013-02-14 03:00:00,452.7,407.47314,30,4,346.97327,407.47314,462.90985
load_26,2013-02-14 04:00:00,455.1,408.59888,30,5,350.3855,408.59888,462.62592
load_26,2013-02-14 05:00:00,450.6,436.56616,30,6,376.82605,436.56616,489.8039
load_26,2013-02-14 06:00:00,484.8,454.3911,30,7,395.5874,454.3911,516.4155
load_26,2013-02-14 07:00:00,550.5,516.5836,30,8,441.26697,516.5836,571.51733
load_26,2013-02-14 08:00:00,633.0,646.2591,30,9,555.03314,646.2591,727.2151
load_26,2013-02-14 09:00:00,1269.0,1251.915,30,10,1133.9486,1251.915,1344.1835
load_26,2013-02-14 10:00:00,1934.1,1912.0444,30,11,1765.2712,1912.0444,2041.3547
load_26,2013-02-14 11:00:00,2400.0,2333.609,30,12,2178.5857,2333.609,2467.2378
load_26,2013-02-14 12:00:00,2456.7,2443.0476,30,13,2288.585,2443.0476,2588.582
load_26,2013-02-14 13:00:00,2544.9,2516.8618,30,14,2360.4702,2516.8618,2637.0083
load_26,2013-02-14 14:00:00,2557.8,2525.6592,30,15,2392.2217,2525.6592,2659.3396
load_26,2013-02-14 15:00:00,2537.7,2496.4763,30,16,2364.631,2496.4763,2621.5127
load_26,2013-02-14 16:00:00,2563.8,2506.6104,30,17,2353.2368,2506.6104,2630.927
load_26,2013-02-14 17:00:00,2680.5,2535.6758,30,18,2398.459,2535.6758,2661.3643
load_26,2013-02-14 18:00:00,2584.8,2537.5764,30,19,2393.613,2537.5764,2678.071
load_26,2013-02-14 19:00:00,2532.3,2502.0288,30,20,2329.1414,2502.0288,2640.3535
load_26,2013-02-14 20:00:00,2209.2,2197.1367,30,21,1980.6519,2197.1367,2362.5142
load_26,2013-02-14 21:00:00,1235.7,1334.3265,30,22,1140.3347,1334.3265,1493.9536
load_26,2013-02-14 22:00:00,894.9,814.15015,30,23,686.44653,814.15015,965.5935
load_26,2013-02-14 23:00:00,625.5,573.98694,30,24,478.78156,573.98694,671.9829
load_26,2013-02-15 00:00:00,503.7,476.54053,31,1,411.1753,476.54053,539.13544
load_26,2013-02-15 01:00:00,478.2,473.37042,31,2,411.2655,473.37042,544.5694
load_26,2013-02-15 02:00:00,447.3,470.04712,31,3,406.14233,470.04712,522.3959
load_26,2013-02-15 03:00:00,417.9,442.5105,31,4,384.50793,442.5105,496.49768
load_26,2013-02-15 04:00:00,427.5,441.5443,31,5,387.92725,441.5443,493.47974
load_26,2013-02-15 05:00:00,437.1,469.45312,31,6,413.7495,469.45312,520.24084
load_26,2013-02-15 06:00:00,467.1,483.95148,31,7,428.81653,483.95148,543.3158
load_26,2013-02-15 07:00:00,524.4,545.32745,31,8,476.8109,545.32745,600.7836
load_26,2013-02-15 08:00:00,634.2,666.04517,31,9,585.36475,666.04517,749.70337
load_26,2013-02-15 09:00:00,1204.5,1293.9777,31,10,1192.4191,1293.9777,1391.3457
load_26,2013-02-15 10:00:00,1873.5,1947.6389,31,11,1817.5953,1947.6389,2069.159
load_26,2013-02-15 11:00:00,2260.8,2366.0117,31,12,2238.61,2366.0117,2486.142
load_26,2013-02-15 12:00:00,2295.0,2503.7634,31,13,2384.2434,2503.7634,2619.413
load_26,2013-02-15 13:00:00,2553.9,2568.374,31,14,2442.371,2568.374,2674.1782
load_26,2013-02-15 14:00:00,2486.1,2594.9546,31,15,2466.6155,2594.9546,2701.2124
load_26,2013-02-15 15:00:00,2458.5,2541.4883,31,16,2426.3118,2541.4883,2653.0127
load_26,2013-02-15 16:00:00,2459.4,2579.1912,31,17,2442.248,2579.1912,2690.7188
load_26,2013-02-15 17:00:00,2605.8,2585.252,31,18,2459.2024,2585.252,2703.9155
load_26,2013-02-15 18:00:00,2647.8,2582.6694,31,19,2446.2266,2582.6694,2715.3125
load_26,2013-02-15 19:00:00,2684.1,2550.629,31,20,2397.1855,2550.629,2681.2383
load_26,2013-02-15 20:00:00,2328.6,2274.0818,31,21,2062.5054,2274.0818,2432.5117
load_26,2013-02-15 21:00:00,1492.2,1369.0114,31,22,1165.0356,1369.0114,1547.2704
load_26,2013-02-15 22:00:00,912.6,865.3213,31,23,725.4838,865.3213,1038.4839
load_26,2013-02-15 23:00:00,567.3,617.97266,31,24,516.64484,617.97266,738.63275
load_26,2013-02-18 00:00:00,448.5,469.51233,32,1,409.66296,469.51233,525.8521
load_26,2013-02-18 01:00:00,478.8,462.9668,32,2,406.67395,462.9668,526.5669
load_26,2013-02-18 02:00:00,431.4,452.65784,32,3,395.47205,452.65784,499.0633
load_26,2013-02-18 03:00:00,389.4,431.3125,32,4,380.36963,431.3125,477.08057
load_26,2013-02-18 04:00:00,389.7,427.6698,32,5,378.50256,427.6698,472.71667
load_26,2013-02-18 05:00:00,418.5,449.69324,32,6,398.84033,449.69324,492.97473
load_26,2013-02-18 06:00:00,459.9,469.90613,32,7,419.1526,469.90613,521.7821
load_26,2013-02-18 07:00:00,560.1,522.0496,32,8,455.531,522.0496,570.10583
load_26,2013-02-18 08:00:00,596.7,640.55115,32,9,561.7537,640.55115,717.51385
load_26,2013-02-18 09:00:00,1040.7,1238.0978,32,10,1137.0806,1238.0978,1317.1572
load_26,2013-02-18 10:00:00,1899.3,1889.4164,32,11,1757.2247,1889.4164,1999.6694
load_26,2013-02-18 11:00:00,2371.5,2344.0435,32,12,2203.795,2344.0435,2459.4497
load_26,2013-02-18 12:00:00,2359.5,2443.8037,32,13,2298.7886,2443.8037,2573.7832
load_26,2013-02-18 13:00:00,2491.2,2542.018,32,14,2409.0479,2542.018,2642.8325
load_26,2013-02-18 14:00:00,2462.4,2561.6782,32,15,2441.6392,2561.6782,2664.7456
load_26,2013-02-18 15:00:00,2363.1,2519.9536,32,16,2407.693,2519.9536,2622.984
load_26,2013-02-18 16:00:00,2371.5,2532.5576,32,17,2394.2603,2532.5576,2640.5662
load_26,2013-02-18 17:00:00,2445.6,2568.486,32,18,2448.0173,2568.486,2676.4675
load_26,2013-02-18 18:00:00,2454.3,2569.0312,32,19,2440.7993,2569.0312,2689.5303
load_26,2013-02-18 19:00:00,2397.0,2551.093,32,20,2400.5325,2551.093,2671.3735
load_26,2013-02-18 20:00:00,2017.5,2265.4553,32,21,2066.1067,2265.4553,2407.9924
load_26,2013-02-18 21:00:00,1008.0,1356.2942,32,22,1171.5521,1356.2942,1503.0684
load_26,2013-02-18 22:00:00,712.2,862.8155,32,23,742.1714,862.8155,1013.28
load_26,2013-02-18 23:00:00,452.4,607.4339,32,24,517.598,607.4339,707.67676
load_26,2013-02-19 00:00:00,390.9,440.53674,33,1,383.70105,440.53674,492.31464
load_26,2013-02-19 01:00:00,396.9,438.5553,33,2,385.63184,438.5553,497.02197
load_26,2013-02-19 02:00:00,375.0,438.42322,33,3,384.16382,438.42322,480.4765
load_26,2013-02-19 03:00:00,326.4,414.8673,33,4,365.44702,414.8673,455.69946
load_26,2013-02-19 04:00:00,341.4,416.01282,33,5,369.33142,416.01282,455.6676
load_26,2013-02-19 05:00:00,351.9,436.72314,33,6,388.1582,436.72314,476.15167
load_26,2013-02-19 06:00:00,378.0,456.78113,33,7,408.3683,456.78113,502.06464
load_26,2013-02-19 07:00:00,415.8,498.6654,33,8,435.3308,498.6654,543.16174
load_26,2013-02-19 08:00:00,705.3,585.13293,33,9,515.0784,585.13293,653.8779
load_26,2013-02-19 09:00:00,1266.6,1182.8411,33,10,1076.2153,1182.8411,1270.163
load_26,2013-02-19 10:00:00,1865.7,1844.8137,33,11,1712.0878,1844.8137,1957.0667
load_26,2013-02-19 11:00:00,2307.3,2234.7236,33,12,2089.6885,2234.7236,2354.3154
load_26,2013-02-19 12:00:00,2343.0,2323.7947,33,13,2179.227,2323.7947,2455.6294
load_26,2013-02-19 13:00:00,2541.0,2448.7874,33,14,2311.3022,2448.7874,2555.946
load_26,2013-02-19 14:00:00,2405.4,2451.7546,33,15,2330.2227,2451.7546,2572.0361
load_26,2013-02-19 15:00:00,2391.3,2402.8296,33,16,2278.6372,2402.8296,2520.878
load_26,2013-02-19 16:00:00,2496.3,2403.402,33,17,2229.9563,2403.402,2538.5645
load_26,2013-02-19 17:00:00,2634.3,2473.8025,33,18,2335.108,2473.8025,2592.235
load_26,2013-02-19 18:00:00,2672.1,2470.2173,33,19,2327.4587,2470.2173,2604.8303
load_26,2013-02-19 19:00:00,2491.2,2462.312,33,20,2286.696,2462.312,2596.2642
load_26,2013-02-19 20:00:00,2070.3,2132.7026,33,21,1909.0743,2132.7026,2307.8076
load_26,2013-02-19 21:00:00,1109.4,1185.5988,33,22,1000.39185,1185.5988,1357.6112
load_26,2013-02-19 22:00:00,819.6,775.1397,33,23,643.7178,775.1397,937.4201
load_26,2013-02-19 23:00:00,557.7,539.8206,33,24,458.8285,539.8206,632.5407
load_26,2013-02-20 00:00:00,484.2,412.49084,34,1,343.48877,412.49084,478.5996
load_26,2013-02-20 01:00:00,474.9,422.84863,34,2,355.99463,422.84863,496.12256
load_26,2013-02-20 02:00:00,446.7,405.47156,34,3,337.3606,405.47156,461.44843
load_26,2013-02-20 03:00:00,407.7,376.6859,34,4,313.05505,376.6859,437.46472
load_26,2013-02-20 04:00:00,402.6,376.1797,34,5,318.23022,376.1797,433.45886
load_26,2013-02-20 05:00:00,438.3,400.2694,34,6,340.41345,400.2694,457.61597
load_26,2013-02-20 06:00:00,462.0,419.38757,34,7,358.46594,419.38757,484.1068
load_26,2013-02-20 07:00:00,531.0,475.94928,34,8,405.70532,475.94928,538.3028
load_26,2013-02-20 08:00:00,655.5,611.76715,34,9,529.32355,611.76715,697.37823
load_26,2013-02-20 09:00:00,1200.9,1192.5657,34,10,1099.2798,1192.5657,1284.7732
load_26,2013-02-20 10:00:00,1875.6,1854.471,34,11,1733.3838,1854.471,1972.7837
load_26,2013-02-20 11:00:00,2282.4,2288.531,34,12,2174.0498,2288.531,2408.3748
load_26,2013-02-20 12:00:00,2424.3,2375.1582,34,13,2249.1597,2375.1582,2502.024
load_26,2013-02-20 13:00:00,2591.7,2470.1335,34,14,2356.7664,2470.1335,2571.8452
load_26,2013-02-20 14:00:00,2551.8,2466.7068,34,15,2357.7,2466.7068,2587.1675
load_26,2013-02-20 15:00:00,2499.6,2434.17,34,16,2326.3438,2434.17,2543.0344
load_26,2013-02-20 16:00:00,2494.8,2462.2332,34,17,2336.1345,2462.2332,2583.0308
load_26,2013-02-20 17:00:00,2586.0,2522.1582,34,18,2401.9463,2522.1582,2641.2334
load_26,2013-02-20 18:00:00,2609.7,2521.19,34,19,2393.0305,2521.19,2654.4102
load_26,2013-02-20 19:00:00,2545.5,2481.449,34,20,2348.442,2481.449,2611.1724
load_26,2013-02-20 20:00:00,2190.9,2121.9702,34,21,1950.7267,2121.9702,2293.0896
load_26,2013-02-20 21:00:00,1196.1,1151.1744,34,22,1001.244,1151.1744,1302.9641
load_26,2013-02-20 22:00:00,790.2,794.87787,34,23,680.69403,794.87787,948.4776
load_26,2013-02-20 23:00:00,559.8,546.0448,34,24,455.7437,546.0448,652.28766
load_26,2013-02-21 00:00:00,496.5,457.90253,35,1,398.46118,457.90253,510.59644
load_26,2013-02-21 01:00:00,505.2,456.7187,35,2,402.1172,456.7187,515.3357
load_26,2013-02-21 02:00:00,468.6,443.29865,35,3,387.94153,443.29865,484.74207
load_26,2013-02-21 03:00:00,411.0,412.0697,35,4,361.17798,412.0697,454.05988
load_26,2013-02-21 04:00:00,472.8,410.70996,35,5,365.82227,410.70996,452.09515
load_26,2013-02-21 05:00:00,468.0,433.3236,35,6,387.13245,433.3236,473.44458
load_26,2013-02-21 06:00:00,507.3,452.8969,35,7,405.9005,452.8969,499.38824
load_26,2013-02-21 07:00:00,533.1,503.18298,35,8,450.43695,503.18298,548.12787
load_26,2013-02-21 08:00:00,734.1,649.01044,35,9,586.9582,649.01044,716.8158
load_26,2013-02-21 09:00:00,1278.3,1243.8628,35,10,1172.7697,1243.8628,1316.8177
load_26,2013-02-21 10:00:00,1908.6,1910.6776,35,11,1810.589,1910.6776,2006.7202
load_26,2013-02-21 11:00:00,2211.0,2309.101,35,12,2219.405,2309.101,2399.424
load_26,2013-02-21 12:00:00,2364.3,2416.472,35,13,2323.0603,2416.472,2512.2397
load_26,2013-02-21 13:00:00,2524.2,2519.5059,35,14,2437.227,2519.5059,2599.7788
load_26,2013-02-21 14:00:00,2409.3,2513.3096,35,15,2422.838,2513.3096,2607.0227
load_26,2013-02-21 15:00:00,2448.9,2469.3699,35,16,2381.2854,2469.3699,2558.475
load_26,2013-02-21 16:00:00,2478.0,2493.9792,35,17,2384.2783,2493.9792,2591.5933
load_26,2013-02-21 17:00:00,2534.4,2550.709,35,18,2447.3296,2550.709,2649.773
load_26,2013-02-21 18:00:00,2550.3,2559.4255,35,19,2448.7734,2559.4255,2668.2075
load_26,2013-02-21 19:00:00,2490.3,2518.9717,35,20,2405.8171,2518.9717,2622.2253
load_26,2013-02-21 20:00:00,2163.6,2178.134,35,21,2029.6123,2178.134,2316.2505
load_26,2013-02-21 21:00:00,1195.2,1200.5248,35,22,1063.4452,1200.5248,1312.9897
load_26,2013-02-21 22:00:00,832.2,817.4622,35,23,724.5885,817.4622,941.71295
load_26,2013-02-21 23:00:00,642.9,556.2446,35,24,484.274,556.2446,640.49457
load_26,2013-02-22 00:00:00,561.9,473.95697,36,1,409.07336,473.95697,535.3239
load_26,2013-02-22 01:00:00,505.2,472.7207,36,2,408.9026,472.7207,540.35266
load_26,2013-02-22 02:00:00,463.5,451.37683,36,3,388.54504,451.37683,501.34833
load_26,2013-02-22 03:00:00,436.2,422.54742,36,4,364.38086,422.54742,477.2074
load_26,2013-02-22 04:00:00,449.1,424.08844,36,5,372.8723,424.08844,476.33167
load_26,2013-02-22 05:00:00,458.1,450.1042,36,6,397.03308,450.1042,502.5786
load_26,2013-02-22 06:00:00,478.5,471.95276,36,7,417.3448,471.95276,533.30273
load_26,2013-02-22 07:00:00,554.4,521.61835,36,8,459.7104,521.61835,576.4401
load_26,2013-02-22 08:00:00,796.5,655.8238,36,9,585.9068,655.8238,733.82513
load_26,2013-02-22 09:00:00,1342.8,1205.0144,36,10,1122.742,1205.0144,1287.7858
load_26,2013-02-22 10:00:00,1983.0,1877.4413,36,11,1767.3628,1877.4413,1986.0023
load_26,2013-02-22 11:00:00,2358.6,2283.2092,36,12,2181.163,2283.2092,2378.6094
load_26,2013-02-22 12:00:00,2681.1,2393.4214,36,13,2294.6548,2393.4214,2492.6284
load_26,2013-02-22 13:00:00,2705.4,2476.1519,36,14,2389.6577,2476.1519,2553.787
load_26,2013-02-22 14:00:00,2645.7,2480.656,36,15,2387.7935,2480.656,2570.7002
load_26,2013-02-22 15:00:00,2483.4,2444.6724,36,16,2354.3164,2444.6724,2528.7537
load_26,2013-02-22 16:00:00,2515.5,2492.3677,36,17,2380.9346,2492.3677,2585.4688
load_26,2013-02-22 17:00:00,2630.1,2526.3154,36,18,2423.1526,2526.3154,2624.936
load_26,2013-02-22 18:00:00,2668.8,2538.3228,36,19,2427.2058,2538.3228,2646.6826
load_26,2013-02-22 19:00:00,2429.7,2508.0977,36,20,2394.7349,2508.0977,2614.352
load_26,2013-02-22 20:00:00,2201.1,2209.5664,36,21,2047.518,2209.5664,2342.745
load_26,2013-02-22 21:00:00,1463.1,1214.1046,36,22,1065.9958,1214.1046,1351.2568
load_26,2013-02-22 22:00:00,880.5,814.9015,36,23,707.3356,814.9015,957.756
load_26,2013-02-22 23:00:00,585.3,586.7877,36,24,500.35376,586.7877,688.9017
load_26,2013-02-25 00:00:00,399.6,492.57123,37,1,426.72394,492.57123,555.47235
load_26,2013-02-25 01:00:00,398.4,472.46027,37,2,411.24304,472.46027,539.0487
load_26,2013-02-25 02:00:00,425.7,456.10107,37,3,393.55164,456.10107,505.17096
load_26,2013-02-25 03:00:00,391.5,427.20007,37,4,369.84265,427.20007,478.3714
load_26,2013-02-25 04:00:00,402.9,429.33673,37,5,376.98755,429.33673,481.15607
load_26,2013-02-25 05:00:00,417.9,450.0746,37,6,395.5161,450.0746,498.58368
load_26,2013-02-25 06:00:00,449.7,476.27808,37,7,421.9048,476.27808,535.2198
load_26,2013-02-25 07:00:00,520.5,543.6354,37,8,478.6374,543.6354,599.2853
load_26,2013-02-25 08:00:00,621.9,730.9077,37,9,644.58514,730.9077,814.78516
load_26,2013-02-25 09:00:00,1229.7,1286.5204,37,10,1201.8677,1286.5204,1379.9324
load_26,2013-02-25 10:00:00,1855.8,1950.7664,37,11,1834.2183,1950.7664,2072.6108
load_26,2013-02-25 11:00:00,2298.0,2348.1448,37,12,2247.1238,2348.1448,2464.8162
load_26,2013-02-25 12:00:00,2430.6,2474.065,37,13,2366.3628,2474.065,2591.5325
load_26,2013-02-25 13:00:00,2392.5,2540.6125,37,14,2439.4346,2540.6125,2641.413
load_26,2013-02-25 14:00:00,2293.8,2519.2944,37,15,2414.039,2519.2944,2636.727
load_26,2013-02-25 15:00:00,2342.4,2470.9795,37,16,2368.463,2470.9795,2580.3164
load_26,2013-02-25 16:00:00,2426.7,2506.2788,37,17,2381.6548,2506.2788,2619.7083
load_26,2013-02-25 17:00:00,2544.3,2537.1152,37,18,2415.8376,2537.1152,2657.6836
load_26,2013-02-25 18:00:00,2552.7,2549.4858,37,19,2422.7988,2549.4858,2680.09
load_26,2013-02-25 19:00:00,2488.2,2500.149,37,20,2359.5474,2500.149,2626.5464
load_26,2013-02-25 20:00:00,2166.6,2190.1636,37,21,2014.0427,2190.1636,2343.3958
load_26,2013-02-25 21:00:00,1150.8,1241.3253,37,22,1085.7102,1241.3253,1388.217
load_26,2013-02-25 22:00:00,752.4,833.04504,37,23,729.0509,833.04504,976.2641
load_26,2013-02-25 23:00:00,492.9,606.9616,37,24,526.09656,606.9616,710.05066
load_26,2013-02-26 00:00:00,419.7,437.98505,38,1,373.5099,437.98505,500.1186
load_26,2013-02-26 01:00:00,442.8,421.14673,38,2,361.67896,421.14673,483.52716
load_26,2013-02-26 02:00:00,447.9,412.1571,38,3,350.07898,412.1571,460.00238
load_26,2013-02-26 03:00:00,401.7,390.1161,38,4,334.8169,390.1161,438.83038
load_26,2013-02-26 04:00:00,404.4,392.30908,38,5,340.14636,392.30908,442.0396
load_26,2013-02-26 05:00:00,423.9,421.49487,38,6,368.0708,421.49487,470.9572
load_26,2013-02-26 06:00:00,455.7,439.95758,38,7,386.62085,439.95758,498.07684
load_26,2013-02-26 07:00:00,521.1,498.1455,38,8,433.1272,498.1455,550.979
load_26,2013-02-26 08:00:00,617.7,661.7477,38,9,584.94366,661.7477,742.6517
load_26,2013-02-26 09:00:00,1246.2,1228.3462,38,10,1132.3911,1228.3462,1320.4108
load_26,2013-02-26 10:00:00,1822.8,1883.584,38,11,1756.5894,1883.584,2007.8433
load_26,2013-02-26 11:00:00,2433.0,2280.2666,38,12,2150.3652,2280.2666,2398.541
load_26,2013-02-26 12:00:00,2437.8,2410.2183,38,13,2281.9448,2410.2183,2533.3691
load_26,2013-02-26 13:00:00,2394.3,2469.439,38,14,2340.6865,2469.439,2574.958
load_26,2013-02-26 14:00:00,2335.8,2434.757,38,15,2325.856,2434.757,2563.835
load_26,2013-02-26 15:00:00,2429.1,2390.599,38,16,2273.1245,2390.599,2508.7634
load_26,2013-02-26 16:00:00,2553.9,2445.2366,38,17,2318.495,2445.2366,2558.4849
load_26,2013-02-26 17:00:00,2634.6,2502.252,38,18,2382.5056,2502.252,2613.5098
load_26,2013-02-26 18:00:00,2659.2,2506.734,38,19,2381.8604,2506.734,2629.8604
load_26,2013-02-26 19:00:00,2592.6,2446.8088,38,20,2305.1184,2446.8088,2562.6484
load_26,2013-02-26 20:00:00,2184.6,2128.91,38,21,1950.8191,2128.91,2283.4092
load_26,2013-02-26 21:00:00,1076.4,1185.0759,38,22,1032.7039,1185.0759,1322.5244
load_26,2013-02-26 22:00:00,704.4,774.9162,38,23,672.1373,774.9162,911.9002
load_26,2013-02-26 23:00:00,467.1,550.64453,38,24,470.83264,550.64453,643.72943
load_26,2013-02-27 00:00:00,397.2,444.63843,39,1,388.45166,444.63843,497.4486
load_26,2013-02-27 01:00:00,387.0,430.97028,39,2,379.01514,430.97028,483.477
load_26,2013-02-27 02:00:00,356.1,421.69928,39,3,368.28113,421.69928,461.01044
load_26,2013-02-27 03:00:00,317.4,406.149,39,4,357.74707,406.149,446.12372
load_26,2013-02-27 04:00:00,311.4,405.8667,39,5,360.31348,405.8667,447.8661
load_26,2013-02-27 05:00:00,335.1,427.057,39,6,379.82336,427.057,467.33148
load_26,2013-02-27 06:00:00,360.0,446.43005,39,7,398.74963,446.43005,494.9887
load_26,2013-02-27 07:00:00,391.2,499.2445,39,8,436.61566,499.2445,544.989
load_26,2013-02-27 08:00:00,426.3,669.0432,39,9,590.22656,669.0432,749.97107
load_26,2013-02-27 09:00:00,646.2,1253.5952,39,10,1160.2623,1253.5952,1349.0764
load_26,2013-02-27 10:00:00,1257.6,1873.4027,39,11,1747.7518,1873.4027,1996.3052
load_26,2013-02-27 11:00:00,1900.8,2305.516,39,12,2187.4128,2305.516,2423.7783
load_26,2013-02-27 12:00:00,1856.7,2428.7776,39,13,2313.278,2428.7776,2537.7646
load_26,2013-02-27 13:00:00,2061.9,2476.0361,39,14,2355.2231,2476.0361,2580.3132
load_26,2013-02-27 14:00:00,2055.9,2428.16,39,15,2328.9302,2428.16,2553.5056
load_26,2013-02-27 15:00:00,2025.3,2424.9292,39,16,2317.153,2424.9292,2534.019
load_26,2013-02-27 16:00:00,2046.9,2498.9802,39,17,2378.2444,2498.9802,2599.9106
load_26,2013-02-27 17:00:00,2160.3,2539.8916,39,18,2427.5232,2539.8916,2647.0696
load_26,2013-02-27 18:00:00,2180.4,2548.7974,39,19,2430.8962,2548.7974,2667.8486
load_26,2013-02-27 19:00:00,2138.1,2490.9072,39,20,2356.4219,2490.9072,2610.2542
load_26,2013-02-27 20:00:00,1721.7,2168.3872,39,21,1994.9509,2168.3872,2318.2664
load_26,2013-02-27 21:00:00,682.8,1155.373,39,22,1008.90027,1155.373,1290.583
load_26,2013-02-27 22:00:00,453.6,759.4669,39,23,665.07153,759.4669,889.49207
load_26,2013-02-27 23:00:00,386.1,543.5975,39,24,473.52502,543.5975,625.0924
load_26,2013-02-28 00:00:00,380.4,375.17474,40,1,308.36304,375.17474,436.727
load_26,2013-02-28 01:00:00,408.0,365.36438,40,2,295.82202,365.36438,435.80017
load_26,2013-02-28 02:00:00,426.9,359.94507,40,3,288.22693,359.94507,422.93182
load_26,2013-02-28 03:00:00,385.8,346.24036,40,4,277.7401,346.24036,413.30597
load_26,2013-02-28 04:00:00,384.6,347.19775,40,5,277.23962,347.19775,420.2035
load_26,2013-02-28 05:00:00,408.6,363.6942,40,6,286.22815,363.6942,440.60333
load_26,2013-02-28 06:00:00,439.8,377.21527,40,7,299.21472,377.21527,466.38208
load_26,2013-02-28 07:00:00,504.6,379.83167,40,8,302.9187,379.83167,485.0318
load_26,2013-02-28 08:00:00,615.3,465.51318,40,9,353.82654,465.51318,632.6539
load_26,2013-02-28 09:00:00,1207.8,918.4433,40,10,668.6969,918.4433,1184.6174
load_26,2013-02-28 10:00:00,1835.1,1524.4445,40,11,1202.5101,1524.4445,1821.5776
load_26,2013-02-28 11:00:00,2402.1,2044.1602,40,12,1683.6644,2044.1602,2307.3218
load_26,2013-02-28 12:00:00,2487.3,2139.2334,40,13,1776.5474,2139.2334,2396.577
load_26,2013-02-28 13:00:00,2439.9,2212.8364,40,14,1876.9093,2212.8364,2452.2886
load_26,2013-02-28 14:00:00,2429.7,2181.4265,40,15,1843.4115,2181.4265,2440.6436
load_26,2013-02-28 15:00:00,2397.3,2179.2292,40,16,1849.949,2179.2292,2415.4805
load_26,2013-02-28 16:00:00,2417.7,2234.8633,40,17,1903.5972,2234.8633,2463.838
load_26,2013-02-28 17:00:00,2445.9,2310.9204,40,18,2006.4529,2310.9204,2523.9844
load_26,2013-02-28 18:00:00,2480.1,2315.691,40,19,2042.7678,2315.691,2547.5522
load_26,2013-02-28 19:00:00,2485.5,2259.2944,40,20,1928.9182,2259.2944,2506.3076
load_26,2013-02-28 20:00:00,2105.4,1902.4813,40,21,1540.7765,1902.4813,2196.516
load_26,2013-02-28 21:00:00,1052.4,887.0267,40,22,632.567,887.0267,1177.177
load_26,2013-02-28 22:00:00,769.8,556.7968,40,23,414.08136,556.7968,780.78656
load_26,2013-02-28 23:00:00,498.6,428.11517,40,24,335.95996,428.11517,561.14343
load_26,2013-03-04 00:00:00,393.3,425.29803,41,1,374.60712,425.29803,474.22302
load_26,2013-03-04 01:00:00,387.6,408.25452,41,2,356.90063,408.25452,461.80786
load_26,2013-03-04 02:00:00,360.6,400.54272,41,3,346.50806,400.54272,444.59436
load_26,2013-03-04 03:00:00,321.0,391.35327,41,4,344.60388,391.35327,434.76514
load_26,2013-03-04 04:00:00,320.4,390.60986,41,5,340.53296,390.60986,437.6579
load_26,2013-03-04 05:00:00,347.1,415.4417,41,6,363.19153,415.4417,463.27942
load_26,2013-03-04 06:00:00,380.1,430.48535,41,7,380.67853,430.48535,490.1485
load_26,2013-03-04 07:00:00,443.7,481.21478,41,8,407.011,481.21478,533.87756
load_26,2013-03-04 08:00:00,542.4,600.6539,41,9,511.31506,600.6539,712.4806
load_26,2013-03-04 09:00:00,1160.4,1173.5714,41,10,989.513,1173.5714,1313.9481
load_26,2013-03-04 10:00:00,1982.1,1791.9702,41,11,1586.4182,1791.9702,1967.7957
load_26,2013-03-04 11:00:00,2374.8,2243.1409,41,12,2000.496,2243.1409,2399.338
load_26,2013-03-04 12:00:00,2194.2,2357.6245,41,13,2143.6003,2357.6245,2499.1982
load_26,2013-03-04 13:00:00,2253.6,2391.2703,41,14,2159.5833,2391.2703,2536.0415
load_26,2013-03-04 14:00:00,2278.5,2348.5469,41,15,2163.8347,2348.5469,2511.416
load_26,2013-03-04 15:00:00,2356.2,2352.9946,41,16,2166.4053,2352.9946,2496.997
load_26,2013-03-04 16:00:00,2433.3,2408.6182,41,17,2170.477,2408.6182,2536.6482
load_26,2013-03-04 17:00:00,2446.5,2453.5605,41,18,2282.9277,2453.5605,2596.834
load_26,2013-03-04 18:00:00,2483.7,2458.087,41,19,2278.1042,2458.087,2613.2466
load_26,2013-03-04 19:00:00,2433.9,2428.1348,41,20,2175.3762,2428.1348,2595.8706
load_26,2013-03-04 20:00:00,2064.6,2123.8354,41,21,1811.4534,2123.8354,2313.1558
load_26,2013-03-04 21:00:00,995.1,1100.0117,41,22,890.6671,1100.0117,1286.0052
load_26,2013-03-04 22:00:00,705.6,703.9452,41,23,582.13007,703.9452,863.83844
load_26,2013-03-04 23:00:00,460.5,510.18988,41,24,437.8435,510.18988,592.49994
load_26,2013-03-05 00:00:00,383.4,386.50842,42,1,324.75195,386.50842,448.3109
load_26,2013-03-05 01:00:00,380.7,367.9848,42,2,309.59998,367.9848,430.40527
load_26,2013-03-05 02:00:00,362.7,366.22278,42,3,305.2649,366.22278,416.6772
load_26,2013-03-05 03:00:00,323.7,352.7804,42,4,300.09167,352.7804,404.12567
load_26,2013-03-05 04:00:00,389.4,349.2035,42,5,295.18506,349.2035,400.55865
load_26,2013-03-05 05:00:00,413.4,372.62732,42,6,316.96094,372.62732,424.8288
load_26,2013-03-05 06:00:00,449.1,395.10443,42,7,340.85925,395.10443,456.58942
load_26,2013-03-05 07:00:00,504.9,448.71844,42,8,372.71515,448.71844,502.0099
load_26,2013-03-05 08:00:00,617.4,563.1603,42,9,476.1609,563.1603,652.5088
load_26,2013-03-05 09:00:00,1205.1,1165.395,42,10,1018.9901,1165.395,1286.5814
load_26,2013-03-05 10:00:00,1893.3,1808.3341,42,11,1637.3933,1808.3341,1959.9307
load_26,2013-03-05 11:00:00,2453.1,2292.3584,42,12,2131.9314,2292.3584,2410.3425
load_26,2013-03-05 12:00:00,2402.7,2343.0137,42,13,2159.1284,2343.0137,2472.3472
load_26,2013-03-05 13:00:00,2416.2,2355.832,42,14,2166.379,2355.832,2480.351
load_26,2013-03-05 14:00:00,2365.5,2324.6155,42,15,2177.2603,2324.6155,2469.5337
load_26,2013-03-05 15:00:00,2325.9,2339.117,42,16,2194.0261,2339.117,2465.2239
load_26,2013-03-05 16:00:00,2324.7,2404.7334,42,17,2234.9854,2404.7334,2521.9946
load_26,2013-03-05 17:00:00,2409.0,2414.9785,42,18,2271.0327,2414.9785,2541.9165
load_26,2013-03-05 18:00:00,2439.9,2420.9355,42,19,2270.61,2420.9355,2561.7354
load_26,2013-03-05 19:00:00,2394.6,2378.4272,42,20,2186.8455,2378.4272,2516.212
load_26,2013-03-05 20:00:00,2022.3,2073.395,42,21,1843.7452,2073.395,2240.4263
load_26,2013-03-05 21:00:00,1006.8,1029.984,42,22,866.5966,1029.984,1176.1625
load_26,2013-03-05 22:00:00,691.5,678.79486,42,23,561.77423,678.79486,816.3718
load_26,2013-03-05 23:00:00,455.7,492.8393,42,24,405.03503,492.8393,584.64307
load_26,2013-03-06 00:00:00,402.3,393.32288,43,1,345.97864,393.32288,441.1026
load_26,2013-03-06 01:00:00,408.6,376.27094,43,2,331.432,376.27094,423.41632
load_26,2013-03-06 02:00:00,383.4,376.87488,43,3,329.0161,376.87488,412.74396
load_26,2013-03-06 03:00:00,345.3,369.65582,43,4,330.21545,369.65582,406.22913
load_26,2013-03-06 04:00:00,341.4,366.5074,43,5,323.39746,366.5074,405.61627
load_26,2013-03-06 05:00:00,343.5,389.10315,43,6,344.27405,389.10315,431.05206
load_26,2013-03-06 06:00:00,372.9,413.41473,43,7,369.8628,413.41473,465.4231
load_26,2013-03-06 07:00:00,435.0,461.34015,43,8,393.63147,461.34015,505.54974
load_26,2013-03-06 08:00:00,585.3,554.2907,43,9,479.7403,554.2907,659.8629
load_26,2013-03-06 09:00:00,1169.1,1143.2266,43,10,981.02246,1143.2266,1293.8335
load_26,2013-03-06 10:00:00,1855.2,1817.3301,43,11,1627.6509,1817.3301,1996.5424
load_26,2013-03-06 11:00:00,2130.0,2289.255,43,12,2113.3296,2289.255,2422.3691
load_26,2013-03-06 12:00:00,2287.2,2295.5347,43,13,2100.3354,2295.5347,2446.0732
load_26,2013-03-06 13:00:00,2533.2,2316.6746,43,14,2115.6162,2316.6746,2459.9595
load_26,2013-03-06 14:00:00,2454.9,2283.4604,43,15,2130.9204,2283.4604,2449.6367
load_26,2013-03-06 15:00:00,2408.4,2297.517,43,16,2146.9517,2297.517,2441.0435
load_26,2013-03-06 16:00:00,2416.5,2362.3608,43,17,2163.9624,2362.3608,2494.1064
load_26,2013-03-06 17:00:00,2488.8,2391.26,43,18,2232.1252,2391.26,2539.379
load_26,2013-03-06 18:00:00,2525.7,2394.3926,43,19,2229.8315,2394.3926,2557.1401
load_26,2013-03-06 19:00:00,2461.8,2372.5693,43,20,2146.491,2372.5693,2547.1968
load_26,2013-03-06 20:00:00,2063.1,2046.6917,43,21,1766.7817,2046.6917,2246.8667
load_26,2013-03-06 21:00:00,1007.7,992.0388,43,22,811.8351,992.0388,1172.8802
load_26,2013-03-06 22:00:00,727.2,667.06177,43,23,554.72394,667.06177,819.5042
load_26,2013-03-06 23:00:00,483.3,468.08936,43,24,404.07617,468.08936,550.89453
load_26,2013-03-07 00:00:00,406.8,399.58392,44,1,349.3366,399.58392,449.5915
load_26,2013-03-07 01:00:00,373.2,378.86865,44,2,329.80634,378.86865,430.78687
load_26,2013-03-07 02:00:00,363.9,372.037,44,3,322.48657,372.037,411.6253
load_26,2013-03-07 03:00:00,325.5,359.81354,44,4,319.5221,359.81354,399.6557
load_26,2013-03-07 04:00:00,309.0,354.6792,44,5,310.72998,354.6792,396.86108
load_26,2013-03-07 05:00:00,331.8,375.95807,44,6,329.72845,375.95807,416.99963
load_26,2013-03-07 06:00:00,367.5,402.10114,44,7,358.31567,402.10114,456.1137
load_26,2013-03-07 07:00:00,435.0,447.09314,44,8,383.2978,447.09314,493.77814
load_26,2013-03-07 08:00:00,547.5,558.9954,44,9,486.2243,558.9954,650.8901
load_26,2013-03-07 09:00:00,1146.9,1135.9827,44,10,973.1261,1135.9827,1268.9578
load_26,2013-03-07 10:00:00,1667.4,1794.5643,44,11,1601.8427,1794.5643,1959.9319
load_26,2013-03-07 11:00:00,2407.8,2292.643,44,12,2092.642,2292.643,2415.799
load_26,2013-03-07 12:00:00,2513.7,2323.1077,44,13,2099.3438,2323.1077,2465.6646
load_26,2013-03-07 13:00:00,2532.6,2354.0095,44,14,2134.4692,2354.0095,2485.6887
load_26,2013-03-07 14:00:00,2455.2,2324.8948,44,15,2146.8887,2324.8948,2477.1191
load_26,2013-03-07 15:00:00,2428.8,2333.085,44,16,2167.3665,2333.085,2463.852
load_26,2013-03-07 16:00:00,2445.9,2390.587,44,17,2187.4565,2390.587,2499.688
load_26,2013-03-07 17:00:00,2520.3,2401.2754,44,18,2251.8657,2401.2754,2522.5615
load_26,2013-03-07 18:00:00,2536.2,2404.8499,44,19,2244.6597,2404.8499,2537.8962
load_26,2013-03-07 19:00:00,2483.4,2381.685,44,20,2167.0564,2381.685,2517.7227
load_26,2013-03-07 20:00:00,2075.1,2052.6362,44,21,1800.1285,2052.6362,2215.748
load_26,2013-03-07 21:00:00,1035.3,966.82874,44,22,806.55133,966.82874,1108.353
load_26,2013-03-07 22:00:00,756.0,674.05066,44,23,565.76013,674.05066,806.68097
load_26,2013-03-07 23:00:00,504.6,478.14062,44,24,406.10913,478.14062,554.40607
load_26,2013-03-12 00:00:00,465.6,399.45172,45,1,349.4563,399.45172,449.74286
load_26,2013-03-12 01:00:00,467.1,376.57538,45,2,327.73065,376.57538,428.43524
load_26,2013-03-12 02:00:00,418.2,365.25238,45,3,314.3813,365.25238,404.6855
load_26,2013-03-12 03:00:00,361.5,349.56183,45,4,307.57227,349.56183,390.43774
load_26,2013-03-12 04:00:00,372.3,345.0816,45,5,300.4348,345.0816,388.09967
load_26,2013-03-12 05:00:00,373.8,368.96057,45,6,321.62195,368.96057,411.5824
load_26,2013-03-12 06:00:00,399.6,396.4394,45,7,351.06854,396.4394,452.41504
load_26,2013-03-12 07:00:00,458.1,443.27454,45,8,373.95056,443.27454,490.42206
load_26,2013-03-12 08:00:00,558.0,566.7556,45,9,485.24036,566.7556,670.096
load_26,2013-03-12 09:00:00,1125.6,1175.731,45,10,1011.44727,1175.731,1318.4993
load_26,2013-03-12 10:00:00,1756.2,1856.9836,45,11,1663.584,1856.9836,2027.8188
load_26,2013-03-12 11:00:00,1935.0,2314.0698,45,12,2136.9426,2314.0698,2442.6619
load_26,2013-03-12 12:00:00,1958.4,2370.871,45,13,2176.4202,2370.871,2507.745
load_26,2013-03-12 13:00:00,2459.4,2402.7458,45,14,2203.352,2402.7458,2537.2212
load_26,2013-03-12 14:00:00,2460.9,2389.7783,45,15,2235.4578,2389.7783,2534.6707
load_26,2013-03-12 15:00:00,2452.2,2375.9731,45,16,2228.999,2375.9731,2509.1865
load_26,2013-03-12 16:00:00,2449.5,2430.0122,45,17,2216.2705,2430.0122,2549.2388
load_26,2013-03-12 17:00:00,2441.7,2441.045,45,18,2276.4202,2441.045,2582.5896
load_26,2013-03-12 18:00:00,2460.9,2453.3884,45,19,2275.654,2453.3884,2608.4458
load_26,2013-03-12 19:00:00,2420.4,2436.5771,45,20,2196.1748,2436.5771,2605.0037
load_26,2013-03-12 20:00:00,2054.1,2108.4312,45,21,1820.2456,2108.4312,2289.1633
load_26,2013-03-12 21:00:00,998.7,998.1686,45,22,819.37646,998.1686,1160.9963
load_26,2013-03-12 22:00:00,729.0,704.42053,45,23,580.74445,704.42053,855.79645
load_26,2013-03-12 23:00:00,474.9,486.47437,45,24,409.4154,486.47437,566.9977
load_26,2013-03-13 00:00:00,390.6,408.6433,46,1,359.521,408.6433,457.38837
load_26,2013-03-13 01:00:00,402.0,391.88953,46,2,344.66992,391.88953,443.02466
load_26,2013-03-13 02:00:00,410.7,383.37634,46,3,336.2879,383.37634,421.98193
load_26,2013-03-13 03:00:00,360.6,365.3072,46,4,327.12427,365.3072,404.09003
load_26,2013-03-13 04:00:00,357.9,360.7981,46,5,319.2094,360.7981,401.00806
load_26,2013-03-13 05:00:00,377.1,382.82794,46,6,339.5943,382.82794,422.16217
load_26,2013-03-13 06:00:00,364.5,407.16467,46,7,366.4145,407.16467,457.82623
load_26,2013-03-13 07:00:00,332.7,451.1563,46,8,390.71283,451.1563,495.13715
load_26,2013-03-13 08:00:00,401.4,561.0031,46,9,486.97345,561.0031,655.5394
load_26,2013-03-13 09:00:00,601.2,1147.0563,46,10,954.92395,1147.0563,1284.4978
load_26,2013-03-13 10:00:00,1158.3,1769.2405,46,11,1547.8773,1769.2405,1938.0626
load_26,2013-03-13 11:00:00,1541.4,2267.3223,46,12,1975.9941,2267.3223,2405.961
load_26,2013-03-13 12:00:00,1635.3,2309.12,46,13,2020.3999,2309.12,2468.1685
load_26,2013-03-13 13:00:00,2132.1,2384.5156,46,14,2134.1008,2384.5156,2515.4282
load_26,2013-03-13 14:00:00,2119.2,2381.3403,46,15,2176.363,2381.3403,2519.1382
load_26,2013-03-13 15:00:00,2078.7,2360.6719,46,16,2162.1414,2360.6719,2494.5952
load_26,2013-03-13 16:00:00,2093.1,2392.4355,46,17,2155.8174,2392.4355,2500.6255
load_26,2013-03-13 17:00:00,2177.7,2392.5757,46,18,2214.199,2392.5757,2513.9482
load_26,2013-03-13 18:00:00,2183.1,2390.754,46,19,2207.4434,2390.754,2525.9487
load_26,2013-03-13 19:00:00,2168.4,2375.2524,46,20,2117.938,2375.2524,2512.4768
load_26,2013-03-13 20:00:00,1797.6,2052.9097,46,21,1757.762,2052.9097,2218.4966
load_26,2013-03-13 21:00:00,769.8,957.7074,46,22,783.08875,957.7074,1094.394
load_26,2013-03-13 22:00:00,527.4,687.5549,46,23,574.486,687.5549,818.74304
load_26,2013-03-13 23:00:00,387.9,484.58417,46,24,414.46106,484.58417,558.63513
load_26,2013-03-14 00:00:00,375.6,385.88452,47,1,335.14307,385.88452,431.42194
load_26,2013-03-14 01:00:00,360.0,377.6833,47,2,326.4944,377.6833,431.1629
load_26,2013-03-14 02:00:00,356.1,376.38068,47,3,327.2442,376.38068,419.09644
load_26,2013-03-14 03:00:00,306.3,358.9206,47,4,314.26312,358.9206,403.51855
load_26,2013-03-14 04:00:00,307.2,358.84473,47,5,313.30475,358.84473,405.22974
load_26,2013-03-14 05:00:00,323.7,376.80994,47,6,325.28857,376.80994,424.953
load_26,2013-03-14 06:00:00,359.4,389.7058,47,7,340.3485,389.7058,448.69635
load_26,2013-03-14 07:00:00,436.8,396.7506,47,8,342.35193,396.7506,469.7124
load_26,2013-03-14 08:00:00,573.6,477.7575,47,9,391.15527,477.7575,610.8145
load_26,2013-03-14 09:00:00,1151.4,981.27234,47,10,726.32446,981.27234,1201.44
load_26,2013-03-14 10:00:00,1776.6,1629.4338,47,11,1247.6664,1629.4338,1890.416
load_26,2013-03-14 11:00:00,2174.4,1987.6262,47,12,1543.7296,1987.6262,2257.3213
load_26,2013-03-14 12:00:00,2262.3,2058.5623,47,13,1603.2224,2058.5623,2322.7727
load_26,2013-03-14 13:00:00,2318.4,2269.682,47,14,1899.8206,2269.682,2484.601
load_26,2013-03-14 14:00:00,2490.9,2291.4666,47,15,1915.8345,2291.4666,2488.5947
load_26,2013-03-14 15:00:00,2451.9,2258.9937,47,16,1916.0076,2258.9937,2453.1016
load_26,2013-03-14 16:00:00,2454.9,2278.239,47,17,1993.3966,2278.239,2427.4663
load_26,2013-03-14 17:00:00,2507.1,2304.5845,47,18,2050.1777,2304.5845,2455.7158
load_26,2013-03-14 18:00:00,2550.0,2304.7715,47,19,2062.6682,2304.7715,2473.7747
load_26,2013-03-14 19:00:00,2525.4,2287.4346,47,20,2005.1665,2287.4346,2457.1636
load_26,2013-03-14 20:00:00,2113.2,1930.6738,47,21,1628.085,1930.6738,2134.5452
load_26,2013-03-14 21:00:00,1020.3,875.2958,47,22,697.4639,875.2958,1031.977
load_26,2013-03-14 22:00:00,750.6,631.3475,47,23,520.00085,631.3475,770.6405
load_26,2013-03-14 23:00:00,483.3,448.94897,47,24,381.79236,448.94897,535.276
load_26,2013-03-15 00:00:00,406.5,405.86298,48,1,358.9754,405.86298,453.85608
load_26,2013-03-15 01:00:00,402.9,389.28027,48,2,344.5421,389.28027,436.2284
load_26,2013-03-15 02:00:00,383.7,381.96808,48,3,335.42493,381.96808,417.84967
load_26,2013-03-15 03:00:00,357.3,363.61798,48,4,324.6806,363.61798,399.422
load_26,2013-03-15 04:00:00,356.7,359.88824,48,5,319.68787,359.88824,397.3648
load_26,2013-03-15 05:00:00,347.4,380.64392,48,6,337.87042,380.64392,416.5321
load_26,2013-03-15 06:00:00,369.0,402.3849,48,7,360.99225,402.3849,450.8122
load_26,2013-03-15 07:00:00,445.8,451.72028,48,8,385.36926,451.72028,490.4115
load_26,2013-03-15 08:00:00,531.9,570.15393,48,9,494.13977,570.15393,657.27606
load_26,2013-03-15 09:00:00,882.6,1175.2462,48,10,1048.9218,1175.2462,1293.6266
load_26,2013-03-15 10:00:00,1578.3,1810.6775,48,11,1649.2325,1810.6775,1956.4852
load_26,2013-03-15 11:00:00,2130.6,2287.5227,48,12,2134.7666,2287.5227,2396.666
load_26,2013-03-15 12:00:00,2192.7,2347.2588,48,13,2183.226,2347.2588,2467.4656
load_26,2013-03-15 13:00:00,2297.7,2407.3003,48,14,2254.8872,2407.3003,2508.9849
load_26,2013-03-15 14:00:00,2521.8,2420.8025,48,15,2295.3442,2420.8025,2520.5315
load_26,2013-03-15 15:00:00,2501.7,2392.2708,48,16,2275.8608,2392.2708,2496.0605
load_26,2013-03-15 16:00:00,2495.1,2414.0347,48,17,2273.153,2414.0347,2503.5928
load_26,2013-03-15 17:00:00,2507.7,2424.6248,48,18,2306.5867,2424.6248,2527.1401
load_26,2013-03-15 18:00:00,2543.4,2442.5183,48,19,2319.873,2442.5183,2556.7866
load_26,2013-03-15 19:00:00,2502.6,2416.8105,48,20,2270.1675,2416.8105,2533.2432
load_26,2013-03-15 20:00:00,2206.5,2086.7231,48,21,1906.6536,2086.7231,2225.2856
load_26,2013-03-15 21:00:00,1343.1,971.56067,48,22,846.0223,971.56067,1094.237
load_26,2013-03-15 22:00:00,769.5,687.43243,48,23,601.22455,687.43243,801.8177
load_26,2013-03-15 23:00:00,492.6,492.45685,48,24,425.66394,492.45685,562.45215
load_26,2013-03-18 00:00:00,399.6,403.5025,49,1,353.95172,403.5025,452.91437
load_26,2013-03-18 01:00:00,442.2,384.55902,49,2,335.5362,384.55902,438.69885
load_26,2013-03-18 02:00:00,415.5,381.88562,49,3,333.77008,381.88562,422.55292
load_26,2013-03-18 03:00:00,346.2,361.2257,49,4,321.8145,361.2257,401.43097
load_26,2013-03-18 04:00:00,348.3,352.0677,49,5,310.37048,352.0677,393.52936
load_26,2013-03-18 05:00:00,346.5,370.05225,49,6,324.4873,370.05225,411.11127
load_26,2013-03-18 06:00:00,377.1,394.23596,49,7,351.2309,394.23596,446.62854
load_26,2013-03-18 07:00:00,446.7,437.07367,49,8,374.50116,437.07367,489.97308
load_26,2013-03-18 08:00:00,546.6,555.1261,49,9,475.51062,555.1261,668.7774
load_26,2013-03-18 09:00:00,882.3,1111.7063,49,10,928.64966,1111.7063,1267.6274
load_26,2013-03-18 10:00:00,1555.5,1782.6696,49,11,1582.0093,1782.6696,1964.2466
load_26,2013-03-18 11:00:00,2105.7,2185.1326,49,12,1954.541,2185.1326,2358.0815
load_26,2013-03-18 12:00:00,2259.6,2293.8555,49,13,2061.9058,2293.8555,2475.518
load_26,2013-03-18 13:00:00,2331.6,2411.8945,49,14,2190.151,2411.8945,2554.961
load_26,2013-03-18 14:00:00,2381.1,2469.606,49,15,2297.2188,2469.606,2602.5671
load_26,2013-03-18 15:00:00,2357.4,2431.9363,49,16,2277.4612,2431.9363,2574.4182
load_26,2013-03-18 16:00:00,2353.5,2456.0312,49,17,2280.4858,2456.0312,2568.3691
load_26,2013-03-18 17:00:00,2376.9,2450.586,49,18,2305.0127,2450.586,2577.2334
load_26,2013-03-18 18:00:00,2404.5,2463.958,49,19,2312.7988,2463.958,2602.3032
load_26,2013-03-18 19:00:00,2409.9,2439.3164,49,20,2243.979,2439.3164,2588.683
load_26,2013-03-18 20:00:00,2034.6,2139.0032,49,21,1884.9348,2139.0032,2305.9392
load_26,2013-03-18 21:00:00,986.4,1090.82,49,22,901.4769,1090.82,1262.5195
load_26,2013-03-18 22:00:00,713.1,735.7295,49,23,612.2957,735.7295,889.5995
load_26,2013-03-18 23:00:00,447.9,505.21948,49,24,423.72803,505.21948,583.3326
load_26,2013-03-19 00:00:00,376.2,397.6773,50,1,357.90375,397.6773,439.82275
load_26,2013-03-19 01:00:00,377.4,382.77875,50,2,342.5423,382.77875,427.42303
load_26,2013-03-19 02:00:00,360.3,375.90918,50,3,335.94934,375.90918,410.27527
load_26,2013-03-19 03:00:00,309.6,357.69843,50,4,325.70697,357.69843,388.38513
load_26,2013-03-19 04:00:00,311.1,351.7705,50,5,317.68365,351.7705,382.6151
load_26,2013-03-19 05:00:00,333.6,364.6471,50,6,326.6764,364.6471,393.72723
load_26,2013-03-19 06:00:00,397.5,385.64178,50,7,349.3075,385.64178,421.65802
load_26,2013-03-19 07:00:00,494.1,411.01166,50,8,366.25665,411.01166,455.8877
load_26,2013-03-19 08:00:00,543.0,506.37708,50,9,445.72253,506.37708,596.94257
load_26,2013-03-19 09:00:00,885.9,946.8458,50,10,785.18005,946.8458,1083.4027
load_26,2013-03-19 10:00:00,1555.8,1576.1687,50,11,1377.7651,1576.1687,1759.7473
load_26,2013-03-19 11:00:00,2079.3,2055.1626,50,12,1799.3374,2055.1626,2228.1404
load_26,2013-03-19 12:00:00,2329.8,2166.175,50,13,1921.6104,2166.175,2352.3232
load_26,2013-03-19 13:00:00,2398.8,2316.4524,50,14,2091.3704,2316.4524,2451.2324
load_26,2013-03-19 14:00:00,2383.5,2376.836,50,15,2200.3096,2376.836,2501.7104
load_26,2013-03-19 15:00:00,2362.5,2339.9834,50,16,2169.5513,2339.9834,2476.9236
load_26,2013-03-19 16:00:00,2369.4,2362.646,50,17,2143.7998,2362.646,2475.1824
load_26,2013-03-19 17:00:00,2393.1,2371.808,50,18,2213.242,2371.808,2500.6335
load_26,2013-03-19 18:00:00,2400.3,2373.8506,50,19,2213.147,2373.8506,2517.3486
load_26,2013-03-19 19:00:00,2370.6,2361.7417,50,20,2138.6157,2361.7417,2516.9338
load_26,2013-03-19 20:00:00,1993.2,2066.5938,50,21,1788.2954,2066.5938,2239.716
load_26,2013-03-19 21:00:00,961.8,1002.76526,50,22,827.2302,1002.76526,1160.4238
load_26,2013-03-19 22:00:00,694.2,671.7995,50,23,562.8284,671.7995,814.20166
load_26,2013-03-19 23:00:00,456.9,469.3228,50,24,409.4718,469.3228,543.5621
load_26,2013-03-20 00:00:00,420.3,386.55347,51,1,337.55634,386.55347,434.9491
load_26,2013-03-20 01:00:00,423.0,367.12653,51,2,319.65503,367.12653,418.89697
load_26,2013-03-20 02:00:00,363.0,360.3819,51,3,311.1833,360.3819,401.41766
load_26,2013-03-20 03:00:00,323.4,334.6577,51,4,290.51343,334.6577,379.3744
load_26,2013-03-20 04:00:00,316.8,329.82788,51,5,282.51605,329.82788,377.27985
load_26,2013-03-20 05:00:00,336.0,350.43652,51,6,298.70044,350.43652,399.1917
load_26,2013-03-20 06:00:00,370.2,372.7953,51,7,319.4489,372.7953,433.8285
load_26,2013-03-20 07:00:00,451.8,404.7586,51,8,338.61603,404.7586,468.98694
load_26,2013-03-20 08:00:00,559.2,494.21448,51,9,407.99512,494.21448,614.08136
load_26,2013-03-20 09:00:00,945.0,899.4978,51,10,710.89496,899.4978,1085.027
load_26,2013-03-20 10:00:00,1624.5,1523.1958,51,11,1262.9147,1523.1958,1759.5858
load_26,2013-03-20 11:00:00,2094.9,1978.6624,51,12,1660.4453,1978.6624,2195.8755
load_26,2013-03-20 12:00:00,2277.3,2120.1533,51,13,1782.8751,2120.1533,2340.5786
load_26,2013-03-20 13:00:00,2336.4,2273.421,51,14,1988.5453,2273.421,2444.397
load_26,2013-03-20 14:00:00,2391.9,2328.8633,51,15,2068.638,2328.8633,2487.7302
load_26,2013-03-20 15:00:00,2408.4,2298.3914,51,16,2050.594,2298.3914,2468.1074
load_26,2013-03-20 16:00:00,2410.8,2324.777,51,17,2064.6401,2324.777,2466.758
load_26,2013-03-20 17:00:00,2416.5,2335.9875,51,18,2125.1409,2335.9875,2490.8442
load_26,2013-03-20 18:00:00,2447.4,2330.2913,51,19,2132.7505,2330.2913,2497.255
load_26,2013-03-20 19:00:00,2437.8,2325.1123,51,20,2066.1,2325.1123,2497.834
load_26,2013-03-20 20:00:00,2045.7,1978.5739,51,21,1676.5327,1978.5739,2180.4336
load_26,2013-03-20 21:00:00,1008.3,910.3635,51,22,731.43195,910.3635,1078.2203
load_26,2013-03-20 22:00:00,741.0,647.20636,51,23,529.04156,647.20636,797.707
load_26,2013-03-20 23:00:00,493.5,456.17883,51,24,380.04248,456.17883,544.7946
load_26,2013-03-21 00:00:00,425.4,396.41272,52,1,349.42047,396.41272,442.7614
load_26,2013-03-21 01:00:00,416.4,381.23553,52,2,337.37524,381.23553,431.28717
load_26,2013-03-21 02:00:00,398.1,373.07526,52,3,327.65277,373.07526,409.60187
load_26,2013-03-21 03:00:00,340.8,353.92834,52,4,315.05798,353.92834,387.73206
load_26,2013-03-21 04:00:00,345.9,348.29443,52,5,310.51123,348.29443,381.44025
load_26,2013-03-21 05:00:00,342.3,362.14404,52,6,320.84113,362.14404,393.86896
load_26,2013-03-21 06:00:00,363.9,391.87555,52,7,351.80334,391.87555,433.6258
load_26,2013-03-21 07:00:00,454.5,446.8006,52,8,387.43048,446.8006,483.70856
load_26,2013-03-21 08:00:00,586.2,547.3193,52,9,477.0595,547.3193,621.352
load_26,2013-03-21 09:00:00,1105.2,969.44244,52,10,849.7481,969.44244,1051.9742
load_26,2013-03-21 10:00:00,1738.5,1639.0697,52,11,1506.4304,1639.0697,1760.2598
load_26,2013-03-21 11:00:00,2240.4,2115.449,52,12,1951.544,2115.449,2227.1086
load_26,2013-03-21 12:00:00,2276.4,2239.3625,52,13,2092.7017,2239.3625,2362.5981
load_26,2013-03-21 13:00:00,2270.4,2345.376,52,14,2204.1638,2345.376,2434.8232
load_26,2013-03-21 14:00:00,2406.6,2405.4082,52,15,2289.4102,2405.4082,2489.236
load_26,2013-03-21 15:00:00,2466.6,2378.285,52,16,2274.1443,2378.285,2472.4565
load_26,2013-03-21 16:00:00,2454.6,2405.7632,52,17,2265.522,2405.7632,2496.767
load_26,2013-03-21 17:00:00,2479.2,2401.5293,52,18,2279.2266,2401.5293,2503.5518
load_26,2013-03-21 18:00:00,2507.4,2411.6147,52,19,2284.065,2411.6147,2524.7822
load_26,2013-03-21 19:00:00,2512.5,2393.604,52,20,2230.2983,2393.604,2510.6812
load_26,2013-03-21 20:00:00,2043.6,2107.245,52,21,1884.6553,2107.245,2245.9133
load_26,2013-03-21 21:00:00,1100.1,1039.5366,52,22,876.8869,1039.5366,1176.6399
load_26,2013-03-21 22:00:00,792.0,701.86584,52,23,597.2202,701.86584,830.7315
load_26,2013-03-21 23:00:00,512.4,493.15094,52,24,419.13647,493.15094,562.232
load_26,2013-03-22 00:00:00,430.5,414.87122,53,1,370.235,414.87122,458.33673
load_26,2013-03-22 01:00:00,421.2,392.26953,53,2,350.42786,392.26953,441.78625
load_26,2013-03-22 02:00:00,392.1,383.69116,53,3,339.77582,383.69116,418.20215
load_26,2013-03-22 03:00:00,399.9,365.4328,53,4,329.3606,365.4328,398.336
load_26,2013-03-22 04:00:00,395.4,359.86,53,5,323.24567,359.86,391.8758
load_26,2013-03-22 05:00:00,352.8,368.51532,53,6,329.94244,368.51532,398.98584
load_26,2013-03-22 06:00:00,381.3,392.1021,53,7,353.45465,392.1021,431.529
load_26,2013-03-22 07:00:00,463.8,444.4411,53,8,385.305,444.4411,479.93896
load_26,2013-03-22 08:00:00,561.0,556.86487,53,9,488.01617,556.86487,635.26965
load_26,2013-03-22 09:00:00,930.0,991.5305,53,10,864.46686,991.5305,1087.5317
load_26,2013-03-22 10:00:00,1845.3,1650.6521,53,11,1511.4902,1650.6521,1775.513
load_26,2013-03-22 11:00:00,2227.5,2141.9111,53,12,1972.7463,2141.9111,2255.6548
load_26,2013-03-22 12:00:00,2263.2,2241.4578,53,13,2078.0051,2241.4578,2362.1719
load_26,2013-03-22 13:00:00,2387.7,2332.065,53,14,2158.0076,2332.065,2425.9817
load_26,2013-03-22 14:00:00,2546.1,2391.685,53,15,2264.8508,2391.685,2477.5044
load_26,2013-03-22 15:00:00,2550.3,2376.2388,53,16,2260.0894,2376.2388,2474.5437
load_26,2013-03-22 16:00:00,2528.7,2402.7588,53,17,2240.8027,2402.7588,2495.043
load_26,2013-03-22 17:00:00,2534.4,2399.1763,53,18,2266.2236,2399.1763,2504.51
load_26,2013-03-22 18:00:00,2562.6,2410.7676,53,19,2265.4531,2410.7676,2528.4053
load_26,2013-03-22 19:00:00,2550.0,2403.5908,53,20,2214.5361,2403.5908,2525.2976
load_26,2013-03-22 20:00:00,2263.5,2100.5762,53,21,1847.0935,2100.5762,2244.4749
load_26,2013-03-22 21:00:00,1368.3,1072.3468,53,22,895.2191,1072.3468,1221.3701
load_26,2013-03-22 22:00:00,771.3,720.528,53,23,604.2223,720.528,855.9695
load_26,2013-03-22 23:00:00,496.5,493.91974,53,24,417.68176,493.91974,566.83203
load_26,2013-03-25 00:00:00,418.2,421.06824,54,1,371.1905,421.06824,467.82092
load_26,2013-03-25 01:00:00,410.1,398.27502,54,2,354.56946,398.27502,448.93683
load_26,2013-03-25 02:00:00,368.4,389.7506,54,3,342.3955,389.7506,424.8498
load_26,2013-03-25 03:00:00,316.8,371.81598,54,4,329.97455,371.81598,406.44965
load_26,2013-03-25 04:00:00,317.7,364.911,54,5,325.54138,364.911,399.15802
load_26,2013-03-25 05:00:00,338.7,370.46826,54,6,329.13318,370.46826,401.28632
load_26,2013-03-25 06:00:00,372.0,397.7248,54,7,355.80652,397.7248,435.14343
load_26,2013-03-25 07:00:00,455.7,461.4284,54,8,409.68512,461.4284,500.7094
load_26,2013-03-25 08:00:00,549.6,574.9025,54,9,513.08655,574.9025,645.5583
load_26,2013-03-25 09:00:00,861.3,998.9918,54,10,911.4617,998.9918,1069.935
load_26,2013-03-25 10:00:00,1669.5,1708.0503,54,11,1599.6521,1708.0503,1811.1963
load_26,2013-03-25 11:00:00,2225.4,2197.2178,54,12,2083.844,2197.2178,2299.9297
load_26,2013-03-25 12:00:00,2431.2,2294.3696,54,13,2186.899,2294.3696,2404.4526
load_26,2013-03-25 13:00:00,2458.2,2377.436,54,14,2261.1516,2377.436,2465.9805
load_26,2013-03-25 14:00:00,2421.3,2447.1199,54,15,2347.1138,2447.1199,2528.599
load_26,2013-03-25 15:00:00,2415.3,2430.894,54,16,2339.8184,2430.894,2524.56
load_26,2013-03-25 16:00:00,2417.7,2451.9934,54,17,2337.1628,2451.9934,2539.248
load_26,2013-03-25 17:00:00,2449.8,2445.4048,54,18,2337.3926,2445.4048,2546.5898
load_26,2013-03-25 18:00:00,2511.3,2455.6318,54,19,2342.8745,2455.6318,2565.476
load_26,2013-03-25 19:00:00,2505.6,2455.8198,54,20,2328.5923,2455.8198,2566.8716
load_26,2013-03-25 20:00:00,2107.5,2140.8542,54,21,1959.1564,2140.8542,2274.455
load_26,2013-03-25 21:00:00,1042.5,1161.3805,54,22,997.9917,1161.3805,1305.7745
load_26,2013-03-25 22:00:00,758.7,744.89844,54,23,645.22766,744.89844,879.62366
load_26,2013-03-25 23:00:00,500.4,509.38818,54,24,440.77765,509.38818,584.54706
load_26,2013-03-26 00:00:00,403.2,400.62103,55,1,354.13007,400.62103,444.6568
load_26,2013-03-26 01:00:00,385.8,378.46088,55,2,338.1115,378.46088,425.30212
load_26,2013-03-26 02:00:00,366.0,372.4798,55,3,329.12213,372.4798,403.45056
load_26,2013-03-26 03:00:00,317.1,355.6557,55,4,315.95203,355.6557,387.40607
load_26,2013-03-26 04:00:00,313.8,351.77716,55,5,316.1978,351.77716,382.03674
load_26,2013-03-26 05:00:00,334.2,359.47845,55,6,321.2381,359.47845,386.71484
load_26,2013-03-26 06:00:00,357.6,388.34424,55,7,349.27942,388.34424,421.56348
load_26,2013-03-26 07:00:00,430.5,445.86133,55,8,398.03326,445.86133,480.4975
load_26,2013-03-26 08:00:00,529.2,547.81836,55,9,491.99213,547.81836,609.8486
load_26,2013-03-26 09:00:00,873.0,951.0569,55,10,867.4949,951.0569,1016.1969
load_26,2013-03-26 10:00:00,1605.6,1700.9502,55,11,1598.3671,1700.9502,1795.6799
load_26,2013-03-26 11:00:00,2053.8,2199.4216,55,12,2097.0676,2199.4216,2292.651
load_26,2013-03-26 12:00:00,2055.9,2315.4746,55,13,2230.5098,2315.4746,2406.8901
load_26,2013-03-26 13:00:00,2219.4,2379.6538,55,14,2282.8225,2379.6538,2456.3452
load_26,2013-03-26 14:00:00,2463.0,2433.065,55,15,2343.2595,2433.065,2506.226
load_26,2013-03-26 15:00:00,2422.8,2405.4412,55,16,2325.7317,2405.4412,2489.2402
load_26,2013-03-26 16:00:00,2411.1,2436.4595,55,17,2331.1257,2436.4595,2516.545
load_26,2013-03-26 17:00:00,2434.5,2428.1694,55,18,2331.2727,2428.1694,2521.812
load_26,2013-03-26 18:00:00,2478.6,2432.8892,55,19,2332.1902,2432.8892,2534.8628
load_26,2013-03-26 19:00:00,2469.3,2436.14,55,20,2328.4092,2436.14,2536.8208
load_26,2013-03-26 20:00:00,2062.2,2133.6206,55,21,1979.7184,2133.6206,2257.1816
load_26,2013-03-26 21:00:00,972.9,1131.268,55,22,989.23254,1131.268,1249.0907
load_26,2013-03-26 22:00:00,705.3,732.57056,55,23,647.7202,732.57056,849.07245
load_26,2013-03-26 23:00:00,469.5,495.99274,55,24,434.85156,495.99274,564.94495
load_26,2013-03-27 00:00:00,398.4,395.48187,56,1,351.41455,395.48187,437.26172
load_26,2013-03-27 01:00:00,393.6,372.96094,56,2,334.20428,372.96094,415.92865
load_26,2013-03-27 02:00:00,364.8,367.80743,56,3,326.5746,367.80743,395.9057
load_26,2013-03-27 03:00:00,319.5,352.07153,56,4,314.8499,352.07153,379.87476
load_26,2013-03-27 04:00:00,320.1,350.81464,56,5,316.13562,350.81464,377.56927
load_26,2013-03-27 05:00:00,336.3,358.36475,56,6,320.64996,358.36475,383.50507
load_26,2013-03-27 06:00:00,354.0,382.00732,56,7,344.18915,382.00732,410.6286
load_26,2013-03-27 07:00:00,395.7,429.60187,56,8,381.82037,429.60187,461.39008
load_26,2013-03-27 08:00:00,466.2,532.2532,56,9,476.25146,532.2532,589.7372
load_26,2013-03-27 09:00:00,625.8,937.0233,56,10,850.7302,937.0233,1000.0723
load_26,2013-03-27 10:00:00,1210.5,1647.4304,56,11,1552.738,1647.4304,1740.5721
load_26,2013-03-27 11:00:00,1926.6,2161.8015,56,12,2054.7231,2161.8015,2251.2046
load_26,2013-03-27 12:00:00,2043.0,2266.0527,56,13,2172.8892,2266.0527,2362.803
load_26,2013-03-27 13:00:00,2041.2,2344.815,56,14,2245.2202,2344.815,2420.7607
load_26,2013-03-27 14:00:00,2027.7,2402.7388,56,15,2316.5334,2402.7388,2472.46
load_26,2013-03-27 15:00:00,1990.5,2385.2495,56,16,2306.7715,2385.2495,2465.7769
load_26,2013-03-27 16:00:00,2004.3,2407.4678,56,17,2312.7808,2407.4678,2476.8018
load_26,2013-03-27 17:00:00,2032.2,2403.2764,56,18,2319.2183,2403.2764,2486.029
load_26,2013-03-27 18:00:00,2069.4,2417.8123,56,19,2331.5103,2417.8123,2508.8389
load_26,2013-03-27 19:00:00,2068.5,2421.7563,56,20,2336.7913,2421.7563,2509.0322
load_26,2013-03-27 20:00:00,1694.7,2076.5784,56,21,1947.585,2076.5784,2196.525
load_26,2013-03-27 21:00:00,635.4,1019.4482,56,22,912.5165,1019.4482,1122.057
load_26,2013-03-27 22:00:00,430.5,706.6661,56,23,638.608,706.6661,807.3105
load_26,2013-03-27 23:00:00,375.3,484.18127,56,24,435.0003,484.18127,545.78864
load_26,2013-03-28 00:00:00,362.1,370.24738,57,1,321.74658,370.24738,416.30328
load_26,2013-03-28 01:00:00,387.9,362.26978,57,2,312.10638,362.26978,413.93567
load_26,2013-03-28 02:00:00,383.1,361.13086,57,3,310.9115,361.13086,404.05957
load_26,2013-03-28 03:00:00,301.8,349.87006,57,4,303.4828,349.87006,395.9444
load_26,2013-03-28 04:00:00,311.4,349.03778,57,5,300.63806,349.03778,395.85687
load_26,2013-03-28 05:00:00,339.9,354.9057,57,6,299.30725,354.9057,403.90924
load_26,2013-03-28 06:00:00,363.0,365.73834,57,7,311.3012,365.73834,421.7093
load_26,2013-03-28 07:00:00,434.4,368.8161,57,8,317.38556,368.8161,439.42206
load_26,2013-03-28 08:00:00,536.4,423.6275,57,9,354.002,423.6275,523.2053
load_26,2013-03-28 09:00:00,899.7,692.163,57,10,518.5824,692.163,867.74207
load_26,2013-03-28 10:00:00,1627.2,1378.442,57,11,1126.2126,1378.442,1604.0714
load_26,2013-03-28 11:00:00,2290.5,1890.3257,57,12,1597.4277,1890.3257,2111.7524
load_26,2013-03-28 12:00:00,2438.4,1949.174,57,13,1656.9082,1949.174,2179.4424
load_26,2013-03-28 13:00:00,2468.7,2028.6902,57,14,1722.125,2028.6902,2247.8147
load_26,2013-03-28 14:00:00,2453.4,2121.2249,57,15,1816.8247,2121.2249,2328.0093
load_26,2013-03-28 15:00:00,2430.6,2119.1572,57,16,1791.9691,2119.1572,2344.12
load_26,2013-03-28 16:00:00,2452.8,2119.833,57,17,1803.3383,2119.833,2323.2253
load_26,2013-03-28 17:00:00,2459.7,2153.356,57,18,1843.3239,2153.356,2357.8474
load_26,2013-03-28 18:00:00,2475.0,2172.9348,57,19,1856.0162,2172.9348,2386.0361
load_26,2013-03-28 19:00:00,2477.1,2165.2615,57,20,1846.3708,2165.2615,2388.468
load_26,2013-03-28 20:00:00,2077.8,1805.215,57,21,1459.5835,1805.215,2070.7505
load_26,2013-03-28 21:00:00,1107.6,781.05365,57,22,567.3105,781.05365,1024.7753
load_26,2013-03-28 22:00:00,830.1,521.2906,57,23,407.77313,521.2906,709.2759
load_26,2013-03-28 23:00:00,604.2,403.19043,57,24,343.8874,403.19043,499.50836
load_26,2013-03-29 00:00:00,545.7,464.04132,58,1,408.40533,464.04132,505.53082
load_26,2013-03-29 01:00:00,525.0,427.2516,58,2,366.74896,427.2516,487.44495
load_26,2013-03-29 02:00:00,429.6,397.64386,58,3,338.9807,397.64386,452.5819
load_26,2013-03-29 03:00:00,318.0,366.74756,58,4,310.70728,366.74756,423.13776
load_26,2013-03-29 04:00:00,332.7,369.33325,58,5,314.43756,369.33325,424.67365
load_26,2013-03-29 05:00:00,342.6,375.14,58,6,318.88965,375.14,432.10217
load_26,2013-03-29 06:00:00,374.1,397.92865,58,7,339.65186,397.92865,463.25555
load_26,2013-03-29 07:00:00,442.8,469.02454,58,8,393.85944,469.02454,529.4605
load_26,2013-03-29 08:00:00,548.4,585.3635,58,9,489.48175,585.3635,684.53125
load_26,2013-03-29 09:00:00,914.7,959.04004,58,10,828.8061,959.04004,1072.5248
load_26,2013-03-29 10:00:00,1616.1,1715.8315,58,11,1559.4238,1715.8315,1867.9543
load_26,2013-03-29 11:00:00,2300.4,2251.3086,58,12,2094.495,2251.3086,2381.6768
load_26,2013-03-29 12:00:00,2448.9,2356.424,58,13,2206.4653,2356.424,2469.8772
load_26,2013-03-29 13:00:00,2455.5,2392.5132,58,14,2223.6853,2392.5132,2510.7695
load_26,2013-03-29 14:00:00,2439.3,2436.6226,58,15,2292.8564,2436.6226,2548.8496
load_26,2013-03-29 15:00:00,2410.5,2408.2646,58,16,2282.4165,2408.2646,2527.5386
load_26,2013-03-29 16:00:00,2394.6,2443.796,58,17,2291.5833,2443.796,2560.2114
load_26,2013-03-29 17:00:00,2427.9,2442.2197,58,18,2302.9883,2442.2197,2572.5293
load_26,2013-03-29 18:00:00,2504.4,2463.8945,58,19,2318.6665,2463.8945,2605.928
load_26,2013-03-29 19:00:00,2489.4,2461.2944,58,20,2287.9866,2461.2944,2617.4004
load_26,2013-03-29 20:00:00,2215.5,2147.9072,58,21,1910.7253,2147.9072,2317.2715
load_26,2013-03-29 21:00:00,1381.5,1118.9082,58,22,936.17224,1118.9082,1293.9983
load_26,2013-03-29 22:00:00,799.2,770.42926,58,23,642.8564,770.42926,934.5551
load_26,2013-03-29 23:00:00,518.7,541.3102,58,24,448.60822,541.3102,652.9247
load_26,2013-04-01 00:00:00,418.2,443.17572,59,1,389.01733,443.17572,490.10992
load_26,2013-04-01 01:00:00,428.1,411.94977,59,2,358.31244,411.94977,467.23077
load_26,2013-04-01 02:00:00,381.3,382.47192,59,3,331.35437,382.47192,425.83087
load_26,2013-04-01 03:00:00,321.6,349.359,59,4,308.2342,349.359,390.6336
load_26,2013-04-01 04:00:00,335.1,345.2339,59,5,302.32288,345.2339,385.73413
load_26,2013-04-01 05:00:00,341.1,349.46985,59,6,304.00372,349.46985,386.43164
load_26,2013-04-01 06:00:00,369.9,371.60236,59,7,327.08386,371.60236,414.1551
load_26,2013-04-01 07:00:00,456.0,430.76306,59,8,370.42426,430.76306,473.34003
load_26,2013-04-01 08:00:00,548.1,527.3951,59,9,456.81958,527.3951,603.4419
load_26,2013-04-01 09:00:00,870.0,888.8108,59,10,773.6255,888.8108,986.3971
load_26,2013-04-01 10:00:00,1636.5,1660.4717,59,11,1498.45,1660.4717,1806.4514
load_26,2013-04-01 11:00:00,2296.2,2205.6655,59,12,2018.1519,2205.6655,2344.9478
load_26,2013-04-01 12:00:00,2405.7,2299.059,59,13,2107.127,2299.059,2434.3594
load_26,2013-04-01 13:00:00,2438.1,2370.0981,59,14,2165.6118,2370.0981,2490.998
load_26,2013-04-01 14:00:00,2421.0,2430.7495,59,15,2275.5095,2430.7495,2544.9854
load_26,2013-04-01 15:00:00,2410.5,2397.1543,59,16,2257.458,2397.1543,2519.2476
load_26,2013-04-01 16:00:00,2389.5,2412.7778,59,17,2224.3792,2412.7778,2521.4946
load_26,2013-04-01 17:00:00,2384.1,2407.8896,59,18,2254.8582,2407.8896,2530.6409
load_26,2013-04-01 18:00:00,2450.7,2409.6562,59,19,2242.2751,2409.6562,2547.7998
load_26,2013-04-01 19:00:00,2454.6,2429.2712,59,20,2205.7632,2429.2712,2579.7402
load_26,2013-04-01 20:00:00,2053.8,2127.754,59,21,1842.8821,2127.754,2295.3599
load_26,2013-04-01 21:00:00,1017.9,1122.8612,59,22,922.49524,1122.8612,1295.3083
load_26,2013-04-01 22:00:00,738.6,747.83514,59,23,614.94684,747.83514,904.5211
load_26,2013-04-01 23:00:00,496.2,529.71655,59,24,438.9931,529.71655,628.213
load_26,2013-04-02 00:00:00,432.6,400.21143,60,1,360.32758,400.21143,447.422
load_26,2013-04-02 01:00:00,452.7,379.35217,60,2,337.12152,379.35217,428.67468
load_26,2013-04-02 02:00:00,439.2,366.65454,60,3,321.74634,366.65454,403.22845
load_26,2013-04-02 03:00:00,364.5,338.17114,60,4,301.35608,338.17114,372.9942
load_26,2013-04-02 04:00:00,376.5,341.1056,60,5,303.22156,341.1056,375.1723
load_26,2013-04-02 05:00:00,363.9,348.27008,60,6,307.84076,348.27008,380.7384
load_26,2013-04-02 06:00:00,372.6,372.87305,60,7,333.2928,372.87305,410.18976
load_26,2013-04-02 07:00:00,441.3,425.28314,60,8,367.56232,425.28314,463.22894
load_26,2013-04-02 08:00:00,536.1,522.6081,60,9,455.54443,522.6081,592.2222
load_26,2013-04-02 09:00:00,872.1,846.24365,60,10,729.2962,846.24365,947.2393
load_26,2013-04-02 10:00:00,1654.2,1571.1519,60,11,1400.429,1571.1519,1712.998
load_26,2013-04-02 11:00:00,2255.7,2164.9128,60,12,1949.3013,2164.9128,2298.584
load_26,2013-04-02 12:00:00,2450.4,2285.9004,60,13,2083.4893,2285.9004,2401.8838
load_26,2013-04-02 13:00:00,2479.5,2331.0898,60,14,2117.28,2331.0898,2445.1572
load_26,2013-04-02 14:00:00,2435.4,2362.5117,60,15,2197.6714,2362.5117,2469.8152
load_26,2013-04-02 15:00:00,2440.5,2323.394,60,16,2163.286,2323.394,2441.204
load_26,2013-04-02 16:00:00,2439.0,2347.831,60,17,2117.2769,2347.831,2461.8577
load_26,2013-04-02 17:00:00,2455.8,2361.3135,60,18,2179.4968,2361.3135,2483.7227
load_26,2013-04-02 18:00:00,2463.3,2365.3037,60,19,2192.7295,2365.3037,2502.4902
load_26,2013-04-02 19:00:00,2449.2,2381.8118,60,20,2137.4648,2381.8118,2531.3904
load_26,2013-04-02 20:00:00,2054.1,2078.6345,60,21,1766.9291,2078.6345,2249.8416
load_26,2013-04-02 21:00:00,995.4,1079.7178,60,22,874.02136,1079.7178,1249.288
load_26,2013-04-02 22:00:00,719.1,708.4884,60,23,577.04346,708.4884,857.0902
load_26,2013-04-02 23:00:00,474.9,495.18292,60,24,410.583,495.18292,568.5357
load_26,2013-04-03 00:00:00,395.4,416.89124,61,1,371.59326,416.89124,465.4093
load_26,2013-04-03 01:00:00,383.7,398.67664,61,2,353.53723,398.67664,450.4928
load_26,2013-04-03 02:00:00,345.6,383.67572,61,3,338.06342,383.67572,420.21106
load_26,2013-04-03 03:00:00,315.9,352.4442,61,4,314.0157,352.4442,387.78998
load_26,2013-04-03 04:00:00,318.3,353.21136,61,5,315.5716,353.21136,386.85638
load_26,2013-04-03 05:00:00,337.8,360.42743,61,6,319.80774,360.42743,391.74817
load_26,2013-04-03 06:00:00,369.6,379.4422,61,7,338.3991,379.4422,414.0959
load_26,2013-04-03 07:00:00,435.0,422.65594,61,8,370.23138,422.65594,459.06378
load_26,2013-04-03 08:00:00,538.8,522.44244,61,9,458.74286,522.44244,580.90125
load_26,2013-04-03 09:00:00,890.4,857.23395,61,10,758.7844,857.23395,940.2023
load_26,2013-04-03 10:00:00,1525.2,1605.6372,61,11,1465.2406,1605.6372,1725.6677
load_26,2013-04-03 11:00:00,2008.8,2242.831,61,12,2097.7942,2242.831,2349.567
load_26,2013-04-03 12:00:00,2335.5,2358.7603,61,13,2219.7158,2358.7603,2449.766
load_26,2013-04-03 13:00:00,2416.5,2394.6863,61,14,2234.1177,2394.6863,2490.0962
load_26,2013-04-03 14:00:00,2389.2,2427.9905,61,15,2296.0518,2427.9905,2519.3806
load_26,2013-04-03 15:00:00,2369.4,2385.8418,61,16,2270.017,2385.8418,2485.291
load_26,2013-04-03 16:00:00,2370.0,2400.816,61,17,2237.489,2400.816,2496.3894
load_26,2013-04-03 17:00:00,2384.4,2394.54,61,18,2259.2808,2394.54,2504.45
load_26,2013-04-03 18:00:00,2436.6,2398.752,61,19,2253.7273,2398.752,2523.2646
load_26,2013-04-03 19:00:00,2447.4,2406.7996,61,20,2215.9136,2406.7996,2535.5503
load_26,2013-04-03 20:00:00,2040.6,2095.2266,61,21,1854.2056,2095.2266,2242.5208
load_26,2013-04-03 21:00:00,1001.7,1033.145,61,22,865.21045,1033.145,1178.7416
load_26,2013-04-03 22:00:00,744.6,716.9611,61,23,605.9032,716.9611,848.0015
load_26,2013-04-03 23:00:00,489.0,509.99457,61,24,435.99182,509.99457,580.3141
load_26,2013-04-04 00:00:00,415.2,403.75934,62,1,363.68024,403.75934,447.47363
load_26,2013-04-04 01:00:00,401.1,382.97766,62,2,341.8272,382.97766,428.60156
load_26,2013-04-04 02:00:00,372.9,368.3484,62,3,327.10547,368.3484,400.77545
load_26,2013-04-04 03:00:00,331.8,341.46204,62,4,307.29974,341.46204,371.96527
load_26,2013-04-04 04:00:00,350.4,342.05847,62,5,308.57843,342.05847,373.6714
load_26,2013-04-04 05:00:00,349.5,354.1629,62,6,316.99707,354.1629,379.91547
load_26,2013-04-04 06:00:00,380.7,377.42767,62,7,341.07343,377.42767,410.6621
load_26,2013-04-04 07:00:00,447.6,423.63385,62,8,370.91437,423.63385,454.96472
load_26,2013-04-04 08:00:00,548.1,525.1322,62,9,462.3615,525.1322,585.1167
load_26,2013-04-04 09:00:00,861.9,868.2107,62,10,757.0646,868.2107,947.5146
load_26,2013-04-04 10:00:00,1537.8,1563.93,62,11,1402.1464,1563.93,1689.4407
load_26,2013-04-04 11:00:00,2195.4,2187.5896,62,12,1991.2957,2187.5896,2302.0195
load_26,2013-04-04 12:00:00,2393.1,2333.2104,62,13,2170.3423,2333.2104,2425.6372
load_26,2013-04-04 13:00:00,2408.1,2369.0483,62,14,2179.397,2369.0483,2466.1265
load_26,2013-04-04 14:00:00,2370.3,2390.9143,62,15,2247.035,2390.9143,2481.641
load_26,2013-04-04 15:00:00,2350.2,2350.106,62,16,2217.77,2350.106,2450.7737
load_26,2013-04-04 16:00:00,2368.5,2373.671,62,17,2169.2104,2373.671,2471.6304
load_26,2013-04-04 17:00:00,2375.4,2374.5005,62,18,2213.4998,2374.5005,2485.0913
load_26,2013-04-04 18:00:00,2384.1,2384.5845,62,19,2215.7441,2384.5845,2509.7852
load_26,2013-04-04 19:00:00,2395.5,2391.037,62,20,2153.545,2391.037,2526.2676
load_26,2013-04-04 20:00:00,2038.5,2081.5872,62,21,1789.7618,2081.5872,2231.6304
load_26,2013-04-04 21:00:00,1073.1,1040.7631,62,22,856.9231,1040.7631,1181.1285
load_26,2013-04-04 22:00:00,781.8,707.4615,62,23,586.9559,707.4615,839.03827
load_26,2013-04-04 23:00:00,548.7,501.32654,62,24,419.11414,501.32654,568.9429
load_26,2013-04-05 00:00:00,455.1,441.27765,63,1,402.45892,441.27765,485.21252
load_26,2013-04-05 01:00:00,468.3,413.9969,63,2,368.8286,413.9969,463.10168
load_26,2013-04-05 02:00:00,442.8,390.46973,63,3,344.95355,390.46973,425.2506
load_26,2013-04-05 03:00:00,391.8,361.72388,63,4,321.99286,361.72388,396.1883
load_26,2013-04-05 04:00:00,385.8,361.74652,63,5,324.48285,361.74652,395.25446
load_26,2013-04-05 05:00:00,386.1,369.92462,63,6,330.0475,369.92462,400.76788
load_26,2013-04-05 06:00:00,421.8,387.48682,63,7,347.95758,387.48682,420.76764
load_26,2013-04-05 07:00:00,485.4,427.55737,63,8,380.7954,427.55737,461.7171
load_26,2013-04-05 08:00:00,589.8,528.1944,63,9,470.39398,528.1944,580.4668
load_26,2013-04-05 09:00:00,950.1,865.3958,63,10,780.6946,865.3958,935.41876
load_26,2013-04-05 10:00:00,1784.7,1552.7192,63,11,1438.1794,1552.7192,1656.4404
load_26,2013-04-05 11:00:00,2352.3,2185.9316,63,12,2049.6091,2185.9316,2275.3494
load_26,2013-04-05 12:00:00,2422.5,2343.882,63,13,2221.8545,2343.882,2419.4697
load_26,2013-04-05 13:00:00,2448.9,2386.835,63,14,2250.8135,2386.835,2464.8062
load_26,2013-04-05 14:00:00,2425.5,2385.3965,63,15,2276.05,2385.3965,2467.0544
load_26,2013-04-05 15:00:00,2421.6,2347.8755,63,16,2245.7412,2347.8755,2429.8418
load_26,2013-04-05 16:00:00,2437.8,2376.858,63,17,2219.873,2376.858,2464.8855
load_26,2013-04-05 17:00:00,2412.0,2366.2651,63,18,2235.6545,2366.2651,2470.8694
load_26,2013-04-05 18:00:00,2427.3,2370.0317,63,19,2222.2817,2370.0317,2488.702
load_26,2013-04-05 19:00:00,2421.9,2392.692,63,20,2205.5608,2392.692,2510.234
load_26,2013-04-05 20:00:00,2170.5,2096.1367,63,21,1855.3323,2096.1367,2232.6958
load_26,2013-04-05 21:00:00,1356.0,1060.9425,63,22,894.48694,1060.9425,1204.7211
load_26,2013-04-05 22:00:00,814.8,744.8984,63,23,632.7517,744.8984,880.8076
load_26,2013-04-05 23:00:00,515.1,527.32983,63,24,449.82574,527.32983,602.07196
load_26,2013-04-08 00:00:00,453.6,423.9627,64,1,380.35535,423.9627,477.46307
load_26,2013-04-08 01:00:00,483.6,396.61554,64,2,348.7318,396.61554,449.78955
load_26,2013-04-08 02:00:00,413.4,376.46216,64,3,325.48682,376.46216,414.6051
load_26,2013-04-08 03:00:00,465.6,348.81555,64,4,302.72058,348.81555,386.38855
load_26,2013-04-08 04:00:00,471.9,351.47382,64,5,309.77722,351.47382,388.7917
load_26,2013-04-08 05:00:00,474.9,359.5849,64,6,316.45813,359.5849,391.75958
load_26,2013-04-08 06:00:00,502.2,381.10425,64,7,336.5016,381.10425,417.646
load_26,2013-04-08 07:00:00,492.9,435.1374,64,8,386.1701,435.1374,475.45508
load_26,2013-04-08 08:00:00,558.9,550.3221,64,9,493.10278,550.3221,607.6259
load_26,2013-04-08 09:00:00,876.3,895.7485,64,10,820.4675,895.7485,964.0201
load_26,2013-04-08 10:00:00,1553.1,1629.3328,64,11,1531.7767,1629.3328,1722.6923
load_26,2013-04-08 11:00:00,1995.6,2273.2297,64,12,2185.3472,2273.2297,2347.4478
load_26,2013-04-08 12:00:00,2140.8,2390.7583,64,13,2309.9639,2390.7583,2453.1636
load_26,2013-04-08 13:00:00,2145.9,2418.6294,64,14,2335.5828,2418.6294,2480.6426
load_26,2013-04-08 14:00:00,2373.3,2423.9414,64,15,2341.1401,2423.9414,2483.8213
load_26,2013-04-08 15:00:00,2398.8,2383.646,64,16,2310.1614,2383.646,2450.3372
load_26,2013-04-08 16:00:00,2432.4,2403.2944,64,17,2298.5078,2403.2944,2469.7192
load_26,2013-04-08 17:00:00,2409.6,2390.2944,64,18,2294.3408,2390.2944,2469.8306
load_26,2013-04-08 18:00:00,2460.0,2386.4316,64,19,2286.3574,2386.4316,2476.6929
load_26,2013-04-08 19:00:00,2442.6,2397.0928,64,20,2279.8975,2397.0928,2481.8218
load_26,2013-04-08 20:00:00,2076.6,2111.239,64,21,1931.7725,2111.239,2226.4204
load_26,2013-04-08 21:00:00,1042.2,1124.4249,64,22,980.7815,1124.4249,1251.878
load_26,2013-04-08 22:00:00,767.4,755.51385,64,23,664.30774,755.51385,876.13916
load_26,2013-04-08 23:00:00,516.9,528.8324,64,24,463.31714,528.8324,601.1786
load_26,2013-04-09 00:00:00,441.9,431.7591,65,1,379.6964,431.7591,491.26166
load_26,2013-04-09 01:00:00,441.0,408.45978,65,2,352.39612,408.45978,469.31982
load_26,2013-04-09 02:00:00,405.0,395.739,65,3,338.11572,395.739,442.74988
load_26,2013-04-09 03:00:00,362.4,374.43604,65,4,322.1444,374.43604,425.6845
load_26,2013-04-09 04:00:00,362.4,377.1681,65,5,328.0686,377.1681,426.2561
load_26,2013-04-09 05:00:00,381.9,389.23663,65,6,337.64307,389.23663,435.45465
load_26,2013-04-09 06:00:00,405.3,407.2846,65,7,355.90936,407.2846,459.41742
load_26,2013-04-09 07:00:00,485.4,462.42596,65,8,398.14868,462.42596,511.44507
load_26,2013-04-09 08:00:00,601.2,571.4794,65,9,494.72772,571.4794,639.61005
load_26,2013-04-09 09:00:00,927.0,901.5849,65,10,804.29175,901.5849,994.9985
load_26,2013-04-09 10:00:00,1581.0,1607.2007,65,11,1466.0171,1607.2007,1738.1702
load_26,2013-04-09 11:00:00,2076.0,2172.1802,65,12,2006.3998,2172.1802,2286.4045
load_26,2013-04-09 12:00:00,2428.5,2321.5999,65,13,2191.0671,2321.5999,2407.2512
load_26,2013-04-09 13:00:00,2456.7,2360.4497,65,14,2212.8123,2360.4497,2447.2866
load_26,2013-04-09 14:00:00,2434.8,2386.9783,65,15,2268.5894,2386.9783,2467.0615
load_26,2013-04-09 15:00:00,2448.3,2355.3157,65,16,2249.5728,2355.3157,2444.053
load_26,2013-04-09 16:00:00,2512.8,2390.3262,65,17,2260.4795,2390.3262,2472.7554
load_26,2013-04-09 17:00:00,2475.0,2379.1226,65,18,2263.2788,2379.1226,2472.695
load_26,2013-04-09 18:00:00,2524.5,2366.896,65,19,2246.5073,2366.896,2475.6458
load_26,2013-04-09 19:00:00,2499.3,2368.731,65,20,2222.2883,2368.731,2472.3218
load_26,2013-04-09 20:00:00,2112.9,2072.678,65,21,1868.9624,2072.678,2209.834
load_26,2013-04-09 21:00:00,1053.9,1048.6444,65,22,914.5602,1048.6444,1175.1431
load_26,2013-04-09 22:00:00,730.8,727.8685,65,23,628.6611,727.8685,850.01843
load_26,2013-04-09 23:00:00,509.7,514.6535,65,24,435.8659,514.6535,598.61176
load_26,2013-04-10 00:00:00,441.0,426.44482,66,1,378.7154,426.44482,476.11493
load_26,2013-04-10 01:00:00,433.5,399.0147,66,2,351.56122,399.0147,452.2625
load_26,2013-04-10 02:00:00,363.9,389.02124,66,3,338.29938,389.02124,425.32947
load_26,2013-04-10 03:00:00,310.8,370.14783,66,4,324.3667,370.14783,408.24915
load_26,2013-04-10 04:00:00,303.3,372.24957,66,5,330.9417,372.24957,409.6651
load_26,2013-04-10 05:00:00,318.9,386.31946,66,6,342.60553,386.31946,419.10657
load_26,2013-04-10 06:00:00,327.6,407.0622,66,7,363.3745,407.0622,446.16382
load_26,2013-04-10 07:00:00,328.8,461.93646,66,8,410.4192,461.93646,500.74
load_26,2013-04-10 08:00:00,396.6,567.4657,66,9,505.1458,567.4657,622.3432
load_26,2013-04-10 09:00:00,610.5,895.13025,66,10,815.9947,895.13025,967.8628
load_26,2013-04-10 10:00:00,1196.1,1579.3792,66,11,1468.84,1579.3792,1685.4329
load_26,2013-04-10 11:00:00,1934.1,2162.1528,66,12,2018.0815,2162.1528,2260.4695
load_26,2013-04-10 12:00:00,2075.4,2353.891,66,13,2248.097,2353.891,2431.2705
load_26,2013-04-10 13:00:00,2092.5,2394.3115,66,14,2271.46,2394.3115,2473.5405
load_26,2013-04-10 14:00:00,2060.1,2412.1624,66,15,2306.1943,2412.1624,2488.642
load_26,2013-04-10 15:00:00,2031.3,2381.166,66,16,2286.5403,2381.166,2464.221
load_26,2013-04-10 16:00:00,2037.3,2414.8516,66,17,2309.9329,2414.8516,2490.5454
load_26,2013-04-10 17:00:00,2076.6,2405.497,66,18,2303.5505,2405.497,2494.9102
load_26,2013-04-10 18:00:00,2085.6,2401.5215,66,19,2297.5444,2401.5215,2502.2417
load_26,2013-04-10 19:00:00,2075.1,2408.4219,66,20,2291.0642,2408.4219,2502.0186
load_26,2013-04-10 20:00:00,1713.3,2094.2056,66,21,1937.9517,2094.2056,2217.1616
load_26,2013-04-10 21:00:00,680.1,1040.9525,66,22,927.01636,1040.9525,1151.0918
load_26,2013-04-10 22:00:00,466.8,744.25806,66,23,665.28644,744.25806,851.8313
load_26,2013-04-10 23:00:00,404.4,526.8282,66,24,464.32776,526.8282,599.81946
load_26,2013-04-11 00:00:00,393.6,355.04895,67,1,284.3695,355.04895,425.63177
load_26,2013-04-11 01:00:00,393.3,338.09912,67,2,267.07324,338.09912,412.0772
load_26,2013-04-11 02:00:00,352.8,330.48322,67,3,255.80884,330.48322,395.7268
load_26,2013-04-11 03:00:00,308.4,311.78754,67,4,241.09802,311.78754,384.80322
load_26,2013-04-11 04:00:00,306.9,315.50098,67,5,243.0841,315.50098,387.03705
load_26,2013-04-11 05:00:00,329.4,326.43256,67,6,247.5658,326.43256,399.7141
load_26,2013-04-11 06:00:00,358.8,336.7561,67,7,259.67212,336.7561,416.2776
load_26,2013-04-11 07:00:00,438.6,365.64355,67,8,281.10852,365.64355,450.20752
load_26,2013-04-11 08:00:00,547.8,450.25928,67,9,349.53436,450.25928,548.6599
load_26,2013-04-11 09:00:00,913.2,721.9889,67,10,583.78845,721.9889,870.2389
load_26,2013-04-11 10:00:00,1586.1,1347.0033,67,11,1165.9304,1347.0033,1538.627
load_26,2013-04-11 11:00:00,1955.4,1904.2866,67,12,1700.5555,1904.2866,2095.9482
load_26,2013-04-11 12:00:00,2463.9,2092.4443,67,13,1878.2764,2092.4443,2276.7002
load_26,2013-04-11 13:00:00,2533.2,2148.394,67,14,1914.9221,2148.394,2324.026
load_26,2013-04-11 14:00:00,2477.1,2129.9185,67,15,1929.3665,2129.9185,2327.7107
load_26,2013-04-11 15:00:00,2470.8,2122.2812,67,16,1920.2188,2122.2812,2301.9531
load_26,2013-04-11 16:00:00,2447.1,2156.2131,67,17,1931.0825,2156.2131,2327.3733
load_26,2013-04-11 17:00:00,2470.8,2171.9004,67,18,1972.0286,2171.9004,2350.7861
load_26,2013-04-11 18:00:00,2508.9,2173.9863,67,19,1957.4497,2173.9863,2356.4282
load_26,2013-04-11 19:00:00,2493.9,2180.2188,67,20,1966.5865,2180.2188,2360.3438
load_26,2013-04-11 20:00:00,2107.8,1830.2551,67,21,1586.8547,1830.2551,2046.7305
load_26,2013-04-11 21:00:00,1032.9,833.09125,67,22,667.22656,833.09125,1007.6594
load_26,2013-04-11 22:00:00,761.7,574.1735,67,23,459.35455,574.1735,728.22327
load_26,2013-04-11 23:00:00,516.6,432.33063,67,24,336.35962,432.33063,546.33875
load_26,2013-04-12 00:00:00,431.4,450.0105,68,1,397.58002,450.0105,497.4195
load_26,2013-04-12 01:00:00,423.6,418.81952,68,2,361.20312,418.81952,476.628
load_26,2013-04-12 02:00:00,393.3,397.2531,68,3,337.37054,397.2531,445.78662
load_26,2013-04-12 03:00:00,344.4,374.23584,68,4,320.03107,374.23584,427.79022
load_26,2013-04-12 04:00:00,341.1,376.69885,68,5,324.39093,376.69885,429.4348
load_26,2013-04-12 05:00:00,372.0,389.62903,68,6,333.88556,389.62903,440.73822
load_26,2013-04-12 06:00:00,400.5,408.8661,68,7,352.92725,408.8661,468.3869
load_26,2013-04-12 07:00:00,461.1,459.61017,68,8,391.2198,459.61017,515.705
load_26,2013-04-12 08:00:00,555.0,561.03033,68,9,475.39954,561.03033,643.644
load_26,2013-04-12 09:00:00,887.1,881.51074,68,10,777.70264,881.51074,987.77716
load_26,2013-04-12 10:00:00,1587.0,1572.7206,68,11,1424.6327,1572.7206,1723.5239
load_26,2013-04-12 11:00:00,2190.9,2148.144,68,12,1961.0669,2148.144,2292.1758
load_26,2013-04-12 12:00:00,2259.3,2336.5093,68,13,2189.939,2336.5093,2449.6921
load_26,2013-04-12 13:00:00,2408.1,2381.167,68,14,2205.947,2381.167,2498.394
load_26,2013-04-12 14:00:00,2473.8,2405.9697,68,15,2254.68,2405.9697,2517.8027
load_26,2013-04-12 15:00:00,2480.1,2370.0042,68,16,2236.9485,2370.0042,2490.5234
load_26,2013-04-12 16:00:00,2463.3,2409.5962,68,17,2240.532,2409.5962,2527.7686
load_26,2013-04-12 17:00:00,2474.4,2404.5923,68,18,2256.4663,2404.5923,2535.0103
load_26,2013-04-12 18:00:00,2509.2,2401.9912,68,19,2248.645,2401.9912,2548.0068
load_26,2013-04-12 19:00:00,2508.3,2406.483,68,20,2214.1157,2406.483,2563.1067
load_26,2013-04-12 20:00:00,2226.9,2119.1658,68,21,1864.936,2119.1658,2290.3005
load_26,2013-04-12 21:00:00,1371.0,1048.8202,68,22,879.2268,1048.8202,1216.7407
load_26,2013-04-12 22:00:00,789.0,726.95355,68,23,600.11285,726.95355,881.75635
load_26,2013-04-12 23:00:00,515.7,536.3799,68,24,443.52057,536.3799,632.04126
load_26,2013-04-15 00:00:00,413.1,440.51593,69,1,376.83698,440.51593,499.857
load_26,2013-04-15 01:00:00,413.4,411.83716,69,2,350.33276,411.83716,479.39044
load_26,2013-04-15 02:00:00,372.0,397.27448,69,3,335.6516,397.27448,450.16626
load_26,2013-04-15 03:00:00,318.3,379.97827,69,4,325.86,379.97827,436.35907
load_26,2013-04-15 04:00:00,342.0,375.64972,69,5,321.34143,375.64972,431.46906
load_26,2013-04-15 05:00:00,354.0,391.3003,69,6,334.92102,391.3003,443.3131
load_26,2013-04-15 06:00:00,383.1,417.10443,69,7,357.68152,417.10443,479.22882
load_26,2013-04-15 07:00:00,450.6,468.22046,69,8,392.86658,468.22046,523.3937
load_26,2013-04-15 08:00:00,549.9,565.534,69,9,480.10968,565.534,649.1404
load_26,2013-04-15 09:00:00,889.5,887.3857,69,10,766.47516,887.3857,999.8722
load_26,2013-04-15 10:00:00,1553.1,1584.0397,69,11,1409.4849,1584.0397,1742.7308
load_26,2013-04-15 11:00:00,1901.1,2100.507,69,12,1889.8159,2100.507,2247.206
load_26,2013-04-15 12:00:00,2200.8,2322.2285,69,13,2120.2856,2322.2285,2444.109
load_26,2013-04-15 13:00:00,2569.8,2383.9224,69,14,2176.1501,2383.9224,2503.5269
load_26,2013-04-15 14:00:00,2529.3,2421.0027,69,15,2257.0015,2421.0027,2535.0793
load_26,2013-04-15 15:00:00,2439.6,2400.6304,69,16,2256.4106,2400.6304,2522.562
load_26,2013-04-15 16:00:00,2438.7,2424.2021,69,17,2244.7087,2424.2021,2535.4954
load_26,2013-04-15 17:00:00,2487.0,2412.5996,69,18,2259.258,2412.5996,2536.4495
load_26,2013-04-15 18:00:00,2538.9,2404.6267,69,19,2240.2195,2404.6267,2542.1748
load_26,2013-04-15 19:00:00,2531.4,2406.2065,69,20,2192.745,2406.2065,2548.6543
load_26,2013-04-15 20:00:00,2155.2,2129.4595,69,21,1847.5035,2129.4595,2294.3647
load_26,2013-04-15 21:00:00,1107.6,1111.7736,69,22,915.1277,1111.7736,1290.0542
load_26,2013-04-15 22:00:00,815.1,747.16986,69,23,609.8325,747.16986,907.8893
load_26,2013-04-15 23:00:00,551.1,534.25366,69,24,434.33563,534.25366,634.05963
load_26,2013-04-16 00:00:00,393.9,425.70428,70,1,375.74225,425.70428,479.61884
load_26,2013-04-16 01:00:00,412.8,397.06683,70,2,344.5362,397.06683,457.724
load_26,2013-04-16 02:00:00,375.6,379.83282,70,3,324.97076,379.83282,425.01855
load_26,2013-04-16 03:00:00,321.9,363.0246,70,4,315.41345,363.0246,411.7766
load_26,2013-04-16 04:00:00,345.9,367.40295,70,5,319.93933,367.40295,415.45825
load_26,2013-04-16 05:00:00,345.9,384.14832,70,6,332.35876,384.14832,432.88007
load_26,2013-04-16 06:00:00,377.4,413.1399,70,7,359.06213,413.1399,468.20184
load_26,2013-04-16 07:00:00,459.3,463.35175,70,8,391.96967,463.35175,513.3683
load_26,2013-04-16 08:00:00,579.0,564.2219,70,9,479.38794,564.2219,652.0214
load_26,2013-04-16 09:00:00,885.3,911.3082,70,10,790.855,911.3082,1016.3906
load_26,2013-04-16 10:00:00,1555.5,1579.4385,70,11,1420.3462,1579.4385,1734.497
load_26,2013-04-16 11:00:00,2064.6,2108.0996,70,12,1920.5088,2108.0996,2257.3467
load_26,2013-04-16 12:00:00,2496.9,2318.7258,70,13,2139.566,2318.7258,2441.095
load_26,2013-04-16 13:00:00,2492.1,2388.935,70,14,2200.5322,2388.935,2508.9067
load_26,2013-04-16 14:00:00,2486.1,2439.089,70,15,2280.8027,2439.089,2555.9424
load_26,2013-04-16 15:00:00,2491.8,2406.1108,70,16,2267.415,2406.1108,2530.7441
load_26,2013-04-16 16:00:00,2514.6,2436.086,70,17,2259.0571,2436.086,2553.712
load_26,2013-04-16 17:00:00,2505.0,2434.1436,70,18,2279.762,2434.1436,2564.6553
load_26,2013-04-16 18:00:00,2535.9,2432.165,70,19,2273.3792,2432.165,2577.4553
load_26,2013-04-16 19:00:00,2515.8,2435.1213,70,20,2224.961,2435.1213,2596.3623
load_26,2013-04-16 20:00:00,2171.1,2177.1055,70,21,1900.8723,2177.1055,2351.8994
load_26,2013-04-16 21:00:00,1137.3,1160.2903,70,22,956.7499,1160.2903,1339.8256
load_26,2013-04-16 22:00:00,831.0,761.9012,70,23,623.1445,761.9012,925.8517
load_26,2013-04-16 23:00:00,510.9,539.964,70,24,441.47437,539.964,645.20874
load_26,2013-04-17 00:00:00,441.3,423.65204,71,1,362.94006,423.65204,481.1391
load_26,2013-04-17 01:00:00,449.7,395.39978,71,2,334.10645,395.39978,460.3421
load_26,2013-04-17 02:00:00,401.1,374.95172,71,3,314.11523,374.95172,426.04657
load_26,2013-04-17 03:00:00,338.7,351.00946,71,4,297.8329,351.00946,404.25214
load_26,2013-04-17 04:00:00,342.6,350.52698,71,5,296.14465,350.52698,403.0996
load_26,2013-04-17 05:00:00,357.6,368.04443,71,6,311.26312,368.04443,419.01367
load_26,2013-04-17 06:00:00,385.8,382.25415,71,7,325.1032,382.25415,440.2279
load_26,2013-04-17 07:00:00,467.1,444.4809,71,8,370.8877,444.4809,496.70422
load_26,2013-04-17 08:00:00,602.7,546.63855,71,9,460.85968,546.63855,623.34735
load_26,2013-04-17 09:00:00,1054.2,864.88965,71,10,751.5795,864.88965,970.5818
load_26,2013-04-17 10:00:00,1800.6,1549.1584,71,11,1389.0885,1549.1584,1693.2383
load_26,2013-04-17 11:00:00,2487.9,2028.0198,71,12,1844.7251,2028.0198,2170.0332
load_26,2013-04-17 12:00:00,2541.6,2316.5127,71,13,2109.1711,2316.5127,2457.3147
load_26,2013-04-17 13:00:00,2564.1,2413.3193,71,14,2197.8455,2413.3193,2542.07
load_26,2013-04-17 14:00:00,2535.9,2443.6055,71,15,2266.8135,2443.6055,2567.0925
load_26,2013-04-17 15:00:00,2523.0,2404.0933,71,16,2243.5,2404.0933,2533.5784
load_26,2013-04-17 16:00:00,2522.4,2434.144,71,17,2234.0337,2434.144,2549.0151
load_26,2013-04-17 17:00:00,2538.6,2423.4014,71,18,2261.8293,2423.4014,2552.094
load_26,2013-04-17 18:00:00,2573.1,2420.7407,71,19,2251.177,2420.7407,2565.1455
load_26,2013-04-17 19:00:00,2519.4,2422.4905,71,20,2201.1582,2422.4905,2570.933
load_26,2013-04-17 20:00:00,2162.7,2133.1792,71,21,1853.1167,2133.1792,2302.8809
load_26,2013-04-17 21:00:00,1118.7,1072.0477,71,22,883.9972,1072.0477,1242.6208
load_26,2013-04-17 22:00:00,849.3,749.5102,71,23,615.693,749.5102,904.24866
load_26,2013-04-17 23:00:00,567.3,519.6956,71,24,427.02942,519.6956,610.75977
load_26,2013-04-18 00:00:00,472.5,431.05518,72,1,382.58813,431.05518,481.62683
load_26,2013-04-18 01:00:00,549.9,404.42346,72,2,351.16266,404.42346,459.88092
load_26,2013-04-18 02:00:00,471.0,378.36896,72,3,323.85315,378.36896,423.01068
load_26,2013-04-18 03:00:00,318.9,353.576,72,4,305.37305,353.576,399.88318
load_26,2013-04-18 04:00:00,339.9,348.97296,72,5,301.65723,348.97296,396.59204
load_26,2013-04-18 05:00:00,349.8,370.02747,72,6,319.64532,370.02747,414.8285
load_26,2013-04-18 06:00:00,389.1,395.9621,72,7,346.39764,395.9621,452.03632
load_26,2013-04-18 07:00:00,591.0,462.37982,72,8,395.8379,462.37982,510.67053
load_26,2013-04-18 08:00:00,729.3,577.9352,72,9,490.6563,577.9352,662.47144
load_26,2013-04-18 09:00:00,1031.7,949.2112,72,10,824.8738,949.2112,1046.223
load_26,2013-04-18 10:00:00,2006.7,1646.9462,72,11,1482.642,1646.9462,1796.1011
load_26,2013-04-18 11:00:00,2518.5,2198.9973,72,12,2003.3242,2198.9973,2331.5176
load_26,2013-04-18 12:00:00,2514.6,2409.5303,72,13,2249.856,2409.5303,2514.651
load_26,2013-04-18 13:00:00,2571.3,2468.2183,72,14,2292.8003,2468.2183,2575.0935
load_26,2013-04-18 14:00:00,2691.9,2493.9116,72,15,2345.1577,2493.9116,2597.516
load_26,2013-04-18 15:00:00,2783.7,2449.7964,72,16,2318.611,2449.7964,2561.5696
load_26,2013-04-18 16:00:00,2832.0,2474.4006,72,17,2294.4663,2474.4006,2582.4126
load_26,2013-04-18 17:00:00,2583.6,2470.053,72,18,2319.6975,2470.053,2591.3628
load_26,2013-04-18 18:00:00,2547.3,2474.2112,72,19,2312.8027,2474.2112,2609.2437
load_26,2013-04-18 19:00:00,2547.9,2468.47,72,20,2255.4473,2468.47,2610.7078
load_26,2013-04-18 20:00:00,2190.3,2182.4397,72,21,1920.5571,2182.4397,2337.1882
load_26,2013-04-18 21:00:00,1159.8,1128.1111,72,22,947.70557,1128.1111,1273.705
load_26,2013-04-18 22:00:00,802.8,775.37714,72,23,654.9382,775.37714,918.1953
load_26,2013-04-18 23:00:00,493.2,534.20245,72,24,447.22534,534.20245,625.9743
load_26,2013-04-19 00:00:00,486.9,442.69543,73,1,384.76935,442.69543,505.96527
load_26,2013-04-19 01:00:00,590.7,432.08942,73,2,368.8329,432.08942,498.67603
load_26,2013-04-19 02:00:00,545.1,402.49677,73,3,339.81305,402.49677,458.16595
load_26,2013-04-19 03:00:00,495.0,366.70825,73,4,310.00732,366.70825,421.73474
load_26,2013-04-19 04:00:00,493.2,365.23767,73,5,308.69397,365.23767,422.8277
load_26,2013-04-19 05:00:00,507.6,385.02295,73,6,324.54108,385.02295,444.52667
load_26,2013-04-19 06:00:00,537.6,408.49402,73,7,347.5995,408.49402,476.85583
load_26,2013-04-19 07:00:00,615.0,504.13715,73,8,422.23724,504.13715,582.5238
load_26,2013-04-19 08:00:00,602.1,655.8506,73,9,539.409,655.8506,766.4374
load_26,2013-04-19 09:00:00,877.5,1047.707,73,10,886.8297,1047.707,1203.5513
load_26,2013-04-19 10:00:00,1605.9,1829.2996,73,11,1622.2284,1829.2996,2040.8044
load_26,2013-04-19 11:00:00,2323.5,2320.162,73,12,2081.027,2320.162,2538.5962
load_26,2013-04-19 12:00:00,2442.9,2505.7905,73,13,2281.4595,2505.7905,2691.8403
load_26,2013-04-19 13:00:00,2495.7,2583.2676,73,14,2349.8655,2583.2676,2767.4905
load_26,2013-04-19 14:00:00,2492.4,2633.0464,73,15,2422.6606,2633.0464,2811.7856
load_26,2013-04-19 15:00:00,2489.1,2591.293,73,16,2405.9868,2591.293,2779.7297
load_26,2013-04-19 16:00:00,2488.8,2585.333,73,17,2374.9302,2585.333,2758.4487
load_26,2013-04-19 17:00:00,2487.6,2560.8342,73,18,2360.1782,2560.8342,2760.7537
load_26,2013-04-19 18:00:00,2531.4,2546.0032,73,19,2345.9595,2546.0032,2755.6665
load_26,2013-04-19 19:00:00,2508.9,2546.7446,73,20,2301.5862,2546.7446,2768.9734
load_26,2013-04-19 20:00:00,2225.1,2255.4883,73,21,1967.1476,2255.4883,2487.0225
load_26,2013-04-19 21:00:00,1407.9,1194.5393,73,22,984.4138,1194.5393,1396.1602
load_26,2013-04-19 22:00:00,789.3,832.0072,73,23,688.59564,832.0072,1022.30896
load_26,2013-04-19 23:00:00,501.0,564.6175,73,24,454.8935,564.6175,700.77136
load_26,2013-04-22 00:00:00,416.7,457.11176,74,1,384.404,457.11176,531.2967
load_26,2013-04-22 01:00:00,415.5,457.45288,74,2,384.63373,457.45288,533.00574
load_26,2013-04-22 02:00:00,385.2,428.62134,74,3,358.6416,428.62134,495.25482
load_26,2013-04-22 03:00:00,334.2,392.91547,74,4,324.32227,392.91547,461.7392
load_26,2013-04-22 04:00:00,351.0,391.85187,74,5,327.792,391.85187,459.74176
load_26,2013-04-22 05:00:00,358.2,415.69794,74,6,348.40662,415.69794,484.14856
load_26,2013-04-22 06:00:00,378.6,443.98407,74,7,373.825,443.98407,519.2677
load_26,2013-04-22 07:00:00,439.5,526.89655,74,8,450.99512,526.89655,606.6043
load_26,2013-04-22 08:00:00,540.3,642.14,74,9,547.3844,642.14,745.1706
load_26,2013-04-22 09:00:00,860.7,971.4153,74,10,858.0628,971.4153,1102.7203
load_26,2013-04-22 10:00:00,1539.3,1722.3136,74,11,1560.4379,1722.3136,1905.2788
load_26,2013-04-22 11:00:00,1880.7,2288.8223,74,12,2099.168,2288.8223,2456.046
load_26,2013-04-22 12:00:00,2304.9,2455.181,74,13,2301.9417,2455.181,2583.6655
load_26,2013-04-22 13:00:00,2508.0,2516.838,74,14,2365.27,2516.838,2641.4492
load_26,2013-04-22 14:00:00,2476.5,2564.7217,74,15,2420.023,2564.7217,2687.6978
load_26,2013-04-22 15:00:00,2472.3,2525.0737,74,16,2398.2751,2525.0737,2657.8723
load_26,2013-04-22 16:00:00,2487.3,2535.259,74,17,2397.232,2535.259,2658.42
load_26,2013-04-22 17:00:00,2474.1,2518.3936,74,18,2378.0928,2518.3936,2653.3022
load_26,2013-04-22 18:00:00,2532.0,2503.3245,74,19,2363.544,2503.3245,2651.935
load_26,2013-04-22 19:00:00,2509.8,2504.7344,74,20,2360.0752,2504.7344,2649.0422
load_26,2013-04-22 20:00:00,2120.1,2228.6733,74,21,2040.9027,2228.6733,2392.192
load_26,2013-04-22 21:00:00,1121.1,1208.1204,74,22,1046.6133,1208.1204,1367.2455
load_26,2013-04-22 22:00:00,852.0,807.0082,74,23,691.0059,807.0082,966.1614
load_26,2013-04-22 23:00:00,635.1,553.3358,74,24,458.03473,553.3358,670.12164
load_26,2013-04-23 00:00:00,556.5,459.11243,75,1,387.52393,459.11243,522.36426
load_26,2013-04-23 01:00:00,583.5,437.7162,75,2,365.11328,437.7162,512.625
load_26,2013-04-23 02:00:00,540.0,407.84424,75,3,337.21558,407.84424,472.8991
load_26,2013-04-23 03:00:00,486.9,373.20184,75,4,308.19714,373.20184,441.37408
load_26,2013-04-23 04:00:00,507.9,375.7119,75,5,312.02356,375.7119,444.2342
load_26,2013-04-23 05:00:00,511.2,394.83337,75,6,327.05273,394.83337,461.50653
load_26,2013-04-23 06:00:00,538.8,412.99463,75,7,344.96558,412.99463,490.0332
load_26,2013-04-23 07:00:00,602.1,488.24048,75,8,401.83368,488.24048,567.03577
load_26,2013-04-23 08:00:00,685.5,594.9678,75,9,492.11426,594.9678,703.0001
load_26,2013-04-23 09:00:00,1018.2,924.3066,75,10,799.96826,924.3066,1065.002
load_26,2013-04-23 10:00:00,1858.5,1646.2056,75,11,1473.7896,1646.2056,1833.5498
load_26,2013-04-23 11:00:00,2292.0,2170.3867,75,12,1972.8853,2170.3867,2343.438
load_26,2013-04-23 12:00:00,2442.0,2380.5127,75,13,2198.3284,2380.5127,2527.9678
load_26,2013-04-23 13:00:00,2574.9,2468.5718,75,14,2297.0469,2468.5718,2597.2021
load_26,2013-04-23 14:00:00,2573.7,2498.4084,75,15,2340.825,2498.4084,2625.788
load_26,2013-04-23 15:00:00,2560.8,2455.8577,75,16,2313.502,2455.8577,2588.8442
load_26,2013-04-23 16:00:00,2537.1,2490.5205,75,17,2346.1436,2490.5205,2611.6086
load_26,2013-04-23 17:00:00,2538.6,2478.79,75,18,2335.079,2478.79,2613.578
load_26,2013-04-23 18:00:00,2577.3,2465.3896,75,19,2320.303,2465.3896,2615.966
load_26,2013-04-23 19:00:00,2552.4,2474.6687,75,20,2309.2117,2474.6687,2627.6492
load_26,2013-04-23 20:00:00,2098.8,2183.2043,75,21,1982.5886,2183.2043,2349.0637
load_26,2013-04-23 21:00:00,1089.6,1167.6682,75,22,1010.7363,1167.6682,1323.4205
load_26,2013-04-23 22:00:00,807.0,803.21454,75,23,684.7973,803.21454,972.949
load_26,2013-04-23 23:00:00,528.0,559.9986,75,24,457.7951,559.9986,698.8947
load_26,2013-04-24 00:00:00,424.2,469.0238,76,1,396.31012,469.0238,545.7664
load_26,2013-04-24 01:00:00,420.9,464.87317,76,2,388.37982,464.87317,543.6072
load_26,2013-04-24 02:00:00,384.3,434.67853,76,3,357.6455,434.67853,505.12598
load_26,2013-04-24 03:00:00,316.2,400.07367,76,4,324.50208,400.07367,474.59387
load_26,2013-04-24 04:00:00,312.6,402.9651,76,5,332.70923,402.9651,477.55182
load_26,2013-04-24 05:00:00,332.7,424.77026,76,6,351.44592,424.77026,499.1839
load_26,2013-04-24 06:00:00,358.2,440.1454,76,7,365.77136,440.1454,523.31305
load_26,2013-04-24 07:00:00,356.4,529.9063,76,8,448.45905,529.9063,613.3163
load_26,2013-04-24 08:00:00,546.9,659.27545,76,9,555.0618,659.27545,770.1901
load_26,2013-04-24 09:00:00,750.9,1001.58093,76,10,881.3272,1001.58093,1135.1891
load_26,2013-04-24 10:00:00,1387.5,1777.3739,76,11,1622.52,1777.3739,1958.421
load_26,2013-04-24 11:00:00,2077.2,2272.5518,76,12,2087.457,2272.5518,2433.8237
load_26,2013-04-24 12:00:00,2129.4,2468.6348,76,13,2331.8528,2468.6348,2588.4983
load_26,2013-04-24 13:00:00,2142.0,2528.2598,76,14,2393.9185,2528.2598,2643.6567
load_26,2013-04-24 14:00:00,2131.2,2563.641,76,15,2426.5386,2563.641,2681.1357
load_26,2013-04-24 15:00:00,2131.8,2521.5342,76,16,2400.005,2521.5342,2645.8596
load_26,2013-04-24 16:00:00,2133.3,2534.6514,76,17,2401.2944,2534.6514,2654.147
load_26,2013-04-24 17:00:00,2123.7,2517.4087,76,18,2383.1836,2517.4087,2647.6633
load_26,2013-04-24 18:00:00,2197.8,2503.9019,76,19,2370.8203,2503.9019,2649.4116
load_26,2013-04-24 19:00:00,2217.9,2502.1582,76,20,2367.3975,2502.1582,2642.577
load_26,2013-04-24 20:00:00,1829.4,2193.8372,76,21,2016.5211,2193.8372,2358.4565
load_26,2013-04-24 21:00:00,832.2,1137.8796,76,22,999.1254,1137.8796,1289.4567
load_26,2013-04-24 22:00:00,602.7,813.8944,76,23,702.32526,813.8944,964.61743
load_26,2013-04-24 23:00:00,501.6,576.5036,76,24,481.28064,576.5036,693.91095
load_26,2013-04-25 00:00:00,478.5,409.64325,77,1,335.75012,409.64325,483.18488
load_26,2013-04-25 01:00:00,481.2,398.31238,77,2,320.5636,398.31238,484.93756
load_26,2013-04-25 02:00:00,385.2,385.84583,77,3,301.45898,385.84583,463.2141
load_26,2013-04-25 03:00:00,307.2,351.47266,77,4,268.67664,351.47266,433.8991
load_26,2013-04-25 04:00:00,332.4,358.6952,77,5,273.87463,358.6952,444.59082
load_26,2013-04-25 05:00:00,332.4,370.03296,77,6,278.5244,370.03296,460.08038
load_26,2013-04-25 06:00:00,361.8,390.70428,77,7,298.50476,390.70428,494.6313
load_26,2013-04-25 07:00:00,496.5,441.41107,77,8,332.60754,441.41107,545.0989
load_26,2013-04-25 08:00:00,711.6,537.2224,77,9,412.14062,537.2224,678.0853
load_26,2013-04-25 09:00:00,1035.6,813.45715,77,10,640.29706,813.45715,1010.02295
load_26,2013-04-25 10:00:00,1695.0,1523.5073,77,11,1287.8052,1523.5073,1771.7595
load_26,2013-04-25 11:00:00,2135.4,2103.8125,77,12,1830.6548,2103.8125,2334.7817
load_26,2013-04-25 12:00:00,2582.1,2195.7126,77,13,1932.2501,2195.7126,2423.8408
load_26,2013-04-25 13:00:00,2608.8,2264.0762,77,14,1990.1143,2264.0762,2475.483
load_26,2013-04-25 14:00:00,2568.9,2274.5195,77,15,2030.4102,2274.5195,2496.9175
load_26,2013-04-25 15:00:00,2518.8,2264.9058,77,16,2018.633,2264.9058,2481.8057
load_26,2013-04-25 16:00:00,2545.2,2290.318,77,17,2030.8367,2290.318,2507.2932
load_26,2013-04-25 17:00:00,2588.7,2291.6167,77,18,2060.8882,2291.6167,2512.3813
load_26,2013-04-25 18:00:00,2601.3,2290.0537,77,19,2052.3098,2290.0537,2512.8276
load_26,2013-04-25 19:00:00,2559.3,2291.7664,77,20,2051.686,2291.7664,2515.0159
load_26,2013-04-25 20:00:00,2178.3,1943.9559,77,21,1673.3103,1943.9559,2193.7568
load_26,2013-04-25 21:00:00,1169.4,965.8013,77,22,781.2254,965.8013,1179.1743
load_26,2013-04-25 22:00:00,896.4,660.48346,77,23,518.45966,660.48346,863.04083
load_26,2013-04-25 23:00:00,705.3,487.91272,77,24,367.24255,487.91272,629.4316
load_26,2013-04-26 00:00:00,546.9,592.77747,78,1,514.99255,592.77747,659.91046
load_26,2013-04-26 01:00:00,411.6,575.53125,78,2,481.83722,575.53125,683.2885
load_26,2013-04-26 02:00:00,408.9,517.50854,78,3,425.38525,517.50854,616.26544
load_26,2013-04-26 03:00:00,361.5,445.76038,78,4,349.70837,445.76038,548.6189
load_26,2013-04-26 04:00:00,362.4,446.4229,78,5,351.19995,446.4229,548.4326
load_26,2013-04-26 05:00:00,485.1,459.29187,78,6,359.0614,459.29187,567.45215
load_26,2013-04-26 06:00:00,545.4,481.00183,78,7,372.18207,481.00183,595.33655
load_26,2013-04-26 07:00:00,596.1,580.3988,78,8,461.62244,580.3988,711.6004
load_26,2013-04-26 08:00:00,695.1,719.6308,78,9,572.4302,719.6308,870.47473
load_26,2013-04-26 09:00:00,1037.4,1012.53827,78,10,850.32153,1012.53827,1194.3306
load_26,2013-04-26 10:00:00,1700.1,1798.3339,78,11,1588.8184,1798.3339,2022.9597
load_26,2013-04-26 11:00:00,2395.8,2318.2258,78,12,2087.192,2318.2258,2517.2788
load_26,2013-04-26 12:00:00,2572.5,2455.0508,78,13,2259.263,2455.0508,2628.3892
load_26,2013-04-26 13:00:00,2532.0,2503.0518,78,14,2285.883,2503.0518,2680.0068
load_26,2013-04-26 14:00:00,2498.7,2532.1206,78,15,2331.4817,2532.1206,2709.3518
load_26,2013-04-26 15:00:00,2498.7,2498.1924,78,16,2315.1895,2498.1924,2679.6938
load_26,2013-04-26 16:00:00,2510.1,2529.1636,78,17,2331.0308,2529.1636,2706.102
load_26,2013-04-26 17:00:00,2551.8,2515.8115,78,18,2323.0806,2515.8115,2707.8892
load_26,2013-04-26 18:00:00,2555.1,2506.4458,78,19,2313.9143,2506.4458,2712.7163
load_26,2013-04-26 19:00:00,2549.7,2492.709,78,20,2274.0596,2492.709,2709.5188
load_26,2013-04-26 20:00:00,2259.9,2199.2324,78,21,1921.479,2199.2324,2427.9614
load_26,2013-04-26 21:00:00,1414.2,1150.3864,78,22,949.5325,1150.3864,1374.7345
load_26,2013-04-26 22:00:00,824.7,818.17847,78,23,645.2243,818.17847,1036.7222
load_26,2013-04-26 23:00:00,524.7,622.5176,78,24,479.1493,622.5176,798.905
load_26,2013-04-29 00:00:00,423.6,480.30475,79,1,384.4701,480.30475,554.4069
load_26,2013-04-29 01:00:00,429.3,437.30322,79,2,340.1029,437.30322,535.702
load_26,2013-04-29 02:00:00,393.6,406.51532,79,3,308.82483,406.51532,497.76923
load_26,2013-04-29 03:00:00,320.1,374.30933,79,4,280.58423,374.30933,471.5608
load_26,2013-04-29 04:00:00,323.7,378.62714,79,5,283.30627,378.62714,480.8056
load_26,2013-04-29 05:00:00,347.4,406.78802,79,6,307.3772,406.78802,511.46765
load_26,2013-04-29 06:00:00,379.8,457.40045,79,7,347.25684,457.40045,563.8845
load_26,2013-04-29 07:00:00,467.4,540.45685,79,8,418.61462,540.45685,668.38885
load_26,2013-04-29 08:00:00,560.4,664.20447,79,9,517.41974,664.20447,807.67035
load_26,2013-04-29 09:00:00,876.0,972.0671,79,10,807.08325,972.0671,1146.1025
load_26,2013-04-29 10:00:00,1756.8,1724.0964,79,11,1505.2928,1724.0964,1949.6722
load_26,2013-04-29 11:00:00,2319.9,2257.6084,79,12,2008.7463,2257.6084,2463.8237
load_26,2013-04-29 12:00:00,2538.9,2449.7305,79,13,2230.1282,2449.7305,2623.8623
load_26,2013-04-29 13:00:00,2565.3,2506.3396,79,14,2262.954,2506.3396,2683.3467
load_26,2013-04-29 14:00:00,2524.2,2540.912,79,15,2326.8447,2540.912,2714.3828
load_26,2013-04-29 15:00:00,2514.3,2496.4805,79,16,2305.9263,2496.4805,2676.8835
load_26,2013-04-29 16:00:00,2502.6,2521.087,79,17,2314.5103,2521.087,2690.3052
load_26,2013-04-29 17:00:00,2485.5,2509.6348,79,18,2313.4297,2509.6348,2694.6702
load_26,2013-04-29 18:00:00,2498.7,2496.9639,79,19,2304.4702,2496.9639,2694.3904
load_26,2013-04-29 19:00:00,2514.0,2498.9238,79,20,2277.3396,2498.9238,2698.663
load_26,2013-04-29 20:00:00,2138.7,2178.7878,79,21,1918.4196,2178.7878,2386.963
load_26,2013-04-29 21:00:00,1122.6,1191.0624,79,22,980.47595,1191.0624,1397.9437
load_26,2013-04-29 22:00:00,855.9,824.6601,79,23,652.6862,824.6601,1032.5474
load_26,2013-04-29 23:00:00,526.5,611.66254,79,24,465.23932,611.66254,802.24274
load_26,2013-04-30 00:00:00,416.4,446.4497,80,1,375.71875,446.4497,510.26636
load_26,2013-04-30 01:00:00,409.5,406.32507,80,2,330.61865,406.32507,485.08832
load_26,2013-04-30 02:00:00,369.3,374.94006,80,3,295.87744,374.94006,445.01843
load_26,2013-04-30 03:00:00,308.4,347.7174,80,4,274.90747,347.7174,422.14697
load_26,2013-04-30 04:00:00,334.5,348.45422,80,5,275.64526,348.45422,421.9557
load_26,2013-04-30 05:00:00,342.3,378.4372,80,6,301.8136,378.4372,454.95905
load_26,2013-04-30 06:00:00,366.0,415.15533,80,7,333.4536,415.15533,495.7594
load_26,2013-04-30 07:00:00,542.4,477.41516,80,8,389.4693,477.41516,555.67706
load_26,2013-04-30 08:00:00,723.0,606.7573,80,9,497.3167,606.7573,713.77826
load_26,2013-04-30 09:00:00,1014.3,930.4407,80,10,803.5713,930.4407,1064.7211
load_26,2013-04-30 10:00:00,1704.6,1643.875,80,11,1474.4578,1643.875,1815.6981
load_26,2013-04-30 11:00:00,2448.9,2208.2349,80,12,2008.8146,2208.2349,2371.895
load_26,2013-04-30 12:00:00,2504.1,2401.9329,80,13,2244.747,2401.9329,2529.814
load_26,2013-04-30 13:00:00,2522.4,2446.0913,80,14,2267.7808,2446.0913,2573.7021
load_26,2013-04-30 14:00:00,2473.5,2450.2769,80,15,2295.5715,2450.2769,2583.4583
load_26,2013-04-30 15:00:00,2466.6,2415.7114,80,16,2271.824,2415.7114,2548.372
load_26,2013-04-30 16:00:00,2498.1,2455.1074,80,17,2251.8032,2455.1074,2591.1812
load_26,2013-04-30 17:00:00,2503.5,2447.897,80,18,2270.369,2447.897,2594.9663
load_26,2013-04-30 18:00:00,2512.5,2439.1965,80,19,2263.9976,2439.1965,2604.1914
load_26,2013-04-30 19:00:00,2533.8,2447.6758,80,20,2230.6738,2447.6758,2619.4639
load_26,2013-04-30 20:00:00,2179.5,2137.4402,80,21,1866.358,2137.4402,2325.0225
load_26,2013-04-30 21:00:00,1178.1,1109.9622,80,22,918.29846,1109.9622,1292.569
load_26,2013-04-30 22:00:00,865.8,762.4529,80,23,610.356,762.4529,934.58215
load_26,2013-04-30 23:00:00,554.1,557.5829,80,24,437.11682,557.5829,686.06805
load_26,2013-05-01 00:00:00,417.0,438.39148,81,1,367.8827,438.39148,498.09204
load_26,2013-05-01 01:00:00,405.0,398.3109,81,2,326.18115,398.3109,475.35278
load_26,2013-05-01 02:00:00,366.3,369.81097,81,3,294.89832,369.81097,435.60974
load_26,2013-05-01 03:00:00,317.1,339.4049,81,4,270.04138,339.4049,410.25372
load_26,2013-05-01 04:00:00,341.1,346.21387,81,5,276.60303,346.21387,421.5255
load_26,2013-05-01 05:00:00,342.6,371.2379,81,6,297.8125,371.2379,449.40594
load_26,2013-05-01 06:00:00,373.5,393.16028,81,7,317.5515,393.16028,480.73663
load_26,2013-05-01 07:00:00,507.0,488.73602,81,8,395.32532,488.73602,574.78296
load_26,2013-05-01 08:00:00,679.5,636.82355,81,9,518.5033,636.82355,749.2758
load_26,2013-05-01 09:00:00,869.7,947.033,81,10,811.9386,947.033,1087.4546
load_26,2013-05-01 10:00:00,1623.6,1706.3972,81,11,1532.9744,1706.3972,1877.8444
load_26,2013-05-01 11:00:00,2519.7,2278.7886,81,12,2082.8699,2278.7886,2430.217
load_26,2013-05-01 12:00:00,2498.1,2445.723,81,13,2287.273,2445.723,2566.3354
load_26,2013-05-01 13:00:00,2499.6,2488.8657,81,14,2302.9746,2488.8657,2610.9111
load_26,2013-05-01 14:00:00,2530.2,2471.8193,81,15,2321.9775,2471.8193,2606.755
load_26,2013-05-01 15:00:00,2522.1,2441.5728,81,16,2295.1226,2441.5728,2567.7383
load_26,2013-05-01 16:00:00,2544.0,2480.374,81,17,2302.6104,2480.374,2602.2524
load_26,2013-05-01 17:00:00,2534.7,2471.122,81,18,2316.0278,2471.122,2603.7312
load_26,2013-05-01 18:00:00,2547.9,2463.482,81,19,2304.6716,2463.482,2613.1333
load_26,2013-05-01 19:00:00,2526.9,2461.1128,81,20,2280.4604,2461.1128,2605.6973
load_26,2013-05-01 20:00:00,2130.3,2153.0737,81,21,1925.3093,2153.0737,2323.2456
load_26,2013-05-01 21:00:00,1098.6,1125.3818,81,22,950.0664,1125.3818,1294.5101
load_26,2013-05-01 22:00:00,807.9,815.9801,81,23,676.3571,815.9801,985.55835
load_26,2013-05-01 23:00:00,513.3,581.4334,81,24,466.8885,581.4334,726.78625
load_26,2013-05-02 00:00:00,400.8,430.7693,82,1,373.5315,430.7693,489.14978
load_26,2013-05-02 01:00:00,418.2,391.2177,82,2,327.66687,391.2177,459.2458
load_26,2013-05-02 02:00:00,391.8,359.34546,82,3,291.59863,359.34546,414.75568
load_26,2013-05-02 03:00:00,347.4,326.03186,82,4,263.38367,326.03186,387.05493
load_26,2013-05-02 04:00:00,343.5,333.3678,82,5,273.4463,333.3678,393.74738
load_26,2013-05-02 05:00:00,340.8,357.6626,82,6,294.5177,357.6626,419.0667
load_26,2013-05-02 06:00:00,372.0,398.5702,82,7,334.5614,398.5702,467.14136
load_26,2013-05-02 07:00:00,465.0,493.96063,82,8,423.88678,493.96063,562.0215
load_26,2013-05-02 08:00:00,543.9,666.03107,82,9,568.38043,666.03107,751.6316
load_26,2013-05-02 09:00:00,869.1,947.2744,82,10,839.93604,947.2744,1056.8983
load_26,2013-05-02 10:00:00,1700.1,1646.9094,82,11,1504.4324,1646.9094,1791.7554
load_26,2013-05-02 11:00:00,2062.5,2345.559,82,12,2207.8428,2345.559,2456.8599
load_26,2013-05-02 12:00:00,2400.3,2444.7285,82,13,2314.0146,2444.7285,2549.7737
load_26,2013-05-02 13:00:00,2449.5,2456.7393,82,14,2309.8118,2456.7393,2561.7996
load_26,2013-05-02 14:00:00,2475.0,2454.8281,82,15,2330.3804,2454.8281,2576.1538
load_26,2013-05-02 15:00:00,2451.6,2430.4106,82,16,2306.6677,2430.4106,2542.706
load_26,2013-05-02 16:00:00,2450.4,2470.8296,82,17,2299.5195,2470.8296,2587.1636
load_26,2013-05-02 17:00:00,2441.7,2461.2598,82,18,2311.8367,2461.2598,2590.38
load_26,2013-05-02 18:00:00,2476.8,2449.4746,82,19,2295.5515,2449.4746,2595.9006
load_26,2013-05-02 19:00:00,2492.1,2459.0942,82,20,2277.8948,2459.0942,2603.669
load_26,2013-05-02 20:00:00,2109.0,2160.1523,82,21,1934.9817,2160.1523,2324.2126
load_26,2013-05-02 21:00:00,1094.7,1127.74,82,22,965.60376,1127.74,1280.5262
load_26,2013-05-02 22:00:00,816.6,797.3385,82,23,675.46234,797.3385,948.3064
load_26,2013-05-02 23:00:00,509.4,568.75073,82,24,469.5645,568.75073,698.94727
load_26,2013-05-03 00:00:00,418.8,411.08966,83,1,353.14056,411.08966,471.07507
load_26,2013-05-03 01:00:00,398.1,380.53717,83,2,325.4276,380.53717,442.67322
load_26,2013-05-03 02:00:00,357.0,366.05676,83,3,308.54614,366.05676,411.6894
load_26,2013-05-03 03:00:00,313.5,342.156,83,4,289.453,342.156,389.71503
load_26,2013-05-03 04:00:00,309.9,354.65875,83,5,304.21533,354.65875,404.3576
load_26,2013-05-03 05:00:00,331.2,372.83844,83,6,319.24634,372.83844,423.44342
load_26,2013-05-03 06:00:00,360.9,395.75012,83,7,340.64575,395.75012,452.08954
load_26,2013-05-03 07:00:00,452.7,475.34967,83,8,404.859,475.34967,526.189
load_26,2013-05-03 08:00:00,538.2,617.9524,83,9,523.8849,617.9524,703.74634
load_26,2013-05-03 09:00:00,871.8,903.3977,83,10,791.7019,903.3977,1021.7241
load_26,2013-05-03 10:00:00,1619.1,1641.6736,83,11,1482.0992,1641.6736,1797.652
load_26,2013-05-03 11:00:00,2237.4,2280.814,83,12,2098.2002,2280.814,2418.983
load_26,2013-05-03 12:00:00,2414.1,2430.9155,83,13,2288.856,2430.9155,2542.21
load_26,2013-05-03 13:00:00,2453.7,2462.643,83,14,2297.32,2462.643,2574.0312
load_26,2013-05-03 14:00:00,2440.5,2463.9578,83,15,2326.8723,2463.9578,2579.7217
load_26,2013-05-03 15:00:00,2478.6,2433.421,83,16,2303.9546,2433.421,2548.4019
load_26,2013-05-03 16:00:00,2472.0,2458.0723,83,17,2292.7705,2458.0723,2566.6826
load_26,2013-05-03 17:00:00,2482.2,2441.8496,83,18,2297.8044,2441.8496,2563.8896
load_26,2013-05-03 18:00:00,2527.8,2436.4087,83,19,2287.4011,2436.4087,2576.9111
load_26,2013-05-03 19:00:00,2515.5,2449.8647,83,20,2270.2656,2449.8647,2588.4463
load_26,2013-05-03 20:00:00,2242.8,2145.8057,83,21,1912.1399,2145.8057,2306.5645
load_26,2013-05-03 21:00:00,1422.9,1106.0361,83,22,939.2188,1106.0361,1259.1722
load_26,2013-05-03 22:00:00,817.2,781.3921,83,23,658.12555,781.3921,932.224
load_26,2013-05-03 23:00:00,482.4,541.59686,83,24,448.57233,541.59686,646.7711
load_26,2013-05-06 00:00:00,439.5,390.86572,84,1,329.73987,390.86572,453.3869
load_26,2013-05-06 01:00:00,425.4,356.92432,84,2,301.08057,356.92432,417.49554
load_26,2013-05-06 02:00:00,371.4,341.63916,84,3,280.98657,341.63916,386.58905
load_26,2013-05-06 03:00:00,312.6,319.28577,84,4,264.27014,319.28577,366.49097
load_26,2013-05-06 04:00:00,330.3,327.6006,84,5,276.16248,327.6006,374.9779
load_26,2013-05-06 05:00:00,342.6,342.06592,84,6,287.5802,342.06592,386.4276
load_26,2013-05-06 06:00:00,370.8,366.8844,84,7,311.93237,366.8844,416.12378
load_26,2013-05-06 07:00:00,443.1,454.5794,84,8,392.15106,454.5794,503.40887
load_26,2013-05-06 08:00:00,555.9,586.53253,84,9,507.76654,586.53253,668.8711
load_26,2013-05-06 09:00:00,857.7,902.03516,84,10,807.6246,902.03516,1002.2053
load_26,2013-05-06 10:00:00,1749.0,1663.7947,84,11,1531.917,1663.7947,1798.8546
load_26,2013-05-06 11:00:00,2348.4,2304.5515,84,12,2182.5554,2304.5515,2416.7808
load_26,2013-05-06 12:00:00,2426.4,2432.6104,84,13,2325.3257,2432.6104,2523.663
load_26,2013-05-06 13:00:00,2475.3,2461.5142,84,14,2347.41,2461.5142,2552.4873
load_26,2013-05-06 14:00:00,2473.5,2469.0215,84,15,2364.2537,2469.0215,2563.6387
load_26,2013-05-06 15:00:00,2616.6,2443.3735,84,16,2345.7886,2443.3735,2539.6855
load_26,2013-05-06 16:00:00,2654.1,2475.0403,84,17,2353.9875,2475.0403,2567.7664
load_26,2013-05-06 17:00:00,2672.7,2460.7642,84,18,2343.1667,2460.7642,2567.116
load_26,2013-05-06 18:00:00,2660.1,2450.2488,84,19,2330.1382,2450.2488,2569.6938
load_26,2013-05-06 19:00:00,2564.1,2460.4424,84,20,2328.9773,2460.4424,2574.963
load_26,2013-05-06 20:00:00,2124.6,2182.423,84,21,1991.5283,2182.423,2321.1655
load_26,2013-05-06 21:00:00,1116.0,1192.5647,84,22,1028.5605,1192.5647,1343.983
load_26,2013-05-06 22:00:00,747.6,801.5617,84,23,695.5469,801.5617,944.2028
load_26,2013-05-06 23:00:00,466.5,533.08136,84,24,451.9062,533.08136,636.5925
load_26,2013-05-07 00:00:00,395.1,396.847,85,1,345.3098,396.847,451.19202
load_26,2013-05-07 01:00:00,400.5,369.7859,85,2,322.7622,369.7859,421.77417
load_26,2013-05-07 02:00:00,368.1,357.3982,85,3,305.84436,357.3982,394.03278
load_26,2013-05-07 03:00:00,328.5,330.01575,85,4,282.03418,330.01575,367.18567
load_26,2013-05-07 04:00:00,349.2,339.6388,85,5,297.422,339.6388,376.40485
load_26,2013-05-07 05:00:00,353.1,352.60132,85,6,307.7329,352.60132,386.114
load_26,2013-05-07 06:00:00,346.5,378.1147,85,7,332.50232,378.1147,414.64807
load_26,2013-05-07 07:00:00,412.2,461.27094,85,8,414.00958,461.27094,499.90918
load_26,2013-05-07 08:00:00,542.7,596.6795,85,9,534.87506,596.6795,656.49097
load_26,2013-05-07 09:00:00,859.5,902.60754,85,10,825.9407,902.60754,982.01746
load_26,2013-05-07 10:00:00,1512.6,1689.188,85,11,1584.9187,1689.188,1796.1357
load_26,2013-05-07 11:00:00,2190.3,2352.6584,85,12,2255.4895,2352.6584,2444.824
load_26,2013-05-07 12:00:00,2381.7,2457.7903,85,13,2366.398,2457.7903,2535.767
load_26,2013-05-07 13:00:00,2704.5,2483.2693,85,14,2390.9792,2483.2693,2562.3967
load_26,2013-05-07 14:00:00,2658.0,2494.5955,85,15,2406.398,2494.5955,2585.0532
load_26,2013-05-07 15:00:00,2563.8,2480.1362,85,16,2397.6125,2480.1362,2567.2295
load_26,2013-05-07 16:00:00,2584.5,2520.271,85,17,2410.024,2520.271,2606.2144
load_26,2013-05-07 17:00:00,2602.8,2503.354,85,18,2401.316,2503.354,2603.073
load_26,2013-05-07 18:00:00,2552.7,2496.0654,85,19,2388.86,2496.0654,2607.5098
load_26,2013-05-07 19:00:00,2413.2,2487.7239,85,20,2380.2017,2487.7239,2590.7883
load_26,2013-05-07 20:00:00,2050.8,2174.5874,85,21,2023.6194,2174.5874,2304.926
load_26,2013-05-07 21:00:00,1039.8,1178.5641,85,22,1044.2991,1178.5641,1291.7822
load_26,2013-05-07 22:00:00,776.1,786.6332,85,23,704.7036,786.6332,905.4888
load_26,2013-05-07 23:00:00,522.0,516.4853,85,24,452.83923,516.4853,595.61035
load_26,2013-05-08 00:00:00,384.6,402.58936,86,1,350.25037,402.58936,454.92047
load_26,2013-05-08 01:00:00,374.4,379.6349,86,2,333.30994,379.6349,433.11456
load_26,2013-05-08 02:00:00,355.5,367.30988,86,3,318.38293,367.30988,404.02356
load_26,2013-05-08 03:00:00,324.3,340.5575,86,4,296.5641,340.5575,378.23566
load_26,2013-05-08 04:00:00,323.7,347.40283,86,5,306.8634,347.40283,385.26154
load_26,2013-05-08 05:00:00,343.8,358.2721,86,6,314.521,358.2721,393.36206
load_26,2013-05-08 06:00:00,336.9,376.99847,86,7,332.0725,376.99847,415.55524
load_26,2013-05-08 07:00:00,352.5,451.4984,86,8,394.0218,451.4984,492.36035
load_26,2013-05-08 08:00:00,419.7,580.8756,86,9,512.66785,580.8756,657.2714
load_26,2013-05-08 09:00:00,625.8,888.8884,86,10,791.90094,888.8884,990.77954
load_26,2013-05-08 10:00:00,1602.9,1659.093,86,11,1525.1359,1659.093,1798.1115
load_26,2013-05-08 11:00:00,2219.1,2287.2769,86,12,2144.107,2287.2769,2405.1963
load_26,2013-05-08 12:00:00,2330.7,2447.3696,86,13,2333.579,2447.3696,2534.7773
load_26,2013-05-08 13:00:00,2227.5,2499.63,86,14,2386.8372,2499.63,2586.4224
load_26,2013-05-08 14:00:00,2233.8,2530.1567,86,15,2418.286,2530.1567,2612.926
load_26,2013-05-08 15:00:00,2218.8,2494.3076,86,16,2398.9004,2494.3076,2588.5676
load_26,2013-05-08 16:00:00,2226.9,2530.1611,86,17,2414.4001,2530.1611,2618.599
load_26,2013-05-08 17:00:00,2233.2,2508.6965,86,18,2398.683,2508.6965,2609.361
load_26,2013-05-08 18:00:00,2231.4,2493.936,86,19,2379.0427,2493.936,2608.5728
load_26,2013-05-08 19:00:00,2215.5,2469.565,86,20,2341.2263,2469.565,2577.4104
load_26,2013-05-08 20:00:00,1680.9,2134.6206,86,21,1962.0056,2134.6206,2286.1914
load_26,2013-05-08 21:00:00,674.4,1130.1794,86,22,990.7467,1130.1794,1258.2671
load_26,2013-05-08 22:00:00,528.3,786.22485,86,23,696.93414,786.22485,915.70374
load_26,2013-05-08 23:00:00,436.8,516.9582,86,24,450.57642,516.9582,593.67554
load_26,2013-05-09 00:00:00,432.3,361.9176,87,1,299.729,361.9176,423.78864
load_26,2013-05-09 01:00:00,435.6,348.06903,87,2,285.125,348.06903,415.05676
load_26,2013-05-09 02:00:00,403.8,344.37836,87,3,279.34668,344.37836,401.72015
load_26,2013-05-09 03:00:00,336.3,321.60388,87,4,260.31628,321.60388,381.14905
load_26,2013-05-09 04:00:00,351.6,329.11475,87,5,268.0138,329.11475,388.51416
load_26,2013-05-09 05:00:00,381.6,338.08582,87,6,270.93298,338.08582,397.9853
load_26,2013-05-09 06:00:00,408.9,346.84222,87,7,282.15894,346.84222,409.9087
load_26,2013-05-09 07:00:00,469.5,374.8202,87,8,306.00842,374.8202,450.54016
load_26,2013-05-09 08:00:00,553.8,463.44208,87,9,375.68774,463.44208,567.6954
load_26,2013-05-09 09:00:00,888.9,719.65344,87,10,574.9151,719.65344,874.21436
load_26,2013-05-09 10:00:00,1864.8,1497.1744,87,11,1296.5315,1497.1744,1687.52
load_26,2013-05-09 11:00:00,2540.4,2129.0415,87,12,1887.6968,2129.0415,2330.8381
load_26,2013-05-09 12:00:00,2598.6,2236.57,87,13,1993.479,2236.57,2435.317
load_26,2013-05-09 13:00:00,2586.9,2301.771,87,14,2044.6217,2301.771,2484.0803
load_26,2013-05-09 14:00:00,2602.5,2295.3452,87,15,2077.2583,2295.3452,2489.9688
load_26,2013-05-09 15:00:00,2592.6,2279.7976,87,16,2038.7648,2279.7976,2471.5498
load_26,2013-05-09 16:00:00,2612.7,2325.1667,87,17,2056.2183,2325.1667,2493.2998
load_26,2013-05-09 17:00:00,2620.8,2332.7683,87,18,2088.4087,2332.7683,2512.4294
load_26,2013-05-09 18:00:00,2653.2,2310.8218,87,19,2061.0654,2310.8218,2509.5537
load_26,2013-05-09 19:00:00,2642.7,2284.436,87,20,1994.4229,2284.436,2491.9082
load_26,2013-05-09 20:00:00,2155.5,1909.5883,87,21,1576.9949,1909.5883,2168.3945
load_26,2013-05-09 21:00:00,1110.3,907.8445,87,22,691.86896,907.8445,1148.2722
load_26,2013-05-09 22:00:00,777.0,627.4614,87,23,495.27893,627.4614,819.49634
load_26,2013-05-09 23:00:00,513.0,442.49567,87,24,357.99957,442.49567,544.54663
load_26,2013-05-10 00:00:00,432.9,419.47083,88,1,364.38593,419.47083,471.85168
load_26,2013-05-10 01:00:00,400.2,392.80463,88,2,338.1682,392.80463,452.82092
load_26,2013-05-10 02:00:00,379.2,378.76538,88,3,320.011,378.76538,426.4292
load_26,2013-05-10 03:00:00,339.3,349.8108,88,4,296.87585,349.8108,397.7162
load_26,2013-05-10 04:00:00,342.6,354.7071,88,5,301.96387,354.7071,406.9665
load_26,2013-05-10 05:00:00,366.0,370.5929,88,6,317.10132,370.5929,421.6784
load_26,2013-05-10 06:00:00,396.0,387.1123,88,7,330.964,387.1123,446.52954
load_26,2013-05-10 07:00:00,468.0,452.32452,88,8,372.1549,452.32452,508.73523
load_26,2013-05-10 08:00:00,582.9,556.65,88,9,463.09302,556.65,665.1505
load_26,2013-05-10 09:00:00,918.6,870.0357,88,10,738.3498,870.0357,1008.0664
load_26,2013-05-10 10:00:00,1912.8,1757.6284,88,11,1574.3242,1757.6284,1937.1992
load_26,2013-05-10 11:00:00,2559.9,2344.592,88,12,2149.288,2344.592,2500.8237
load_26,2013-05-10 12:00:00,2685.0,2452.6702,88,13,2270.5405,2452.6702,2597.9663
load_26,2013-05-10 13:00:00,2672.4,2486.7808,88,14,2272.018,2486.7808,2638.233
load_26,2013-05-10 14:00:00,2676.9,2508.3599,88,15,2332.1719,2508.3599,2659.9502
load_26,2013-05-10 15:00:00,2560.2,2487.6094,88,16,2329.9053,2487.6094,2640.0562
load_26,2013-05-10 16:00:00,2503.5,2541.1875,88,17,2337.7375,2541.1875,2674.2422
load_26,2013-05-10 17:00:00,2489.4,2534.192,88,18,2362.371,2534.192,2694.0967
load_26,2013-05-10 18:00:00,2515.8,2525.5635,88,19,2349.4614,2525.5635,2694.9075
load_26,2013-05-10 19:00:00,2515.8,2509.5742,88,20,2273.3196,2509.5742,2695.2644
load_26,2013-05-10 20:00:00,2292.9,2155.746,88,21,1849.9827,2155.746,2364.2002
load_26,2013-05-10 21:00:00,1429.2,1130.8815,88,22,922.2471,1130.8815,1330.062
load_26,2013-05-10 22:00:00,843.3,769.60956,88,23,631.5257,769.60956,945.9292
load_26,2013-05-10 23:00:00,540.0,520.3866,88,24,427.51483,520.3866,616.9348
load_26,2013-05-13 00:00:00,439.8,439.2138,89,1,377.93573,439.2138,490.21686
load_26,2013-05-13 01:00:00,427.5,401.52777,89,2,345.50842,401.52777,467.68042
load_26,2013-05-13 02:00:00,400.8,383.68964,89,3,325.83472,383.68964,432.9469
load_26,2013-05-13 03:00:00,353.1,352.77972,89,4,301.6333,352.77972,402.6477
load_26,2013-05-13 04:00:00,365.4,358.79297,89,5,309.19678,358.79297,408.73077
load_26,2013-05-13 05:00:00,375.9,370.88556,89,6,319.3004,370.88556,417.36688
load_26,2013-05-13 06:00:00,404.4,391.34155,89,7,338.47705,391.34155,447.04797
load_26,2013-05-13 07:00:00,476.7,456.6256,89,8,389.68835,456.6256,510.95898
load_26,2013-05-13 08:00:00,555.9,565.81793,89,9,485.10822,565.81793,660.4141
load_26,2013-05-13 09:00:00,877.2,901.3141,89,10,788.8441,901.3141,1022.18005
load_26,2013-05-13 10:00:00,1966.2,1776.1039,89,11,1614.8044,1776.1039,1935.418
load_26,2013-05-13 11:00:00,2701.8,2409.2876,89,12,2241.5488,2409.2876,2552.7224
load_26,2013-05-13 12:00:00,2858.4,2523.4883,89,13,2356.6233,2523.4883,2655.379
load_26,2013-05-13 13:00:00,2803.5,2564.6147,89,14,2381.4382,2564.6147,2700.8713
load_26,2013-05-13 14:00:00,2729.1,2596.9746,89,15,2430.5435,2596.9746,2728.6875
load_26,2013-05-13 15:00:00,2713.8,2554.9092,89,16,2408.503,2554.9092,2695.3508
load_26,2013-05-13 16:00:00,2721.9,2568.0342,89,17,2378.1973,2568.0342,2703.9258
load_26,2013-05-13 17:00:00,2718.6,2552.0845,89,18,2382.7214,2552.0845,2713.2656
load_26,2013-05-13 18:00:00,2725.5,2537.2231,89,19,2362.358,2537.2231,2708.5176
load_26,2013-05-13 19:00:00,2724.3,2506.5562,89,20,2278.0889,2506.5562,2686.2974
load_26,2013-05-13 20:00:00,2157.9,2183.0684,89,21,1897.252,2183.0684,2384.5503
load_26,2013-05-13 21:00:00,1076.7,1192.7661,89,22,983.0072,1192.7661,1387.5537
load_26,2013-05-13 22:00:00,806.4,781.34576,89,23,650.7398,781.34576,954.76843
load_26,2013-05-13 23:00:00,531.9,530.1307,89,24,438.86493,530.1307,636.3162
load_26,2013-05-14 00:00:00,435.0,424.68762,90,1,376.41815,424.68762,477.93207
load_26,2013-05-14 01:00:00,457.5,393.5144,90,2,342.9386,393.5144,451.1187
load_26,2013-05-14 02:00:00,439.2,381.60242,90,3,326.7323,381.60242,425.03174
load_26,2013-05-14 03:00:00,381.3,352.59302,90,4,304.7749,352.59302,396.00928
load_26,2013-05-14 04:00:00,404.7,361.89966,90,5,314.43298,361.89966,407.87347
load_26,2013-05-14 05:00:00,410.1,374.76062,90,6,327.28467,374.76062,417.6042
load_26,2013-05-14 06:00:00,398.4,393.703,90,7,344.6162,393.703,441.9289
load_26,2013-05-14 07:00:00,442.2,455.46448,90,8,388.5678,455.46448,502.7663
load_26,2013-05-14 08:00:00,562.2,558.3556,90,9,479.45978,558.3556,642.59894
load_26,2013-05-14 09:00:00,868.2,867.1694,90,10,751.40466,867.1694,993.4369
load_26,2013-05-14 10:00:00,1680.6,1851.9391,90,11,1659.2983,1851.9391,2018.1232
load_26,2013-05-14 11:00:00,2624.4,2476.6113,90,12,2274.7668,2476.6113,2627.04
load_26,2013-05-14 12:00:00,2835.0,2567.6997,90,13,2371.418,2567.6997,2721.126
load_26,2013-05-14 13:00:00,2753.7,2595.0522,90,14,2358.1545,2595.0522,2753.8652
load_26,2013-05-14 14:00:00,2797.5,2612.8628,90,15,2418.6914,2612.8628,2764.4565
load_26,2013-05-14 15:00:00,2813.7,2563.44,90,16,2376.291,2563.44,2725.522
load_26,2013-05-14 16:00:00,2817.9,2579.865,90,17,2341.1006,2579.865,2729.335
load_26,2013-05-14 17:00:00,2794.2,2570.1348,90,18,2367.663,2570.1348,2748.8794
load_26,2013-05-14 18:00:00,2709.3,2551.755,90,19,2348.8672,2551.755,2746.9224
load_26,2013-05-14 19:00:00,2697.3,2534.1108,90,20,2249.1375,2534.1108,2744.4521
load_26,2013-05-14 20:00:00,2136.3,2166.9832,90,21,1803.8263,2166.9832,2414.0583
load_26,2013-05-14 21:00:00,1079.4,1135.1042,90,22,902.9048,1135.1042,1358.6703
load_26,2013-05-14 22:00:00,778.2,756.62415,90,23,608.2504,756.62415,939.33484
load_26,2013-05-14 23:00:00,490.8,516.10425,90,24,423.42426,516.10425,603.7134
load_26,2013-05-15 00:00:00,416.1,420.55,91,1,362.68457,420.55,480.24597
load_26,2013-05-15 01:00:00,432.3,400.25446,91,2,346.12317,400.25446,460.93103
load_26,2013-05-15 02:00:00,376.8,395.1806,91,3,338.23523,395.1806,442.89966
load_26,2013-05-15 03:00:00,329.4,370.33984,91,4,320.56213,370.33984,419.19513
load_26,2013-05-15 04:00:00,356.4,377.21326,91,5,327.2295,377.21326,427.29285
load_26,2013-05-15 05:00:00,363.6,391.2564,91,6,339.26123,391.2564,438.26477
load_26,2013-05-15 06:00:00,392.7,405.12933,91,7,351.75952,405.12933,458.50494
load_26,2013-05-15 07:00:00,506.4,445.26288,91,8,381.48303,445.26288,500.26666
load_26,2013-05-15 08:00:00,728.4,543.4297,91,9,465.66254,543.4297,625.4081
load_26,2013-05-15 09:00:00,910.5,868.82635,91,10,748.03595,868.82635,996.89954
load_26,2013-05-15 10:00:00,1697.7,1797.5251,91,11,1603.9182,1797.5251,1972.458
load_26,2013-05-15 11:00:00,2679.3,2563.7988,91,12,2356.187,2563.7988,2721.7793
load_26,2013-05-15 12:00:00,2735.4,2669.5793,91,13,2471.4727,2669.5793,2828.0781
load_26,2013-05-15 13:00:00,2736.3,2702.177,91,14,2471.5808,2702.177,2863.5774
load_26,2013-05-15 14:00:00,2690.4,2715.6802,91,15,2523.4856,2715.6802,2877.0322
load_26,2013-05-15 15:00:00,2685.6,2664.668,91,16,2493.2148,2664.668,2828.6099
load_26,2013-05-15 16:00:00,2704.8,2670.0654,91,17,2457.0044,2670.0654,2817.8428
load_26,2013-05-15 17:00:00,2710.5,2644.836,91,18,2459.3271,2644.836,2821.7104
load_26,2013-05-15 18:00:00,2721.6,2614.8127,91,19,2421.9216,2614.8127,2804.6123
load_26,2013-05-15 19:00:00,2732.4,2590.553,91,20,2337.565,2590.553,2785.084
load_26,2013-05-15 20:00:00,2166.6,2159.0674,91,21,1866.0642,2159.0674,2395.7913
load_26,2013-05-15 21:00:00,1077.0,1099.8727,91,22,907.775,1099.8727,1284.265
load_26,2013-05-15 22:00:00,783.0,765.01935,91,23,638.516,765.01935,929.2163
load_26,2013-05-15 23:00:00,510.0,523.07947,91,24,435.9809,523.07947,615.22546
load_26,2013-05-16 00:00:00,465.0,414.10632,92,1,364.1814,414.10632,464.53473
load_26,2013-05-16 01:00:00,472.5,392.3562,92,2,344.29407,392.3562,444.3454
load_26,2013-05-16 02:00:00,438.3,386.88306,92,3,336.84583,386.88306,424.1034
load_26,2013-05-16 03:00:00,398.4,366.04382,92,4,322.7157,366.04382,405.05963
load_26,2013-05-16 04:00:00,425.7,377.89172,92,5,335.39087,377.89172,418.02985
load_26,2013-05-16 05:00:00,431.7,388.3059,92,6,344.37708,388.3059,423.60895
load_26,2013-05-16 06:00:00,439.2,406.70673,92,7,360.92847,406.70673,449.98212
load_26,2013-05-16 07:00:00,449.7,458.63348,92,8,396.2458,458.63348,499.7768
load_26,2013-05-16 08:00:00,574.8,570.035,92,9,493.94995,570.035,647.84845
load_26,2013-05-16 09:00:00,885.9,862.08575,92,10,751.059,862.08575,972.70557
load_26,2013-05-16 10:00:00,1589.7,1782.8533,92,11,1611.1414,1782.8533,1932.3228
load_26,2013-05-16 11:00:00,2646.6,2572.0828,92,12,2392.288,2572.0828,2693.9568
load_26,2013-05-16 12:00:00,2739.3,2650.2805,92,13,2477.2803,2650.2805,2779.1843
load_26,2013-05-16 13:00:00,2766.9,2659.8147,92,14,2454.2556,2659.8147,2790.3315
load_26,2013-05-16 14:00:00,2745.3,2668.4602,92,15,2503.0723,2668.4602,2798.929
load_26,2013-05-16 15:00:00,2574.6,2632.7163,92,16,2481.534,2632.7163,2768.8096
load_26,2013-05-16 16:00:00,2595.6,2657.0513,92,17,2439.8027,2657.0513,2788.0103
load_26,2013-05-16 17:00:00,2730.0,2635.6406,92,18,2449.555,2635.6406,2792.1807
load_26,2013-05-16 18:00:00,2733.6,2608.8699,92,19,2417.017,2608.8699,2781.0342
load_26,2013-05-16 19:00:00,2735.4,2584.6582,92,20,2316.9023,2584.6582,2761.3984
load_26,2013-05-16 20:00:00,2214.0,2150.9385,92,21,1839.0449,2150.9385,2377.4004
load_26,2013-05-16 21:00:00,1129.5,1102.914,92,22,903.5459,1102.914,1274.3864
load_26,2013-05-16 22:00:00,828.6,742.1041,92,23,616.0191,742.1041,894.62616
load_26,2013-05-16 23:00:00,555.6,507.19757,92,24,425.8659,507.19757,589.0611
load_26,2013-05-20 00:00:00,441.9,450.479,93,1,391.21106,450.479,510.86322
load_26,2013-05-20 01:00:00,448.2,428.8365,93,2,372.10376,428.8365,491.29724
load_26,2013-05-20 02:00:00,399.3,420.7926,93,3,363.20007,420.7926,466.4671
load_26,2013-05-20 03:00:00,357.6,393.60168,93,4,343.29053,393.60168,440.95758
load_26,2013-05-20 04:00:00,378.9,407.34753,93,5,356.77673,407.34753,456.7447
load_26,2013-05-20 05:00:00,382.2,422.2049,93,6,369.87463,422.2049,469.67767
load_26,2013-05-20 06:00:00,380.7,433.9699,93,7,379.71765,433.9699,487.1469
load_26,2013-05-20 07:00:00,414.9,470.82782,93,8,407.15405,470.82782,525.39905
load_26,2013-05-20 08:00:00,563.7,591.3369,93,9,508.81073,591.3369,679.74603
load_26,2013-05-20 09:00:00,882.9,886.4453,93,10,767.8509,886.4453,1011.2216
load_26,2013-05-20 10:00:00,1708.8,1776.0463,93,11,1588.3972,1776.0463,1946.8336
load_26,2013-05-20 11:00:00,2361.0,2650.2878,93,12,2449.5925,2650.2878,2782.6338
load_26,2013-05-20 12:00:00,2456.7,2715.8171,93,13,2530.1833,2715.8171,2862.7656
load_26,2013-05-20 13:00:00,2465.7,2716.9614,93,14,2500.7637,2716.9614,2863.9358
load_26,2013-05-20 14:00:00,2460.9,2706.3755,93,15,2536.8516,2706.3755,2862.2202
load_26,2013-05-20 15:00:00,2571.0,2663.6523,93,16,2499.1577,2663.6523,2812.7017
load_26,2013-05-20 16:00:00,2571.3,2661.8298,93,17,2455.2295,2661.8298,2796.275
load_26,2013-05-20 17:00:00,2553.9,2649.846,93,18,2478.1921,2649.846,2807.2793
load_26,2013-05-20 18:00:00,2510.4,2638.782,93,19,2456.2605,2638.782,2812.048
load_26,2013-05-20 19:00:00,2478.0,2649.5732,93,20,2420.8289,2649.5732,2825.746
load_26,2013-05-20 20:00:00,2115.0,2205.6128,93,21,1929.9464,2205.6128,2418.6338
load_26,2013-05-20 21:00:00,1104.0,1130.3899,93,22,943.6332,1130.3899,1302.9636
load_26,2013-05-20 22:00:00,818.4,787.89465,93,23,662.63306,787.89465,945.5781
load_26,2013-05-20 23:00:00,515.7,551.1452,93,24,466.044,551.1452,640.8731
load_26,2013-05-21 00:00:00,430.8,423.96692,94,1,374.58948,423.96692,474.81177
load_26,2013-05-21 01:00:00,410.7,398.0973,94,2,351.37622,398.0973,449.05695
load_26,2013-05-21 02:00:00,377.7,390.77368,94,3,342.70398,390.77368,426.5398
load_26,2013-05-21 03:00:00,330.3,367.37585,94,4,323.72546,367.37585,406.02197
load_26,2013-05-21 04:00:00,340.8,380.73743,94,5,339.3379,380.73743,417.79272
load_26,2013-05-21 05:00:00,360.6,388.3672,94,6,343.96423,388.3672,420.89807
load_26,2013-05-21 06:00:00,375.9,401.86975,94,7,357.5514,401.86975,436.09167
load_26,2013-05-21 07:00:00,421.5,430.13745,94,8,380.35718,430.13745,472.45044
load_26,2013-05-21 08:00:00,569.4,538.05994,94,9,476.74506,538.05994,599.255
load_26,2013-05-21 09:00:00,890.4,844.2303,94,10,760.3615,844.2303,936.2719
load_26,2013-05-21 10:00:00,1645.5,1659.1501,94,11,1523.3411,1659.1501,1795.2815
load_26,2013-05-21 11:00:00,2400.0,2517.7085,94,12,2367.435,2517.7085,2636.7505
load_26,2013-05-21 12:00:00,2562.0,2604.4597,94,13,2455.3281,2604.4597,2722.9556
load_26,2013-05-21 13:00:00,2598.6,2611.6465,94,14,2437.3523,2611.6465,2734.3066
load_26,2013-05-21 14:00:00,2647.5,2615.8618,94,15,2475.4758,2615.8618,2746.5962
load_26,2013-05-21 15:00:00,2637.9,2591.6045,94,16,2458.6582,2591.6045,2717.7231
load_26,2013-05-21 16:00:00,2636.4,2600.0605,94,17,2444.024,2600.0605,2711.1553
load_26,2013-05-21 17:00:00,2658.9,2589.4917,94,18,2450.5557,2589.4917,2720.0996
load_26,2013-05-21 18:00:00,2628.3,2570.7507,94,19,2428.6428,2570.7507,2717.0386
load_26,2013-05-21 19:00:00,2521.2,2559.037,94,20,2389.5767,2559.037,2702.17
load_26,2013-05-21 20:00:00,2179.8,2126.0625,94,21,1938.386,2126.0625,2308.5503
load_26,2013-05-21 21:00:00,1182.3,1097.9263,94,22,968.6386,1097.9263,1218.1902
load_26,2013-05-21 22:00:00,864.6,767.68115,94,23,685.40515,767.68115,883.4859
load_26,2013-05-21 23:00:00,524.4,522.4026,94,24,457.01733,522.4026,595.6869
load_26,2013-05-22 00:00:00,424.5,425.76233,95,1,378.38843,425.76233,475.49622
load_26,2013-05-22 01:00:00,421.2,400.6698,95,2,355.531,400.6698,449.3703
load_26,2013-05-22 02:00:00,366.6,391.4331,95,3,343.30737,391.4331,423.6084
load_26,2013-05-22 03:00:00,332.1,364.94714,95,4,322.32397,364.94714,399.37488
load_26,2013-05-22 04:00:00,327.6,376.3506,95,5,336.8036,376.3506,409.8009
load_26,2013-05-22 05:00:00,346.8,386.37793,95,6,343.5724,386.37793,416.39233
load_26,2013-05-22 06:00:00,347.7,401.0902,95,7,356.51978,401.0902,432.98132
load_26,2013-05-22 07:00:00,349.8,440.72345,95,8,387.6344,440.72345,477.8017
load_26,2013-05-22 08:00:00,429.9,577.4823,95,9,519.84424,577.4823,641.18604
load_26,2013-05-22 09:00:00,591.0,873.33344,95,10,792.4058,873.33344,963.7868
load_26,2013-05-22 10:00:00,1470.3,1696.545,95,11,1566.0001,1696.545,1830.5797
load_26,2013-05-22 11:00:00,1952.4,2533.082,95,12,2393.621,2533.082,2648.98
load_26,2013-05-22 12:00:00,2130.0,2618.264,95,13,2485.863,2618.264,2734.2886
load_26,2013-05-22 13:00:00,2190.3,2629.4019,95,14,2479.3645,2629.4019,2748.6406
load_26,2013-05-22 14:00:00,2296.5,2626.7346,95,15,2499.2024,2626.7346,2759.4153
load_26,2013-05-22 15:00:00,2331.0,2610.05,95,16,2488.0596,2610.05,2733.3118
load_26,2013-05-22 16:00:00,2334.9,2625.7327,95,17,2485.7402,2625.7327,2737.3062
load_26,2013-05-22 17:00:00,2317.8,2610.0015,95,18,2475.19,2610.0015,2746.8984
load_26,2013-05-22 18:00:00,2297.7,2590.0786,95,19,2450.165,2590.0786,2739.0903
load_26,2013-05-22 19:00:00,2271.0,2575.543,95,20,2414.6025,2575.543,2723.957
load_26,2013-05-22 20:00:00,1761.9,2150.346,95,21,1971.3049,2150.346,2336.0854
load_26,2013-05-22 21:00:00,822.3,1117.5,95,22,990.4807,1117.5,1240.7258
load_26,2013-05-22 22:00:00,587.1,801.2873,95,23,719.185,801.2873,922.2187
load_26,2013-05-22 23:00:00,459.0,534.9758,95,24,471.43158,534.9758,610.9822
load_26,2013-05-23 00:00:00,432.0,388.15283,96,1,335.44604,388.15283,444.31134
load_26,2013-05-23 01:00:00,448.2,369.24866,96,2,314.61816,369.24866,426.52582
load_26,2013-05-23 02:00:00,398.4,361.88562,96,3,306.32507,361.88562,409.16736
load_26,2013-05-23 03:00:00,351.9,338.17798,96,4,288.48767,338.17798,390.4796
load_26,2013-05-23 04:00:00,344.1,345.95227,96,5,294.58862,345.95227,397.39844
load_26,2013-05-23 05:00:00,363.0,352.79126,96,6,296.04773,352.79126,402.46692
load_26,2013-05-23 06:00:00,367.2,360.963,96,7,307.05835,360.963,415.6886
load_26,2013-05-23 07:00:00,430.8,371.8595,96,8,318.54224,371.8595,440.57953
load_26,2013-05-23 08:00:00,578.4,460.9308,96,9,386.08264,460.9308,545.29
load_26,2013-05-23 09:00:00,922.2,699.73175,96,10,564.989,699.73175,830.5747
load_26,2013-05-23 10:00:00,1968.3,1416.0475,96,11,1191.161,1416.0475,1627.195
load_26,2013-05-23 11:00:00,2680.5,2149.905,96,12,1858.1389,2149.905,2367.192
load_26,2013-05-23 12:00:00,3006.9,2257.0056,96,13,1970.65,2257.0056,2469.4878
load_26,2013-05-23 13:00:00,3017.7,2308.745,96,14,2016.1411,2308.745,2512.239
load_26,2013-05-23 14:00:00,3000.9,2339.6152,96,15,2088.094,2339.6152,2542.8835
load_26,2013-05-23 15:00:00,2807.7,2337.8508,96,16,2090.8926,2337.8508,2531.058
load_26,2013-05-23 16:00:00,2817.9,2360.18,96,17,2102.3684,2360.18,2545.91
load_26,2013-05-23 17:00:00,2989.8,2367.768,96,18,2133.881,2367.768,2555.1294
load_26,2013-05-23 18:00:00,2979.3,2344.7815,96,19,2099.4873,2344.7815,2545.1914
load_26,2013-05-23 19:00:00,2869.5,2311.9888,96,20,2043.396,2311.9888,2509.357
load_26,2013-05-23 20:00:00,2269.8,1902.2749,96,21,1641.2095,1902.2749,2124.6628
load_26,2013-05-23 21:00:00,1186.5,935.3152,96,22,773.90063,935.3152,1095.0123
load_26,2013-05-23 22:00:00,848.1,670.5145,96,23,557.7123,670.5145,812.6557
load_26,2013-05-23 23:00:00,519.0,471.2213,96,24,384.14124,471.2213,560.5039
load_26,2013-05-24 00:00:00,444.0,472.06067,97,1,425.70447,472.06067,515.6669
load_26,2013-05-24 01:00:00,447.0,452.76666,97,2,398.7367,452.76666,504.015
load_26,2013-05-24 02:00:00,413.7,422.27496,97,3,368.65894,422.27496,468.40637
load_26,2013-05-24 03:00:00,357.9,386.59973,97,4,334.99805,386.59973,435.82532
load_26,2013-05-24 04:00:00,371.4,394.7339,97,5,343.94775,394.7339,444.78998
load_26,2013-05-24 05:00:00,385.5,400.34802,97,6,349.02966,400.34802,445.61707
load_26,2013-05-24 06:00:00,401.1,407.42297,97,7,351.4364,407.42297,458.59204
load_26,2013-05-24 07:00:00,470.7,454.86035,97,8,387.8119,454.86035,508.6903
load_26,2013-05-24 08:00:00,578.7,621.2897,97,9,536.4256,621.2897,709.37427
load_26,2013-05-24 09:00:00,929.1,921.8265,97,10,819.3365,921.8265,1040.1172
load_26,2013-05-24 10:00:00,1908.9,1819.4319,97,11,1653.4456,1819.4319,1995.3611
load_26,2013-05-24 11:00:00,2610.3,2674.412,97,12,2470.6626,2674.412,2847.698
load_26,2013-05-24 12:00:00,3014.1,2756.1206,97,13,2565.0664,2756.1206,2938.9937
load_26,2013-05-24 13:00:00,3078.6,2784.9702,97,14,2561.6455,2784.9702,2971.7236
load_26,2013-05-24 14:00:00,3069.6,2806.475,97,15,2604.1526,2806.475,2983.585
load_26,2013-05-24 15:00:00,2860.8,2748.8623,97,16,2572.75,2748.8623,2935.7747
load_26,2013-05-24 16:00:00,2915.4,2770.5413,97,17,2563.5186,2770.5413,2952.7153
load_26,2013-05-24 17:00:00,2985.0,2776.92,97,18,2584.5283,2776.92,2998.999
load_26,2013-05-24 18:00:00,2992.8,2774.7427,97,19,2571.857,2774.7427,3007.8015
load_26,2013-05-24 19:00:00,2921.1,2748.7002,97,20,2515.4854,2748.7002,2990.7388
load_26,2013-05-24 20:00:00,2784.9,2236.8643,97,21,1987.4849,2236.8643,2492.774
load_26,2013-05-24 21:00:00,1578.0,1127.4331,97,22,969.5444,1127.4331,1284.0502
load_26,2013-05-24 22:00:00,910.8,806.2176,97,23,704.2953,806.2176,959.7226
load_26,2013-05-24 23:00:00,560.7,566.1113,97,24,491.37994,566.1113,657.3693
load_26,2013-05-27 00:00:00,471.0,471.08014,98,1,407.95667,471.08014,526.3643
load_26,2013-05-27 01:00:00,450.9,445.44257,98,2,383.281,445.44257,510.85144
load_26,2013-05-27 02:00:00,407.4,424.45032,98,3,360.12317,424.45032,475.36212
load_26,2013-05-27 03:00:00,357.0,390.77966,98,4,336.86975,390.77966,445.6482
load_26,2013-05-27 04:00:00,380.7,396.45898,98,5,341.6681,396.45898,452.44983
load_26,2013-05-27 05:00:00,390.0,406.91003,98,6,351.01477,406.91003,458.59265
load_26,2013-05-27 06:00:00,396.9,419.16003,98,7,360.63977,419.16003,478.25293
load_26,2013-05-27 07:00:00,467.1,474.57306,98,8,402.4408,474.57306,535.8037
load_26,2013-05-27 08:00:00,576.0,600.1478,98,9,514.00604,600.1478,702.4202
load_26,2013-05-27 09:00:00,960.9,931.53644,98,10,800.7226,931.53644,1070.2465
load_26,2013-05-27 10:00:00,2077.8,1820.1516,98,11,1602.0586,1820.1516,2022.7449
load_26,2013-05-27 11:00:00,2458.8,2654.1936,98,12,2377.5261,2654.1936,2868.2622
load_26,2013-05-27 12:00:00,2547.3,2819.046,98,13,2554.4106,2819.046,3025.4746
load_26,2013-05-27 13:00:00,2664.6,2857.9124,98,14,2543.265,2857.9124,3073.3652
load_26,2013-05-27 14:00:00,2618.7,2870.5159,98,15,2611.729,2870.5159,3073.5566
load_26,2013-05-27 15:00:00,2698.2,2787.4038,98,16,2536.0962,2787.4038,2998.2788
load_26,2013-05-27 16:00:00,2803.5,2823.272,98,17,2521.9902,2823.272,3002.141
load_26,2013-05-27 17:00:00,2818.5,2819.693,98,18,2574.9531,2819.693,3043.894
load_26,2013-05-27 18:00:00,2688.9,2810.026,98,19,2547.5708,2810.026,3051.2856
load_26,2013-05-27 19:00:00,2630.4,2772.4866,98,20,2416.952,2772.4866,3019.4458
load_26,2013-05-27 20:00:00,2211.0,2398.039,98,21,1973.7303,2398.039,2672.7324
load_26,2013-05-27 21:00:00,1158.9,1262.8784,98,22,1006.7997,1262.8784,1501.0015
load_26,2013-05-27 22:00:00,822.3,864.2439,98,23,711.8123,864.2439,1063.5896
load_26,2013-05-27 23:00:00,515.1,567.0864,98,24,465.45178,567.0864,670.1473
load_26,2013-05-28 00:00:00,457.2,422.18787,99,1,372.68372,422.18787,473.77313
load_26,2013-05-28 01:00:00,456.0,402.9652,99,2,354.9574,402.9652,456.4297
load_26,2013-05-28 02:00:00,409.8,393.14404,99,3,341.6151,393.14404,432.76483
load_26,2013-05-28 03:00:00,364.5,369.81616,99,4,324.61267,369.81616,409.2091
load_26,2013-05-28 04:00:00,376.5,374.15527,99,5,327.3651,374.15527,418.6338
load_26,2013-05-28 05:00:00,390.3,391.10168,99,6,341.89075,391.10168,434.13293
load_26,2013-05-28 06:00:00,405.0,402.34045,99,7,352.36792,402.34045,451.9088
load_26,2013-05-28 07:00:00,447.3,443.80194,99,8,382.66907,443.80194,501.2141
load_26,2013-05-28 08:00:00,576.3,563.1944,99,9,481.8316,563.1944,668.72797
load_26,2013-05-28 09:00:00,909.0,882.61975,99,10,730.5844,882.61975,1041.0988
load_26,2013-05-28 10:00:00,1917.3,1799.4015,99,11,1551.8883,1799.4015,2036.1577
load_26,2013-05-28 11:00:00,2612.7,2364.925,99,12,2012.8889,2364.925,2650.4102
load_26,2013-05-28 12:00:00,2674.5,2521.173,99,13,2119.3296,2521.173,2798.3628
load_26,2013-05-28 13:00:00,2697.9,2603.7686,99,14,2217.3394,2603.7686,2891.2559
load_26,2013-05-28 14:00:00,2772.3,2632.521,99,15,2250.8035,2632.521,2902.88
load_26,2013-05-28 15:00:00,2789.7,2618.7114,99,16,2256.762,2618.7114,2909.1133
load_26,2013-05-28 16:00:00,2776.8,2656.3198,99,17,2290.5562,2656.3198,2921.8188
load_26,2013-05-28 17:00:00,2787.0,2656.1084,99,18,2331.997,2656.1084,2925.7036
load_26,2013-05-28 18:00:00,2782.2,2625.004,99,19,2259.578,2625.004,2915.3652
load_26,2013-05-28 19:00:00,2781.9,2575.1714,99,20,2183.7197,2575.1714,2879.4385
load_26,2013-05-28 20:00:00,2224.8,2266.384,99,21,1851.2366,2266.384,2571.9358
load_26,2013-05-28 21:00:00,1118.4,1195.5038,99,22,944.50696,1195.5038,1425.2767
load_26,2013-05-28 22:00:00,831.9,805.00287,99,23,659.4143,805.00287,1000.0416
load_26,2013-05-28 23:00:00,528.3,532.28204,99,24,437.4162,532.28204,623.46857
load_26,2013-05-29 00:00:00,450.3,442.74084,100,1,391.85034,442.74084,498.83673
load_26,2013-05-29 01:00:00,448.8,419.3645,100,2,370.0271,419.3645,475.78857
load_26,2013-05-29 02:00:00,425.7,407.35168,100,3,355.6665,407.35168,447.88922
load_26,2013-05-29 03:00:00,376.5,380.78577,100,4,335.39917,380.78577,420.24792
load_26,2013-05-29 04:00:00,394.2,381.1599,100,5,335.75024,381.1599,421.52124
load_26,2013-05-29 05:00:00,408.6,399.04248,100,6,351.8817,399.04248,438.45074
load_26,2013-05-29 06:00:00,418.5,409.91382,100,7,362.10547,409.91382,454.49347
load_26,2013-05-29 07:00:00,453.3,440.80646,100,8,388.87524,440.80646,494.60168
load_26,2013-05-29 08:00:00,571.2,551.5604,100,9,482.27374,551.5604,629.9604
load_26,2013-05-29 09:00:00,918.6,888.7265,100,10,767.49506,888.7265,1015.86975
load_26,2013-05-29 10:00:00,1884.6,1882.6799,100,11,1678.4451,1882.6799,2063.8994
load_26,2013-05-29 11:00:00,2472.6,2470.7087,100,12,2222.248,2470.7087,2682.0981
load_26,2013-05-29 12:00:00,2634.6,2602.0674,100,13,2343.1255,2602.0674,2800.9849
load_26,2013-05-29 13:00:00,2622.6,2665.4143,100,14,2389.8547,2665.4143,2864.687
load_26,2013-05-29 14:00:00,2576.7,2670.2197,100,15,2436.106,2670.2197,2877.1907
load_26,2013-05-29 15:00:00,2518.5,2658.463,100,16,2439.6785,2658.463,2858.2983
load_26,2013-05-29 16:00:00,2517.3,2714.55,100,17,2451.8735,2714.55,2904.1848
load_26,2013-05-29 17:00:00,2517.9,2698.7207,100,18,2487.1973,2698.7207,2911.0464
load_26,2013-05-29 18:00:00,2531.1,2667.5103,100,19,2434.1694,2667.5103,2895.8123
load_26,2013-05-29 19:00:00,2529.6,2626.3503,100,20,2338.5718,2626.3503,2853.04
load_26,2013-05-29 20:00:00,2164.8,2228.8384,100,21,1907.6853,2228.8384,2490.6533
load_26,2013-05-29 21:00:00,1131.6,1128.9698,100,22,932.21783,1128.9698,1321.1571
load_26,2013-05-29 22:00:00,819.0,798.0602,100,23,679.92896,798.0602,963.0066
load_26,2013-05-29 23:00:00,497.7,522.39166,100,24,444.4062,522.39166,607.0284
load_26,2013-05-30 00:00:00,441.0,414.84033,101,1,370.56982,414.84033,461.13763
load_26,2013-05-30 01:00:00,440.4,395.15857,101,2,351.40625,395.15857,443.38055
load_26,2013-05-30 02:00:00,407.4,389.75134,101,3,344.3064,389.75134,423.4154
load_26,2013-05-30 03:00:00,352.2,367.03918,101,4,327.10107,367.03918,400.0758
load_26,2013-05-30 04:00:00,377.4,373.29395,101,5,333.76843,373.29395,408.43176
load_26,2013-05-30 05:00:00,379.5,386.3772,101,6,342.96204,386.3772,420.4796
load_26,2013-05-30 06:00:00,393.0,397.9878,101,7,355.33862,397.9878,434.66492
load_26,2013-05-30 07:00:00,446.4,428.16504,101,8,379.0437,428.16504,474.60614
load_26,2013-05-30 08:00:00,569.4,526.0437,101,9,465.3017,526.0437,599.31824
load_26,2013-05-30 09:00:00,918.6,856.95135,101,10,746.0758,856.95135,978.4846
load_26,2013-05-30 10:00:00,1985.1,1819.9037,101,11,1629.3594,1819.9037,1995.2668
load_26,2013-05-30 11:00:00,2608.5,2446.1272,101,12,2198.9639,2446.1272,2659.441
load_26,2013-05-30 12:00:00,2646.0,2602.9346,101,13,2368.2979,2602.9346,2794.6362
load_26,2013-05-30 13:00:00,2645.1,2655.7283,101,14,2375.6619,2655.7283,2864.9443
load_26,2013-05-30 14:00:00,2640.3,2672.129,101,15,2431.8767,2672.129,2866.8914
load_26,2013-05-30 15:00:00,2613.0,2617.6226,101,16,2384.4006,2617.6226,2824.0864
load_26,2013-05-30 16:00:00,2681.4,2645.3164,101,17,2369.6748,2645.3164,2849.9775
load_26,2013-05-30 17:00:00,2724.3,2647.377,101,18,2418.426,2647.377,2866.287
load_26,2013-05-30 18:00:00,2709.6,2634.1335,101,19,2402.458,2634.1335,2870.4753
load_26,2013-05-30 19:00:00,2633.4,2593.813,101,20,2303.5298,2593.813,2829.1223
load_26,2013-05-30 20:00:00,2156.4,2204.31,101,21,1896.5381,2204.31,2460.369
load_26,2013-05-30 21:00:00,1139.7,1139.9144,101,22,950.8921,1139.9144,1302.073
load_26,2013-05-30 22:00:00,851.7,781.4462,101,23,673.75867,781.4462,930.4268
load_26,2013-05-30 23:00:00,515.7,524.5235,101,24,449.98157,524.5235,601.3174
load_26,2013-05-31 00:00:00,453.9,441.70215,102,1,397.19885,441.70215,487.43347
load_26,2013-05-31 01:00:00,445.2,418.65295,102,2,376.00208,418.65295,465.53363
load_26,2013-05-31 02:00:00,405.0,415.18665,102,3,371.6316,415.18665,445.6405
load_26,2013-05-31 03:00:00,359.7,390.75916,102,4,351.62988,390.75916,418.7599
load_26,2013-05-31 04:00:00,385.2,395.06567,102,5,359.1272,395.06567,424.3457
load_26,2013-05-31 05:00:00,388.8,408.02258,102,6,369.9187,408.02258,435.6432
load_26,2013-05-31 06:00:00,402.0,413.89478,102,7,373.5829,413.89478,440.33826
load_26,2013-05-31 07:00:00,457.2,436.10913,102,8,395.25098,436.10913,476.76068
load_26,2013-05-31 08:00:00,591.9,539.6853,102,9,484.87653,539.6853,607.7116
load_26,2013-05-31 09:00:00,980.4,893.1909,102,10,796.0291,893.1909,997.1986
load_26,2013-05-31 10:00:00,1804.5,1934.9208,102,11,1769.504,1934.9208,2075.0732
load_26,2013-05-31 11:00:00,2569.5,2504.9448,102,12,2321.0889,2504.9448,2675.936
load_26,2013-05-31 12:00:00,2644.2,2641.7744,102,13,2463.1062,2641.7744,2792.7554
load_26,2013-05-31 13:00:00,2663.4,2686.7393,102,14,2475.0698,2686.7393,2848.7927
load_26,2013-05-31 14:00:00,2742.3,2678.579,102,15,2509.893,2678.579,2843.6504
load_26,2013-05-31 15:00:00,2748.6,2648.1943,102,16,2486.365,2648.1943,2807.814
load_26,2013-05-31 16:00:00,2732.1,2674.7358,102,17,2463.7578,2674.7358,2828.7808
load_26,2013-05-31 17:00:00,2745.0,2669.5034,102,18,2491.7961,2669.5034,2854.0667
load_26,2013-05-31 18:00:00,2743.5,2655.2546,102,19,2469.959,2655.2546,2855.3655
load_26,2013-05-31 19:00:00,2758.2,2620.327,102,20,2373.5845,2620.327,2821.018
load_26,2013-05-31 20:00:00,2637.3,2272.0264,102,21,1974.1025,2272.0264,2499.8853
load_26,2013-05-31 21:00:00,1701.6,1203.1069,102,22,1002.1539,1203.1069,1381.0286
load_26,2013-05-31 22:00:00,877.2,806.01385,102,23,695.1455,806.01385,962.3744
load_26,2013-05-31 23:00:00,540.0,531.0273,102,24,458.42334,531.0273,608.1209
load_26,2013-06-03 00:00:00,450.6,444.4098,103,1,391.2096,444.4098,495.859
load_26,2013-06-03 01:00:00,442.2,418.43848,103,2,369.45422,418.43848,471.27734
load_26,2013-06-03 02:00:00,407.4,409.19238,103,3,358.51318,409.19238,443.4602
load_26,2013-06-03 03:00:00,363.9,383.32483,103,4,339.09863,383.32483,415.24707
load_26,2013-06-03 04:00:00,386.4,387.3723,103,5,344.10522,387.3723,423.3484
load_26,2013-06-03 05:00:00,398.1,395.92432,103,6,351.21667,395.92432,427.93652
load_26,2013-06-03 06:00:00,405.3,410.12317,103,7,363.0586,410.12317,446.3423
load_26,2013-06-03 07:00:00,453.9,448.39258,103,8,394.99194,448.39258,497.69153
load_26,2013-06-03 08:00:00,567.9,566.07245,103,9,500.3802,566.07245,658.0333
load_26,2013-06-03 09:00:00,942.9,953.2059,103,10,845.6407,953.2059,1066.5719
load_26,2013-06-03 10:00:00,2002.5,1944.5868,103,11,1782.7263,1944.5868,2101.309
load_26,2013-06-03 11:00:00,2618.7,2574.4844,103,12,2415.4888,2574.4844,2758.451
load_26,2013-06-03 12:00:00,2683.2,2692.2847,103,13,2517.8735,2692.2847,2863.0195
load_26,2013-06-03 13:00:00,2842.2,2726.0874,103,14,2527.2383,2726.0874,2907.6943
load_26,2013-06-03 14:00:00,3016.5,2753.1794,103,15,2577.8984,2753.1794,2924.9053
load_26,2013-06-03 15:00:00,2976.9,2713.2056,103,16,2555.3967,2713.2056,2890.0593
load_26,2013-06-03 16:00:00,2840.7,2744.2788,103,17,2560.6619,2744.2788,2907.8972
load_26,2013-06-03 17:00:00,2823.6,2733.31,103,18,2562.2534,2733.31,2935.229
load_26,2013-06-03 18:00:00,2808.9,2718.5283,103,19,2539.4766,2718.5283,2933.3818
load_26,2013-06-03 19:00:00,2781.9,2690.7405,103,20,2462.784,2690.7405,2922.3174
load_26,2013-06-03 20:00:00,2188.8,2377.9,103,21,2074.5093,2377.9,2631.8403
load_26,2013-06-03 21:00:00,1135.5,1299.4086,103,22,1071.113,1299.4086,1536.219
load_26,2013-06-03 22:00:00,837.9,831.63104,103,23,711.6527,831.63104,1020.0591
load_26,2013-06-03 23:00:00,518.7,544.2291,103,24,471.37866,544.2291,633.0023
load_26,2013-06-04 00:00:00,441.6,443.2173,104,1,391.64612,443.2173,493.94415
load_26,2013-06-04 01:00:00,441.9,420.98462,104,2,374.35962,420.98462,473.2992
load_26,2013-06-04 02:00:00,403.5,414.99768,104,3,366.28577,414.99768,449.91943
load_26,2013-06-04 03:00:00,357.0,391.74805,104,4,346.17737,391.74805,426.8507
load_26,2013-06-04 04:00:00,355.5,396.97803,104,5,354.85962,396.97803,431.3744
load_26,2013-06-04 05:00:00,353.4,406.2162,104,6,363.36584,406.2162,436.943
load_26,2013-06-04 06:00:00,370.2,418.66992,104,7,372.5553,418.66992,448.93652
load_26,2013-06-04 07:00:00,438.0,451.2467,104,8,403.09766,451.2467,495.41516
load_26,2013-06-04 08:00:00,583.2,572.422,104,9,510.88202,572.422,643.50903
load_26,2013-06-04 09:00:00,995.4,964.00275,104,10,870.76935,964.00275,1055.6503
load_26,2013-06-04 10:00:00,2061.0,1973.2009,104,11,1834.0671,1973.2009,2096.0098
load_26,2013-06-04 11:00:00,2683.5,2579.9797,104,12,2451.184,2579.9797,2723.7969
load_26,2013-06-04 12:00:00,2782.2,2700.891,104,13,2562.2053,2700.891,2827.2925
load_26,2013-06-04 13:00:00,2775.9,2749.9941,104,14,2605.2688,2749.9941,2881.4443
load_26,2013-06-04 14:00:00,2784.3,2795.2822,104,15,2653.709,2795.2822,2923.4736
load_26,2013-06-04 15:00:00,2786.1,2757.523,104,16,2632.296,2757.523,2898.4614
load_26,2013-06-04 16:00:00,2781.9,2768.608,104,17,2613.0645,2768.608,2904.4556
load_26,2013-06-04 17:00:00,2783.1,2744.5518,104,18,2592.3242,2744.5518,2910.5164
load_26,2013-06-04 18:00:00,2786.1,2716.4863,104,19,2556.757,2716.4863,2897.675
load_26,2013-06-04 19:00:00,2808.9,2701.7979,104,20,2503.8442,2701.7979,2895.088
load_26,2013-06-04 20:00:00,2337.9,2391.5945,104,21,2128.6343,2391.5945,2607.06
load_26,2013-06-04 21:00:00,1195.2,1315.0215,104,22,1111.227,1315.0215,1505.2695
load_26,2013-06-04 22:00:00,814.5,826.29065,104,23,721.6164,826.29065,988.7509
load_26,2013-06-04 23:00:00,510.3,533.07294,104,24,462.11316,533.07294,615.3905
load_26,2013-06-05 00:00:00,465.0,439.65503,105,1,390.52722,439.65503,488.43658
load_26,2013-06-05 01:00:00,453.6,414.31775,105,2,371.9934,414.31775,462.2527
load_26,2013-06-05 02:00:00,404.7,410.17358,105,3,365.47888,410.17358,439.63208
load_26,2013-06-05 03:00:00,367.2,387.7572,105,4,346.22644,387.7572,419.20618
load_26,2013-06-05 04:00:00,432.9,392.04517,105,5,354.2583,392.04517,422.98132
load_26,2013-06-05 05:00:00,468.3,401.05884,105,6,361.5348,401.05884,429.0144
load_26,2013-06-05 06:00:00,478.5,412.8833,105,7,369.86353,412.8833,440.7439
load_26,2013-06-05 07:00:00,525.9,443.13208,105,8,398.53345,443.13208,482.03717
load_26,2013-06-05 08:00:00,642.0,562.6855,105,9,509.24628,562.6855,625.8902
load_26,2013-06-05 09:00:00,1040.7,950.06244,105,10,862.24536,950.06244,1037.014
load_26,2013-06-05 10:00:00,2233.8,1993.0167,105,11,1863.54,1993.0167,2104.4365
load_26,2013-06-05 11:00:00,2686.5,2638.524,105,12,2523.304,2638.524,2739.003
load_26,2013-06-05 12:00:00,2857.2,2716.418,105,13,2601.315,2716.418,2810.1147
load_26,2013-06-05 13:00:00,2852.1,2752.4644,105,14,2630.6746,2752.4644,2851.0698
load_26,2013-06-05 14:00:00,2684.4,2793.5996,105,15,2675.8486,2793.5996,2887.5786
load_26,2013-06-05 15:00:00,2595.3,2760.688,105,16,2653.7944,2760.688,2868.4026
load_26,2013-06-05 16:00:00,2613.9,2763.755,105,17,2632.768,2763.755,2869.3567
load_26,2013-06-05 17:00:00,2793.0,2738.6792,105,18,2615.4836,2738.6792,2859.7207
load_26,2013-06-05 18:00:00,2841.9,2718.6494,105,19,2587.9058,2718.6494,2857.5356
load_26,2013-06-05 19:00:00,2845.2,2707.0774,105,20,2560.4897,2707.0774,2842.41
load_26,2013-06-05 20:00:00,2342.1,2325.9058,105,21,2126.8223,2325.9058,2494.284
load_26,2013-06-05 21:00:00,1254.3,1244.7119,105,22,1078.2787,1244.7119,1401.0068
load_26,2013-06-05 22:00:00,948.6,829.721,105,23,736.72394,829.721,974.5312
load_26,2013-06-05 23:00:00,567.6,538.4803,105,24,477.32825,538.4803,614.63055
load_26,2013-06-07 00:00:00,495.9,457.417,106,1,403.24097,457.417,512.03143
load_26,2013-06-07 01:00:00,478.8,427.9004,106,2,379.06128,427.9004,482.88098
load_26,2013-06-07 02:00:00,439.8,420.06702,106,3,368.562,420.06702,456.46716
load_26,2013-06-07 03:00:00,433.8,395.7373,106,4,347.8192,395.7373,434.3578
load_26,2013-06-07 04:00:00,469.5,404.6499,106,5,362.49146,404.6499,442.2013
load_26,2013-06-07 05:00:00,476.7,419.3534,106,6,377.19763,419.3534,453.16492
load_26,2013-06-07 06:00:00,477.0,434.06628,106,7,389.13513,434.06628,471.10986
load_26,2013-06-07 07:00:00,543.9,478.17114,106,8,425.83142,478.17114,519.4086
load_26,2013-06-07 08:00:00,582.0,609.6311,106,9,553.6713,609.6311,677.4028
load_26,2013-06-07 09:00:00,1053.9,1027.5281,106,10,939.9814,1027.5281,1104.8268
load_26,2013-06-07 10:00:00,2162.7,2054.5684,106,11,1929.3345,2054.5684,2170.6204
load_26,2013-06-07 11:00:00,2797.5,2670.9683,106,12,2551.8506,2670.9683,2765.7747
load_26,2013-06-07 12:00:00,2928.6,2739.4624,106,13,2630.3115,2739.4624,2836.3335
load_26,2013-06-07 13:00:00,2913.6,2763.5225,106,14,2650.2063,2763.5225,2861.5542
load_26,2013-06-07 14:00:00,2769.3,2786.4756,106,15,2667.3706,2786.4756,2883.1714
load_26,2013-06-07 15:00:00,2758.5,2744.7646,106,16,2635.5466,2744.7646,2852.7092
load_26,2013-06-07 16:00:00,2714.1,2755.8652,106,17,2617.8196,2755.8652,2866.9722
load_26,2013-06-07 17:00:00,3027.9,2745.1597,106,18,2618.4573,2745.1597,2872.1548
load_26,2013-06-07 18:00:00,2942.7,2738.353,106,19,2601.6206,2738.353,2883.1187
load_26,2013-06-07 19:00:00,2922.3,2746.7407,106,20,2598.222,2746.7407,2893.3374
load_26,2013-06-07 20:00:00,2473.8,2387.4895,106,21,2194.0486,2387.4895,2548.6572
load_26,2013-06-07 21:00:00,1546.8,1290.3192,106,22,1128.2667,1290.3192,1431.5631
load_26,2013-06-07 22:00:00,911.1,869.73944,106,23,773.57135,869.73944,1014.3225
load_26,2013-06-07 23:00:00,555.6,558.9458,106,24,487.42065,558.9458,646.08606
load_26,2013-06-10 00:00:00,459.6,479.4745,107,1,421.18018,479.4745,541.1245
load_26,2013-06-10 01:00:00,443.7,446.63696,107,2,392.37683,446.63696,507.8553
load_26,2013-06-10 02:00:00,419.1,438.28467,107,3,381.09485,438.28467,479.98083
load_26,2013-06-10 03:00:00,368.4,412.7002,107,4,359.79517,412.7002,458.43286
load_26,2013-06-10 04:00:00,388.5,426.45154,107,5,378.44995,426.45154,472.99695
load_26,2013-06-10 05:00:00,393.6,443.43604,107,6,394.8578,443.43604,485.3025
load_26,2013-06-10 06:00:00,399.0,450.64197,107,7,399.04114,450.64197,495.31372
load_26,2013-06-10 07:00:00,451.8,506.50537,107,8,447.0597,506.50537,555.16895
load_26,2013-06-10 08:00:00,634.2,628.36273,107,9,556.9206,628.36273,706.65875
load_26,2013-06-10 09:00:00,1106.4,1042.1027,107,10,942.5504,1042.1027,1142.6501
load_26,2013-06-10 10:00:00,2385.3,2140.2554,107,11,1981.8348,2140.2554,2292.5015
load_26,2013-06-10 11:00:00,2754.9,2746.0063,107,12,2596.6938,2746.0063,2878.4197
load_26,2013-06-10 12:00:00,3032.4,2837.6685,107,13,2693.7354,2837.6685,2967.9243
load_26,2013-06-10 13:00:00,3006.0,2870.6292,107,14,2712.0955,2870.6292,3004.9756
load_26,2013-06-10 14:00:00,2593.8,2887.7993,107,15,2733.4475,2887.7993,3024.6494
load_26,2013-06-10 15:00:00,2548.5,2835.1455,107,16,2692.8145,2835.1455,2976.1082
load_26,2013-06-10 16:00:00,2543.4,2833.9253,107,17,2674.7617,2833.9253,2971.859
load_26,2013-06-10 17:00:00,2927.7,2857.031,107,18,2706.3242,2857.031,3010.7349
load_26,2013-06-10 18:00:00,2973.9,2853.5579,107,19,2691.0532,2853.5579,3022.6782
load_26,2013-06-10 19:00:00,2934.6,2839.8818,107,20,2657.166,2839.8818,3011.4082
load_26,2013-06-10 20:00:00,2336.4,2434.9624,107,21,2205.0496,2434.9624,2623.6763
load_26,2013-06-10 21:00:00,1156.5,1371.4591,107,22,1174.9144,1371.4591,1544.8468
load_26,2013-06-10 22:00:00,756.6,904.3383,107,23,790.16437,904.3383,1068.8021
load_26,2013-06-10 23:00:00,541.8,589.0595,107,24,509.8028,589.0595,685.1463
load_26,2013-06-11 00:00:00,494.7,461.87573,108,1,403.87512,461.87573,519.01807
load_26,2013-06-11 01:00:00,501.3,435.63672,108,2,383.08252,435.63672,490.75366
load_26,2013-06-11 02:00:00,455.4,427.58813,108,3,374.0807,427.58813,467.09387
load_26,2013-06-11 03:00:00,413.7,404.94324,108,4,355.40015,404.94324,444.8203
load_26,2013-06-11 04:00:00,470.4,406.51892,108,5,359.3916,406.51892,448.6349
load_26,2013-06-11 05:00:00,461.7,426.43445,108,6,379.7567,426.43445,462.24414
load_26,2013-06-11 06:00:00,444.6,435.1986,108,7,387.80518,435.1986,476.38245
load_26,2013-06-11 07:00:00,480.0,488.19653,108,8,425.75195,488.19653,531.6936
load_26,2013-06-11 08:00:00,576.3,609.9703,108,9,538.00195,609.9703,685.3253
load_26,2013-06-11 09:00:00,1098.6,1054.4967,108,10,937.1016,1054.4967,1143.4832
load_26,2013-06-11 10:00:00,2321.1,2154.494,108,11,1985.59,2154.494,2301.6382
load_26,2013-06-11 11:00:00,2850.3,2732.3315,108,12,2572.0195,2732.3315,2850.8945
load_26,2013-06-11 12:00:00,2845.8,2814.8894,108,13,2658.6855,2814.8894,2938.8008
load_26,2013-06-11 13:00:00,2834.7,2826.3442,108,14,2651.1611,2826.3442,2956.3472
load_26,2013-06-11 14:00:00,2814.3,2742.4604,108,15,2604.1377,2742.4604,2900.959
load_26,2013-06-11 15:00:00,2789.7,2720.0405,108,16,2563.3196,2720.0405,2863.46
load_26,2013-06-11 16:00:00,2824.2,2712.6736,108,17,2491.0642,2712.6736,2872.0566
load_26,2013-06-11 17:00:00,2838.3,2805.9011,108,18,2640.7085,2805.9011,2958.7935
load_26,2013-06-11 18:00:00,2837.7,2799.2822,108,19,2627.6426,2799.2822,2964.394
load_26,2013-06-11 19:00:00,2779.5,2782.0144,108,20,2565.982,2782.0144,2951.8682
load_26,2013-06-11 20:00:00,2295.9,2349.027,108,21,2084.7139,2349.027,2562.9893
load_26,2013-06-11 21:00:00,1208.7,1288.2773,108,22,1097.1433,1288.2773,1455.9568
load_26,2013-06-11 22:00:00,859.5,825.69574,108,23,713.5163,825.69574,983.543
load_26,2013-06-11 23:00:00,524.7,557.0959,108,24,477.00342,557.0959,642.15656
load_26,2013-06-12 00:00:00,447.6,464.27197,109,1,400.63623,464.27197,527.39417
load_26,2013-06-12 01:00:00,459.0,441.13586,109,2,381.29565,441.13586,506.01135
load_26,2013-06-12 02:00:00,415.8,432.82507,109,3,370.4325,432.82507,480.50464
load_26,2013-06-12 03:00:00,364.2,401.9309,109,4,344.61792,401.9309,451.74756
load_26,2013-06-12 04:00:00,381.3,410.61218,109,5,355.50537,410.61218,465.86975
load_26,2013-06-12 05:00:00,389.7,435.85864,109,6,381.8401,435.85864,485.56372
load_26,2013-06-12 06:00:00,368.1,440.24268,109,7,383.11328,440.24268,495.64807
load_26,2013-06-12 07:00:00,378.3,495.46765,109,8,420.41992,495.46765,552.1848
load_26,2013-06-12 08:00:00,447.9,621.7467,109,9,530.3485,621.7467,721.8046
load_26,2013-06-12 09:00:00,693.3,1052.6826,109,10,906.2161,1052.6826,1177.7161
load_26,2013-06-12 10:00:00,1576.2,2172.9949,109,11,1963.9949,2172.9949,2351.0813
load_26,2013-06-12 11:00:00,2207.7,2667.248,109,12,2477.337,2667.248,2814.9634
load_26,2013-06-12 12:00:00,2254.5,2783.6968,109,13,2592.54,2783.6968,2922.5347
load_26,2013-06-12 13:00:00,2259.6,2803.3984,109,14,2584.0474,2803.3984,2951.3328
load_26,2013-06-12 14:00:00,2281.8,2733.419,109,15,2545.057,2733.419,2911.0286
load_26,2013-06-12 15:00:00,2253.0,2713.4502,109,16,2491.8613,2713.4502,2876.9019
load_26,2013-06-12 16:00:00,2270.4,2706.4424,109,17,2465.8435,2706.4424,2860.0916
load_26,2013-06-12 17:00:00,2250.9,2768.519,109,18,2593.0186,2768.519,2911.1914
load_26,2013-06-12 18:00:00,2095.2,2765.6738,109,19,2585.685,2765.6738,2928.9917
load_26,2013-06-12 19:00:00,2106.6,2749.737,109,20,2513.7705,2749.737,2915.623
load_26,2013-06-12 20:00:00,1663.8,2266.983,109,21,1972.561,2266.983,2504.6155
load_26,2013-06-12 21:00:00,969.6,1200.6133,109,22,996.55786,1200.6133,1410.136
load_26,2013-06-12 22:00:00,294.9,831.1872,109,23,694.7197,831.1872,1013.67615
load_26,2013-06-12 23:00:00,513.0,562.45337,109,24,469.3225,562.45337,660.1984
load_26,2013-06-13 00:00:00,485.4,418.47595,110,1,352.70898,418.47595,483.86023
load_26,2013-06-13 01:00:00,464.1,404.74414,110,2,335.89783,404.74414,474.92395
load_26,2013-06-13 02:00:00,407.1,401.15027,110,3,333.63245,401.15027,462.0896
load_26,2013-06-13 03:00:00,368.4,383.7859,110,4,321.4569,383.7859,447.30322
load_26,2013-06-13 04:00:00,391.2,385.125,110,5,320.99365,385.125,451.64026
load_26,2013-06-13 05:00:00,399.0,403.63477,110,6,332.20178,403.63477,472.906
load_26,2013-06-13 06:00:00,401.4,408.0979,110,7,337.4967,408.0979,481.15894
load_26,2013-06-13 07:00:00,468.0,412.50012,110,8,345.3921,412.50012,502.1739
load_26,2013-06-13 08:00:00,593.1,475.5923,110,9,384.40442,475.5923,588.18414
load_26,2013-06-13 09:00:00,1047.9,820.20483,110,10,600.84,820.20483,1023.6867
load_26,2013-06-13 10:00:00,2016.6,1852.8328,110,11,1506.0483,1852.8328,2129.3394
load_26,2013-06-13 11:00:00,2693.7,2375.76,110,12,1924.7784,2375.76,2685.6016
load_26,2013-06-13 12:00:00,2768.1,2444.5005,110,13,1981.8882,2444.5005,2746.0386
load_26,2013-06-13 13:00:00,2834.1,2489.3228,110,14,2041.5286,2489.3228,2802.692
load_26,2013-06-13 14:00:00,2831.4,2453.2983,110,15,2008.1534,2453.2983,2773.5874
load_26,2013-06-13 15:00:00,2822.4,2447.9092,110,16,1992.8853,2447.9092,2759.6685
load_26,2013-06-13 16:00:00,2817.9,2454.5286,110,17,2013.5663,2454.5286,2758.3901
load_26,2013-06-13 17:00:00,2806.5,2493.1167,110,18,2039.4736,2493.1167,2802.0964
load_26,2013-06-13 18:00:00,2825.1,2484.206,110,19,1987.5195,2484.206,2831.0571
load_26,2013-06-13 19:00:00,2800.8,2460.5317,110,20,1985.283,2460.5317,2800.0127
load_26,2013-06-13 20:00:00,2323.8,2014.8645,110,21,1591.0876,2014.8645,2367.4922
load_26,2013-06-13 21:00:00,1242.9,1096.9413,110,22,797.3201,1096.9413,1358.1437
load_26,2013-06-13 22:00:00,851.4,648.06836,110,23,494.75116,648.06836,871.6135
load_26,2013-06-13 23:00:00,538.8,493.09674,110,24,392.17383,493.09674,608.2798
load_26,2013-06-14 00:00:00,494.1,490.50024,111,1,427.99487,490.50024,543.6293
load_26,2013-06-14 01:00:00,484.8,456.6726,111,2,393.00183,456.6726,520.908
load_26,2013-06-14 02:00:00,437.1,439.5067,111,3,372.9436,439.5067,489.75366
load_26,2013-06-14 03:00:00,393.9,407.04395,111,4,346.94995,407.04395,460.60962
load_26,2013-06-14 04:00:00,421.2,421.10974,111,5,364.72607,421.10974,476.18066
load_26,2013-06-14 05:00:00,419.7,445.59326,111,6,389.01013,445.59326,498.87036
load_26,2013-06-14 06:00:00,420.0,446.42896,111,7,386.9751,446.42896,502.65997
load_26,2013-06-14 07:00:00,464.7,509.9406,111,8,436.64844,509.9406,561.80634
load_26,2013-06-14 08:00:00,581.4,619.7031,111,9,527.8489,619.7031,699.68756
load_26,2013-06-14 09:00:00,1105.2,1045.5011,111,10,916.87305,1045.5011,1157.1016
load_26,2013-06-14 10:00:00,2284.8,2190.8755,111,11,1991.7594,2190.8755,2357.9456
load_26,2013-06-14 11:00:00,2892.9,2689.0078,111,12,2512.0222,2689.0078,2828.5325
load_26,2013-06-14 12:00:00,2990.4,2790.016,111,13,2618.5269,2790.016,2930.0967
load_26,2013-06-14 13:00:00,3004.5,2815.579,111,14,2620.416,2815.579,2959.3025
load_26,2013-06-14 14:00:00,2984.7,2730.1533,111,15,2571.27,2730.1533,2902.7468
load_26,2013-06-14 15:00:00,3013.8,2704.2944,111,16,2536.8945,2704.2944,2857.3445
load_26,2013-06-14 16:00:00,3042.0,2723.1826,111,17,2488.4226,2723.1826,2881.0522
load_26,2013-06-14 17:00:00,3033.9,2781.9937,111,18,2599.734,2781.9937,2952.734
load_26,2013-06-14 18:00:00,3020.4,2789.5796,111,19,2599.2021,2789.5796,2972.1538
load_26,2013-06-14 19:00:00,3006.6,2775.009,111,20,2531.7163,2775.009,2970.1284
load_26,2013-06-14 20:00:00,2823.6,2328.2556,111,21,2039.4841,2328.2556,2550.3103
load_26,2013-06-14 21:00:00,1634.7,1270.9863,111,22,1064.1572,1270.9863,1453.3601
load_26,2013-06-14 22:00:00,951.9,808.8026,111,23,675.2957,808.8026,974.0241
load_26,2013-06-14 23:00:00,559.8,589.04944,111,24,494.21204,589.04944,686.8846
load_26,2013-06-17 00:00:00,487.5,484.85083,112,1,417.97925,484.85083,552.8216
load_26,2013-06-17 01:00:00,501.0,453.53638,112,2,389.15393,453.53638,522.8698
load_26,2013-06-17 02:00:00,456.0,445.19653,112,3,379.9027,445.19653,498.187
load_26,2013-06-17 03:00:00,402.9,420.03845,112,4,365.8412,420.03845,473.28992
load_26,2013-06-17 04:00:00,426.3,416.23987,112,5,360.6621,416.23987,474.31714
load_26,2013-06-17 05:00:00,427.2,438.2837,112,6,381.95337,438.2837,488.0442
load_26,2013-06-17 06:00:00,410.4,441.86414,112,7,383.979,441.86414,499.20056
load_26,2013-06-17 07:00:00,459.0,471.13025,112,8,408.58936,471.13025,537.57465
load_26,2013-06-17 08:00:00,590.1,568.49896,112,9,493.34656,568.49896,667.4721
load_26,2013-06-17 09:00:00,940.2,1034.2864,112,10,855.95013,1034.2864,1183.6365
load_26,2013-06-17 10:00:00,2048.4,2180.6562,112,11,1897.9319,2180.6562,2404.1416
load_26,2013-06-17 11:00:00,2655.0,2751.5542,112,12,2416.179,2751.5542,2935.2358
load_26,2013-06-17 12:00:00,2802.9,2834.1895,112,13,2530.479,2834.1895,3028.5493
load_26,2013-06-17 13:00:00,2814.6,2844.4438,112,14,2495.306,2844.4438,3045.9941
load_26,2013-06-17 14:00:00,2783.1,2800.4033,112,15,2445.7693,2800.4033,3026.4868
load_26,2013-06-17 15:00:00,2738.7,2798.8467,112,16,2450.5151,2798.8467,3005.6611
load_26,2013-06-17 16:00:00,2733.0,2830.4226,112,17,2468.8586,2830.4226,3010.9604
load_26,2013-06-17 17:00:00,2764.5,2832.532,112,18,2524.0554,2832.532,3043.7676
load_26,2013-06-17 18:00:00,2766.0,2819.1028,112,19,2476.419,2819.1028,3050.0645
load_26,2013-06-17 19:00:00,2751.3,2793.126,112,20,2397.3857,2793.126,3037.8813
load_26,2013-06-17 20:00:00,2268.6,2423.004,112,21,1944.4822,2423.004,2705.75
load_26,2013-06-17 21:00:00,1185.6,1323.795,112,22,1019.47516,1323.795,1592.9741
load_26,2013-06-17 22:00:00,869.7,821.9909,112,23,650.03015,821.9909,1041.6945
load_26,2013-06-17 23:00:00,520.8,570.49976,112,24,464.96582,570.49976,673.5126
load_26,2013-06-18 00:00:00,459.0,454.50598,113,1,397.91406,454.50598,514.5254
load_26,2013-06-18 01:00:00,456.0,429.65955,113,2,373.58044,429.65955,488.70337
load_26,2013-06-18 02:00:00,432.0,419.69604,113,3,360.08765,419.69604,465.45447
load_26,2013-06-18 03:00:00,389.7,396.96948,113,4,345.31946,396.96948,443.672
load_26,2013-06-18 04:00:00,423.9,400.30566,113,5,347.33484,400.30566,450.9707
load_26,2013-06-18 05:00:00,423.0,415.41223,113,6,359.9724,415.41223,462.23755
load_26,2013-06-18 06:00:00,415.5,424.1974,113,7,368.76453,424.1974,474.41602
load_26,2013-06-18 07:00:00,459.9,455.6798,113,8,394.63147,455.6798,515.81104
load_26,2013-06-18 08:00:00,600.9,545.0729,113,9,471.83374,545.0729,632.55676
load_26,2013-06-18 09:00:00,981.0,925.92664,113,10,770.6994,925.92664,1082.2815
load_26,2013-06-18 10:00:00,1916.7,1965.2318,113,11,1708.6896,1965.2318,2194.224
load_26,2013-06-18 11:00:00,2632.5,2501.2761,113,12,2173.041,2501.2761,2741.5813
load_26,2013-06-18 12:00:00,2795.4,2610.0095,113,13,2287.8176,2610.0095,2832.897
load_26,2013-06-18 13:00:00,2870.4,2652.4336,113,14,2319.0212,2652.4336,2877.1797
load_26,2013-06-18 14:00:00,2839.5,2630.3057,113,15,2297.891,2630.3057,2878.4287
load_26,2013-06-18 15:00:00,2800.2,2633.3267,113,16,2304.627,2633.3267,2873.0103
load_26,2013-06-18 16:00:00,2816.4,2657.7476,113,17,2280.4963,2657.7476,2896.5762
load_26,2013-06-18 17:00:00,2849.7,2682.0815,113,18,2330.0513,2682.0815,2922.2954
load_26,2013-06-18 18:00:00,2857.5,2656.3135,113,19,2245.388,2656.3135,2923.2026
load_26,2013-06-18 19:00:00,2839.8,2618.1406,113,20,2206.9204,2618.1406,2905.7495
load_26,2013-06-18 20:00:00,2394.0,2243.31,113,21,1819.9673,2243.31,2553.954
load_26,2013-06-18 21:00:00,1156.5,1206.9714,113,22,939.20074,1206.9714,1444.5345
load_26,2013-06-18 22:00:00,865.2,719.8049,113,23,580.6592,719.8049,914.1594
load_26,2013-06-18 23:00:00,533.4,527.0276,113,24,437.01965,527.0276,624.85706
load_26,2013-06-19 00:00:00,478.2,461.51807,114,1,405.9889,461.51807,521.3522
load_26,2013-06-19 01:00:00,477.0,440.1344,114,2,385.33386,440.1344,500.54248
load_26,2013-06-19 02:00:00,429.9,432.7152,114,3,378.4486,432.7152,476.5204
load_26,2013-06-19 03:00:00,375.3,415.13306,114,4,369.89954,415.13306,460.2976
load_26,2013-06-19 04:00:00,396.3,414.464,114,5,369.95068,414.464,461.19385
load_26,2013-06-19 05:00:00,401.4,430.15015,114,6,382.11816,430.15015,473.89807
load_26,2013-06-19 06:00:00,398.1,431.89624,114,7,381.02356,431.89624,473.19434
load_26,2013-06-19 07:00:00,448.8,446.42603,114,8,400.57043,446.42603,503.62933
load_26,2013-06-19 08:00:00,581.1,559.5237,114,9,492.04517,559.5237,643.6727
load_26,2013-06-19 09:00:00,1019.4,979.5585,114,10,836.03094,979.5585,1109.5933
load_26,2013-06-19 10:00:00,2135.4,2092.2588,114,11,1872.4614,2092.2588,2276.5066
load_26,2013-06-19 11:00:00,2700.3,2711.605,114,12,2505.4255,2711.605,2855.6577
load_26,2013-06-19 12:00:00,2795.4,2798.721,114,13,2591.6816,2798.721,2947.337
load_26,2013-06-19 13:00:00,2810.7,2832.9707,114,14,2589.0427,2832.9707,2987.2568
load_26,2013-06-19 14:00:00,2773.2,2817.1108,114,15,2611.8726,2817.1108,2975.9143
load_26,2013-06-19 15:00:00,2800.5,2788.3335,114,16,2586.627,2788.3335,2944.754
load_26,2013-06-19 16:00:00,2839.8,2810.566,114,17,2551.227,2810.566,2963.0498
load_26,2013-06-19 17:00:00,2848.5,2803.7524,114,18,2593.7903,2803.7524,2986.4219
load_26,2013-06-19 18:00:00,2853.6,2791.8335,114,19,2575.3235,2791.8335,2996.2817
load_26,2013-06-19 19:00:00,2837.1,2773.8525,114,20,2473.9194,2773.8525,2990.8994
load_26,2013-06-19 20:00:00,2351.4,2408.4756,114,21,2041.3911,2408.4756,2646.721
load_26,2013-06-19 21:00:00,1269.6,1250.0139,114,22,1011.54724,1250.0139,1461.8198
load_26,2013-06-19 22:00:00,932.7,827.1946,114,23,679.3509,827.1946,1009.5371
load_26,2013-06-19 23:00:00,553.2,569.7523,114,24,476.4276,569.7523,659.91425
load_26,2013-06-20 00:00:00,477.3,488.74573,115,1,440.75537,488.74573,545.9321
load_26,2013-06-20 01:00:00,467.4,465.97974,115,2,409.89136,465.97974,520.2694
load_26,2013-06-20 02:00:00,429.3,444.21313,115,3,390.2572,444.21313,486.7793
load_26,2013-06-20 03:00:00,384.9,416.3269,115,4,368.88928,416.3269,459.29907
load_26,2013-06-20 04:00:00,411.0,416.167,115,5,371.15356,416.167,457.3568
load_26,2013-06-20 05:00:00,412.5,432.76062,115,6,386.0896,432.76062,470.63403
load_26,2013-06-20 06:00:00,413.1,435.10913,115,7,385.52905,435.10913,472.81482
load_26,2013-06-20 07:00:00,458.7,466.29285,115,8,412.17822,466.29285,509.20276
load_26,2013-06-20 08:00:00,592.2,591.6951,115,9,521.11053,591.6951,653.322
load_26,2013-06-20 09:00:00,997.8,1041.2817,115,10,928.73956,1041.2817,1132.9436
load_26,2013-06-20 10:00:00,2034.3,2144.3362,115,11,1970.7535,2144.3362,2296.1226
load_26,2013-06-20 11:00:00,2915.4,2741.1462,115,12,2575.2104,2741.1462,2857.996
load_26,2013-06-20 12:00:00,2999.1,2819.6511,115,13,2660.8076,2819.6511,2945.6538
load_26,2013-06-20 13:00:00,3004.8,2851.517,115,14,2678.0415,2851.517,2979.6443
load_26,2013-06-20 14:00:00,2966.4,2857.4912,115,15,2701.2227,2857.4912,2992.6348
load_26,2013-06-20 15:00:00,2948.7,2820.9219,115,16,2682.4468,2820.9219,2955.4648
load_26,2013-06-20 16:00:00,2955.6,2839.0247,115,17,2651.1118,2839.0247,2967.9153
load_26,2013-06-20 17:00:00,2956.5,2822.6677,115,18,2657.1562,2822.6677,2975.4058
load_26,2013-06-20 18:00:00,2973.9,2802.8047,115,19,2626.0413,2802.8047,2973.0593
load_26,2013-06-20 19:00:00,2956.2,2784.7705,115,20,2558.4226,2784.7705,2961.604
load_26,2013-06-20 20:00:00,2431.2,2450.0398,115,21,2168.7312,2450.0398,2641.2668
load_26,2013-06-20 21:00:00,1328.4,1291.7731,115,22,1095.3574,1291.7731,1452.5161
load_26,2013-06-20 22:00:00,938.1,846.28064,115,23,730.548,846.28064,996.7679
load_26,2013-06-20 23:00:00,533.4,581.39465,115,24,499.87988,581.39465,666.4206
load_26,2013-06-21 00:00:00,426.3,487.77515,116,1,442.21448,487.77515,546.52045
load_26,2013-06-21 01:00:00,456.6,458.09888,116,2,407.51648,458.09888,516.41986
load_26,2013-06-21 02:00:00,435.6,450.4972,116,3,395.82288,450.4972,490.6825
load_26,2013-06-21 03:00:00,405.9,424.83704,116,4,377.91455,424.83704,465.47156
load_26,2013-06-21 04:00:00,432.9,424.22192,116,5,379.6859,424.22192,464.24536
load_26,2013-06-21 05:00:00,438.0,435.51355,116,6,390.66663,435.51355,470.9253
load_26,2013-06-21 06:00:00,438.3,438.3772,116,7,390.05408,438.3772,472.85706
load_26,2013-06-21 07:00:00,471.3,459.97595,116,8,413.1388,459.97595,506.97864
load_26,2013-06-21 08:00:00,628.5,588.5577,116,9,522.79315,588.5577,662.2534
load_26,2013-06-21 09:00:00,1054.2,1029.189,116,10,905.3549,1029.189,1125.7478
load_26,2013-06-21 10:00:00,2234.7,2113.2544,116,11,1926.8524,2113.2544,2260.2922
load_26,2013-06-21 11:00:00,3071.1,2763.6714,116,12,2580.3027,2763.6714,2883.5693
load_26,2013-06-21 12:00:00,3030.0,2850.0205,116,13,2667.5496,2850.0205,2976.4458
load_26,2013-06-21 13:00:00,3039.9,2882.6826,116,14,2672.753,2882.6826,3014.6636
load_26,2013-06-21 14:00:00,2679.0,2880.8818,116,15,2712.0527,2880.8818,3012.734
load_26,2013-06-21 15:00:00,2588.4,2838.9155,116,16,2681.5093,2838.9155,2973.8242
load_26,2013-06-21 16:00:00,2641.2,2863.4775,116,17,2629.938,2863.4775,3001.3054
load_26,2013-06-21 17:00:00,3130.2,2838.9895,116,18,2646.4155,2838.9895,2997.9832
load_26,2013-06-21 18:00:00,3011.1,2818.6748,116,19,2605.94,2818.6748,2999.56
load_26,2013-06-21 19:00:00,2925.6,2815.025,116,20,2517.353,2815.025,3007.1963
load_26,2013-06-21 20:00:00,2835.9,2481.0288,116,21,2106.0508,2481.0288,2696.362
load_26,2013-06-21 21:00:00,1658.7,1305.0546,116,22,1061.187,1305.0546,1506.4985
load_26,2013-06-21 22:00:00,943.2,880.2785,116,23,728.9624,880.2785,1063.2941
load_26,2013-06-21 23:00:00,529.8,556.5098,116,24,473.27454,556.5098,645.4622
load_26,2013-06-24 00:00:00,427.8,459.91187,117,1,403.46814,459.91187,512.62317
load_26,2013-06-24 01:00:00,452.1,439.818,117,2,389.0547,439.818,492.94006
load_26,2013-06-24 02:00:00,430.5,435.33472,117,3,383.823,435.33472,471.65942
load_26,2013-06-24 03:00:00,392.4,411.0995,117,4,366.1454,411.0995,447.72766
load_26,2013-06-24 04:00:00,428.7,415.10535,117,5,371.09375,415.10535,455.15686
load_26,2013-06-24 05:00:00,431.1,428.2273,117,6,383.2107,428.2273,462.24146
load_26,2013-06-24 06:00:00,424.5,435.83325,117,7,387.7323,435.83325,472.6322
load_26,2013-06-24 07:00:00,489.9,455.08313,117,8,407.4005,455.08313,506.94702
load_26,2013-06-24 08:00:00,626.4,582.2944,117,9,515.1138,582.2944,666.4459
load_26,2013-06-24 09:00:00,1043.1,1014.604,117,10,900.7171,1014.604,1122.651
load_26,2013-06-24 10:00:00,1826.1,2098.6633,117,11,1927.4808,2098.6633,2252.5103
load_26,2013-06-24 11:00:00,2727.0,2829.9907,117,12,2654.7737,2829.9907,2970.4873
load_26,2013-06-24 12:00:00,2820.6,2899.8716,117,13,2727.5256,2899.8716,3048.8643
load_26,2013-06-24 13:00:00,2827.8,2915.7415,117,14,2727.101,2915.7415,3070.81
load_26,2013-06-24 14:00:00,2906.4,2855.8843,117,15,2707.27,2855.8843,3035.8403
load_26,2013-06-24 15:00:00,2867.7,2848.117,117,16,2691.8345,2848.117,3004.5527
load_26,2013-06-24 16:00:00,2855.1,2878.8813,117,17,2677.3042,2878.8813,3027.2432
load_26,2013-06-24 17:00:00,2861.1,2887.1648,117,18,2721.4033,2887.1648,3058.0344
load_26,2013-06-24 18:00:00,2870.4,2873.645,117,19,2700.811,2873.645,3057.6777
load_26,2013-06-24 19:00:00,2810.7,2849.785,117,20,2631.6763,2849.785,3040.6519
load_26,2013-06-24 20:00:00,2345.4,2520.8828,117,21,2246.268,2520.8828,2733.154
load_26,2013-06-24 21:00:00,1290.6,1348.2936,117,22,1144.1333,1348.2936,1530.946
load_26,2013-06-24 22:00:00,872.4,898.64844,117,23,786.3112,898.64844,1063.7227
load_26,2013-06-24 23:00:00,510.3,563.09326,117,24,486.62183,563.09326,648.13025
load_26,2013-06-25 00:00:00,404.7,452.20618,118,1,398.8761,452.20618,504.4264
load_26,2013-06-25 01:00:00,426.3,435.1953,118,2,385.44067,435.1953,487.72937
load_26,2013-06-25 02:00:00,404.4,432.2224,118,3,381.58203,432.2224,468.21155
load_26,2013-06-25 03:00:00,376.2,410.9629,118,4,365.52405,410.9629,448.14258
load_26,2013-06-25 04:00:00,392.7,415.81702,118,5,372.7837,415.81702,453.75818
load_26,2013-06-25 05:00:00,396.6,427.1759,118,6,383.20215,427.1759,459.87952
load_26,2013-06-25 06:00:00,386.1,431.22498,118,7,384.0852,431.22498,461.15417
load_26,2013-06-25 07:00:00,461.1,451.66357,118,8,407.09705,451.66357,497.48462
load_26,2013-06-25 08:00:00,596.4,582.9736,118,9,516.67224,582.9736,652.6162
load_26,2013-06-25 09:00:00,1106.4,996.2371,118,10,893.7137,996.2371,1098.3645
load_26,2013-06-25 10:00:00,2358.3,2074.8503,118,11,1915.4874,2074.8503,2210.6643
load_26,2013-06-25 11:00:00,2862.9,2772.0269,118,12,2611.7874,2772.0269,2901.3953
load_26,2013-06-25 12:00:00,2895.6,2841.1443,118,13,2684.769,2841.1443,2977.1926
load_26,2013-06-25 13:00:00,2924.4,2867.4502,118,14,2692.0168,2867.4502,3010.3433
load_26,2013-06-25 14:00:00,2887.5,2825.0425,118,15,2682.275,2825.0425,2990.5781
load_26,2013-06-25 15:00:00,2897.4,2811.1292,118,16,2663.951,2811.1292,2956.8525
load_26,2013-06-25 16:00:00,2869.8,2838.4353,118,17,2652.8428,2838.4353,2976.5552
load_26,2013-06-25 17:00:00,2896.8,2849.8062,118,18,2692.0156,2849.8062,3007.4248
load_26,2013-06-25 18:00:00,2908.8,2831.3394,118,19,2666.837,2831.3394,3002.877
load_26,2013-06-25 19:00:00,2889.3,2808.5923,118,20,2596.833,2808.5923,2984.475
load_26,2013-06-25 20:00:00,2430.9,2495.0508,118,21,2230.2178,2495.0508,2694.2236
load_26,2013-06-25 21:00:00,1265.4,1338.6632,118,22,1136.3903,1338.6632,1513.9032
load_26,2013-06-25 22:00:00,862.5,869.9451,118,23,759.3925,869.9451,1031.685
load_26,2013-06-25 23:00:00,540.3,534.8002,118,24,467.88977,534.8002,619.1638
load_26,2013-06-26 00:00:00,445.2,448.2954,119,1,394.6693,448.2954,499.67725
load_26,2013-06-26 01:00:00,459.3,423.44543,119,2,375.97852,423.44543,474.57703
load_26,2013-06-26 02:00:00,436.5,424.17017,119,3,374.90283,424.17017,457.047
load_26,2013-06-26 03:00:00,390.3,400.37134,119,4,354.0194,400.37134,435.93323
load_26,2013-06-26 04:00:00,394.8,411.05615,119,5,368.99414,411.05615,447.57532
load_26,2013-06-26 05:00:00,384.9,422.47498,119,6,379.5017,422.47498,454.7743
load_26,2013-06-26 06:00:00,385.5,430.02478,119,7,383.354,430.02478,460.8175
load_26,2013-06-26 07:00:00,411.9,454.21643,119,8,406.0536,454.21643,496.6057
load_26,2013-06-26 08:00:00,506.1,598.37366,119,9,539.77185,598.37366,668.56793
load_26,2013-06-26 09:00:00,767.4,1052.8623,119,10,957.1319,1052.8623,1131.0457
load_26,2013-06-26 10:00:00,1709.7,2073.759,119,11,1949.4155,2073.759,2180.295
load_26,2013-06-26 11:00:00,2233.8,2797.021,119,12,2680.3726,2797.021,2886.065
load_26,2013-06-26 12:00:00,2309.7,2866.4478,119,13,2761.588,2866.4478,2959.9482
load_26,2013-06-26 13:00:00,2375.4,2889.3525,119,14,2787.4014,2889.3525,2984.96
load_26,2013-06-26 14:00:00,2372.4,2877.1533,119,15,2776.2522,2877.1533,2986.6135
load_26,2013-06-26 15:00:00,2350.2,2846.77,119,16,2742.6611,2846.77,2949.981
load_26,2013-06-26 16:00:00,2366.7,2861.527,119,17,2733.8005,2861.527,2965.9287
load_26,2013-06-26 17:00:00,2387.4,2853.663,119,18,2737.559,2853.663,2971.0718
load_26,2013-06-26 18:00:00,2363.7,2842.31,119,19,2717.856,2842.31,2976.9255
load_26,2013-06-26 19:00:00,2361.9,2816.3672,119,20,2684.075,2816.3672,2942.293
load_26,2013-06-26 20:00:00,2034.9,2439.8032,119,21,2268.5977,2439.8032,2603.5513
load_26,2013-06-26 21:00:00,766.8,1298.843,119,22,1144.48,1298.843,1432.5951
load_26,2013-06-26 22:00:00,618.9,868.79315,119,23,784.8495,868.79315,1003.8761
load_26,2013-06-26 23:00:00,482.1,541.4436,119,24,480.20483,541.4436,620.03973
load_26,2013-06-27 00:00:00,394.8,439.5868,120,1,389.27612,439.5868,485.66455
load_26,2013-06-27 01:00:00,421.5,430.2555,120,2,380.15723,430.2555,478.1554
load_26,2013-06-27 02:00:00,399.0,429.4795,120,3,380.9203,429.4795,467.10168
load_26,2013-06-27 03:00:00,371.4,422.8485,120,4,382.0929,422.8485,457.0691
load_26,2013-06-27 04:00:00,386.4,417.7683,120,5,376.411,417.7683,456.07373
load_26,2013-06-27 05:00:00,389.4,426.90967,120,6,377.44946,426.90967,465.26575
load_26,2013-06-27 06:00:00,389.4,434.59778,120,7,386.35828,434.59778,475.90308
load_26,2013-06-27 07:00:00,457.8,438.64856,120,8,394.09192,438.64856,496.75476
load_26,2013-06-27 08:00:00,573.9,509.0066,120,9,444.1864,509.0066,602.4692
load_26,2013-06-27 09:00:00,1083.3,841.52325,120,10,657.68884,841.52325,1025.9216
load_26,2013-06-27 10:00:00,2142.6,1880.4038,120,11,1605.9272,1880.4038,2122.5142
load_26,2013-06-27 11:00:00,2940.9,2456.3555,120,12,2095.5093,2456.3555,2731.8044
load_26,2013-06-27 12:00:00,2908.8,2510.838,120,13,2144.0095,2510.838,2782.4644
load_26,2013-06-27 13:00:00,2936.4,2567.3542,120,14,2193.372,2567.3542,2843.2117
load_26,2013-06-27 14:00:00,3006.6,2538.1343,120,15,2174.0356,2538.1343,2822.78
load_26,2013-06-27 15:00:00,2906.4,2549.7,120,16,2174.41,2549.7,2831.0334
load_26,2013-06-27 16:00:00,2929.8,2562.8982,120,17,2198.2666,2562.8982,2835.181
load_26,2013-06-27 17:00:00,2949.3,2595.0505,120,18,2244.9316,2595.0505,2858.6704
load_26,2013-06-27 18:00:00,2935.2,2589.687,120,19,2210.8691,2589.687,2876.2383
load_26,2013-06-27 19:00:00,2895.6,2558.106,120,20,2178.1294,2558.106,2850.1057
load_26,2013-06-27 20:00:00,2409.9,2198.746,120,21,1811.0498,2198.746,2516.5137
load_26,2013-06-27 21:00:00,1252.2,1052.8202,120,22,811.4949,1052.8202,1301.8293
load_26,2013-06-27 22:00:00,882.0,720.42084,120,23,588.3665,720.42084,923.50586
load_26,2013-06-27 23:00:00,531.0,492.04285,120,24,438.32312,492.04285,583.3182
load_26,2013-06-28 00:00:00,419.4,443.30908,121,1,390.4541,443.30908,496.32373
load_26,2013-06-28 01:00:00,444.6,419.9381,121,2,369.68823,419.9381,474.12732
load_26,2013-06-28 02:00:00,426.9,419.4027,121,3,367.37146,419.4027,457.21716
load_26,2013-06-28 03:00:00,392.4,394.50293,121,4,348.8634,394.50293,432.84753
load_26,2013-06-28 04:00:00,427.8,407.17737,121,5,363.18542,407.17737,448.8916
load_26,2013-06-28 05:00:00,432.6,418.64575,121,6,373.29797,418.64575,456.99487
load_26,2013-06-28 06:00:00,441.3,428.15747,121,7,379.00024,428.15747,466.3883
load_26,2013-06-28 07:00:00,462.6,450.161,121,8,397.42676,450.161,501.12256
load_26,2013-06-28 08:00:00,605.4,577.4032,121,9,505.18628,577.4032,660.704
load_26,2013-06-28 09:00:00,1121.1,1019.06494,121,10,896.0894,1019.06494,1121.4774
load_26,2013-06-28 10:00:00,2184.6,2045.0369,121,11,1874.1451,2045.0369,2197.1394
load_26,2013-06-28 11:00:00,2804.4,2804.2407,121,12,2626.374,2804.2407,2940.255
load_26,2013-06-28 12:00:00,2867.4,2849.834,121,13,2674.1262,2849.834,2999.8867
load_26,2013-06-28 13:00:00,2916.3,2870.9983,121,14,2669.2239,2870.9983,3028.2563
load_26,2013-06-28 14:00:00,2934.9,2868.4993,121,15,2698.6914,2868.4993,3035.2183
load_26,2013-06-28 15:00:00,2939.1,2841.1958,121,16,2678.3901,2841.1958,2998.5095
load_26,2013-06-28 16:00:00,2932.5,2863.517,121,17,2634.973,2863.517,3018.669
load_26,2013-06-28 17:00:00,2931.0,2871.1953,121,18,2686.516,2871.1953,3063.9653
load_26,2013-06-28 18:00:00,2924.4,2851.9517,121,19,2661.087,2851.9517,3054.2952
load_26,2013-06-28 19:00:00,2912.7,2827.8667,121,20,2583.849,2827.8667,3040.0474
load_26,2013-06-28 20:00:00,2840.4,2481.928,121,21,2190.5396,2481.928,2703.1108
load_26,2013-06-28 21:00:00,1691.1,1305.3799,121,22,1095.6372,1305.3799,1492.7094
load_26,2013-06-28 22:00:00,959.7,868.3865,121,23,750.2431,868.3865,1037.0587
load_26,2013-06-28 23:00:00,557.1,555.23816,121,24,475.30237,555.23816,641.54065
load_26,2013-07-01 00:00:00,432.6,453.75732,122,1,398.02747,453.75732,508.33008
load_26,2013-07-01 01:00:00,454.8,433.88745,122,2,383.0172,433.88745,490.3546
load_26,2013-07-01 02:00:00,425.1,436.49023,122,3,384.77856,436.49023,476.2616
load_26,2013-07-01 03:00:00,396.0,419.77087,122,4,376.33508,419.77087,458.73083
load_26,2013-07-01 04:00:00,417.3,419.39832,122,5,374.91174,419.39832,462.57898
load_26,2013-07-01 05:00:00,420.0,432.61902,122,6,387.4519,432.61902,471.1875
load_26,2013-07-01 06:00:00,408.6,444.84863,122,7,396.7937,444.84863,487.7484
load_26,2013-07-01 07:00:00,466.5,472.14148,122,8,419.7323,472.14148,526.0692
load_26,2013-07-01 08:00:00,659.1,602.1107,122,9,531.5178,602.1107,695.8395
load_26,2013-07-01 09:00:00,1155.3,1096.08,122,10,943.2687,1096.08,1206.0231
load_26,2013-07-01 10:00:00,2331.9,2186.5732,122,11,1982.8866,2186.5732,2362.9482
load_26,2013-07-01 11:00:00,2983.5,2867.5728,122,12,2674.5225,2867.5728,2996.192
load_26,2013-07-01 12:00:00,3032.1,2911.48,122,13,2717.5645,2911.48,3053.8892
load_26,2013-07-01 13:00:00,2963.1,2926.8843,122,14,2708.059,2926.8843,3073.6782
load_26,2013-07-01 14:00:00,2761.2,2944.2695,122,15,2763.3218,2944.2695,3085.7437
load_26,2013-07-01 15:00:00,2777.7,2905.4575,122,16,2740.031,2905.4575,3052.3228
load_26,2013-07-01 16:00:00,3121.5,2906.9092,122,17,2673.1582,2906.9092,3041.7146
load_26,2013-07-01 17:00:00,3024.0,2890.9795,122,18,2711.0166,2890.9795,3049.0923
load_26,2013-07-01 18:00:00,2914.2,2868.5962,122,19,2674.5005,2868.5962,3041.8145
load_26,2013-07-01 19:00:00,2888.4,2844.3193,122,20,2577.2668,2844.3193,3023.0007
load_26,2013-07-01 20:00:00,2447.4,2562.4592,122,21,2222.8555,2562.4592,2769.2344
load_26,2013-07-01 21:00:00,1332.6,1398.696,122,22,1140.6776,1398.696,1616.6262
load_26,2013-07-01 22:00:00,950.4,903.472,122,23,757.79645,903.472,1095.0103
load_26,2013-07-01 23:00:00,534.3,550.1036,122,24,471.22803,550.1036,641.90436
load_26,2013-07-02 00:00:00,413.7,438.9474,123,1,388.37036,438.9474,488.34363
load_26,2013-07-02 01:00:00,440.1,418.4303,123,2,369.0343,418.4303,470.7107
load_26,2013-07-02 02:00:00,427.5,417.15576,123,3,364.6029,417.15576,455.16968
load_26,2013-07-02 03:00:00,387.3,398.26562,123,4,354.21094,398.26562,437.58838
load_26,2013-07-02 04:00:00,409.5,400.70264,123,5,352.7567,400.70264,446.16516
load_26,2013-07-02 05:00:00,416.7,411.427,123,6,362.03027,411.427,450.67102
load_26,2013-07-02 06:00:00,428.1,424.76782,123,7,375.5658,424.76782,469.33948
load_26,2013-07-02 07:00:00,469.8,448.76697,123,8,398.6266,448.76697,510.43958
load_26,2013-07-02 08:00:00,606.3,573.00165,123,9,492.1504,573.00165,689.72
load_26,2013-07-02 09:00:00,1083.9,1022.73004,123,10,829.7649,1022.73004,1185.5845
load_26,2013-07-02 10:00:00,2252.4,2037.9609,123,11,1755.7471,2037.9609,2267.936
load_26,2013-07-02 11:00:00,2816.7,2681.4019,123,12,2315.024,2681.4019,2881.9697
load_26,2013-07-02 12:00:00,3030.6,2742.0269,123,13,2362.0808,2742.0269,2952.4255
load_26,2013-07-02 13:00:00,3066.6,2770.3052,123,14,2408.8535,2770.3052,2983.2617
load_26,2013-07-02 14:00:00,3058.8,2768.0063,123,15,2390.3298,2768.0063,2991.448
load_26,2013-07-02 15:00:00,3071.1,2757.372,123,16,2375.631,2757.372,2988.4539
load_26,2013-07-02 16:00:00,3068.1,2823.1467,123,17,2398.1235,2823.1467,3060.6794
load_26,2013-07-02 17:00:00,3078.9,2818.9624,123,18,2428.324,2818.9624,3064.2368
load_26,2013-07-02 18:00:00,3025.5,2783.5957,123,19,2322.6052,2783.5957,3048.23
load_26,2013-07-02 19:00:00,2875.2,2749.679,123,20,2285.584,2749.679,3038.3499
load_26,2013-07-02 20:00:00,2432.4,2464.349,123,21,1918.3406,2464.349,2771.733
load_26,2013-07-02 21:00:00,1343.4,1285.7117,123,22,971.6494,1285.7117,1558.5973
load_26,2013-07-02 22:00:00,915.9,837.6797,123,23,660.0093,837.6797,1056.5957
load_26,2013-07-02 23:00:00,541.8,523.93567,123,24,442.87256,523.93567,620.03217
load_26,2013-07-03 00:00:00,431.4,443.03967,124,1,393.10376,443.03967,493.93335
load_26,2013-07-03 01:00:00,462.6,420.5464,124,2,374.31506,420.5464,471.76013
load_26,2013-07-03 02:00:00,435.6,426.13794,124,3,380.64746,426.13794,459.76697
load_26,2013-07-03 03:00:00,403.5,411.89648,124,4,373.65833,411.89648,445.94153
load_26,2013-07-03 04:00:00,435.0,405.43433,124,5,366.0011,405.43433,441.30212
load_26,2013-07-03 05:00:00,431.7,421.6941,124,6,380.06604,421.6941,453.45325
load_26,2013-07-03 06:00:00,416.4,434.9629,124,7,391.3424,434.9629,469.1239
load_26,2013-07-03 07:00:00,475.8,453.99255,124,8,413.07495,453.99255,502.62732
load_26,2013-07-03 08:00:00,609.9,578.14716,124,9,512.57935,578.14716,662.9836
load_26,2013-07-03 09:00:00,989.1,1073.8838,124,10,918.0555,1073.8838,1186.5476
load_26,2013-07-03 10:00:00,2262.9,2189.4224,124,11,1978.3701,2189.4224,2363.4104
load_26,2013-07-03 11:00:00,2996.4,2846.8823,124,12,2652.4407,2846.8823,2970.393
load_26,2013-07-03 12:00:00,3029.1,2916.1357,124,13,2723.084,2916.1357,3046.5063
load_26,2013-07-03 13:00:00,3049.5,2936.6992,124,14,2714.176,2936.6992,3071.9634
load_26,2013-07-03 14:00:00,3043.8,2933.9893,124,15,2766.2004,2933.9893,3074.1277
load_26,2013-07-03 15:00:00,3012.9,2905.8857,124,16,2747.3623,2905.8857,3043.599
load_26,2013-07-03 16:00:00,3005.4,2950.8003,124,17,2716.5112,2950.8003,3087.4377
load_26,2013-07-03 17:00:00,3060.0,2918.99,124,18,2734.3367,2918.99,3079.7773
load_26,2013-07-03 18:00:00,3035.4,2882.1802,124,19,2684.1868,2882.1802,3058.8984
load_26,2013-07-03 19:00:00,3001.8,2845.1858,124,20,2567.743,2845.1858,3016.772
load_26,2013-07-03 20:00:00,2480.1,2502.2065,124,21,2158.0483,2502.2065,2712.8237
load_26,2013-07-03 21:00:00,1334.4,1331.3315,124,22,1085.7499,1331.3315,1540.0493
load_26,2013-07-03 22:00:00,920.4,884.4365,124,23,744.09436,884.4365,1066.4221
load_26,2013-07-03 23:00:00,560.4,538.43604,124,24,468.6787,538.43604,625.0843
load_26,2013-07-04 00:00:00,432.9,449.3766,125,1,397.50708,449.3766,502.51184
load_26,2013-07-04 01:00:00,471.3,425.8125,125,2,376.47107,425.8125,478.96997
load_26,2013-07-04 02:00:00,432.3,430.4193,125,3,381.58228,430.4193,467.81653
load_26,2013-07-04 03:00:00,405.3,415.49182,125,4,373.8025,415.49182,452.12744
load_26,2013-07-04 04:00:00,413.7,411.48413,125,5,370.33655,411.48413,450.98804
load_26,2013-07-04 05:00:00,399.0,429.8739,125,6,387.99194,429.8739,462.51904
load_26,2013-07-04 06:00:00,423.3,440.5614,125,7,397.10498,440.5614,477.93652
load_26,2013-07-04 07:00:00,488.4,469.52942,125,8,423.078,469.52942,516.16565
load_26,2013-07-04 08:00:00,619.8,599.8637,125,9,531.9281,599.8637,676.9589
load_26,2013-07-04 09:00:00,1052.1,1086.2914,125,10,942.66376,1086.2914,1176.3674
load_26,2013-07-04 10:00:00,2326.8,2254.3489,125,11,2050.739,2254.3489,2405.3164
load_26,2013-07-04 11:00:00,3096.9,2860.9365,125,12,2665.7146,2860.9365,2966.3267
load_26,2013-07-04 12:00:00,3168.6,2926.9062,125,13,2725.2285,2926.9062,3046.4453
load_26,2013-07-04 13:00:00,3130.2,2950.3286,125,14,2715.0977,2950.3286,3078.6504
load_26,2013-07-04 14:00:00,3105.0,2956.0835,125,15,2766.691,2956.0835,3084.3677
load_26,2013-07-04 15:00:00,3054.0,2918.1377,125,16,2717.435,2918.1377,3050.2227
load_26,2013-07-04 16:00:00,3057.3,2966.5786,125,17,2705.356,2966.5786,3096.8145
load_26,2013-07-04 17:00:00,3064.2,2943.164,125,18,2732.2256,2943.164,3097.7246
load_26,2013-07-04 18:00:00,3052.2,2903.4607,125,19,2679.722,2903.4607,3074.4385
load_26,2013-07-04 19:00:00,3039.6,2872.3066,125,20,2553.432,2872.3066,3043.7024
load_26,2013-07-04 20:00:00,2558.1,2529.6326,125,21,2139.0732,2529.6326,2742.0444
load_26,2013-07-04 21:00:00,1323.0,1348.7067,125,22,1095.1256,1348.7067,1547.2256
load_26,2013-07-04 22:00:00,929.4,884.7681,125,23,738.3902,884.7681,1065.6018
load_26,2013-07-04 23:00:00,548.1,549.6647,125,24,474.1488,549.6647,634.81177
load_26,2013-07-05 00:00:00,467.1,462.8772,126,1,410.14807,462.8772,514.45166
load_26,2013-07-05 01:00:00,458.1,439.47693,126,2,390.37366,439.47693,494.2151
load_26,2013-07-05 02:00:00,429.3,443.83142,126,3,394.44434,443.83142,479.52454
load_26,2013-07-05 03:00:00,396.9,427.37415,126,4,384.5995,427.37415,464.71765
load_26,2013-07-05 04:00:00,414.6,427.43298,126,5,385.91138,427.43298,466.41418
load_26,2013-07-05 05:00:00,418.8,447.32532,126,6,404.72107,447.32532,481.32068
load_26,2013-07-05 06:00:00,425.4,456.95825,126,7,409.98486,456.95825,494.01355
load_26,2013-07-05 07:00:00,496.2,477.48157,126,8,430.21143,477.48157,524.8091
load_26,2013-07-05 08:00:00,655.2,607.766,126,9,537.82886,607.766,689.5843
load_26,2013-07-05 09:00:00,1375.8,1080.3374,126,10,940.7694,1080.3374,1181.0645
load_26,2013-07-05 10:00:00,2554.5,2277.0781,126,11,2081.6504,2277.0781,2433.526
load_26,2013-07-05 11:00:00,2949.9,2956.3584,126,12,2779.6047,2956.3584,3058.5251
load_26,2013-07-05 12:00:00,3012.0,3001.544,126,13,2833.3325,3001.544,3113.8992
load_26,2013-07-05 13:00:00,3024.0,3017.5132,126,14,2828.9688,3017.5132,3133.713
load_26,2013-07-05 14:00:00,2985.3,2991.6753,126,15,2847.8115,2991.6753,3121.5054
load_26,2013-07-05 15:00:00,3016.5,2969.3958,126,16,2823.008,2969.3958,3089.8047
load_26,2013-07-05 16:00:00,3018.0,3019.2163,126,17,2799.2173,3019.2163,3150.9746
load_26,2013-07-05 17:00:00,3032.4,2987.5,126,18,2808.6597,2987.5,3134.9934
load_26,2013-07-05 18:00:00,3050.4,2958.567,126,19,2759.96,2958.567,3128.7473
load_26,2013-07-05 19:00:00,2995.2,2926.3823,126,20,2648.8057,2926.3823,3094.495
load_26,2013-07-05 20:00:00,2847.3,2603.6375,126,21,2248.2114,2603.6375,2806.6929
load_26,2013-07-05 21:00:00,1652.1,1414.4297,126,22,1156.3594,1414.4297,1623.8522
load_26,2013-07-05 22:00:00,994.2,911.0958,126,23,766.7778,911.0958,1096.4948
load_26,2013-07-05 23:00:00,566.1,547.9877,126,24,473.2174,547.9877,639.0287
load_26,2013-07-08 00:00:00,418.8,463.06958,127,1,405.9171,463.06958,517.683
load_26,2013-07-08 01:00:00,444.6,438.1327,127,2,386.43652,438.1327,493.31543
load_26,2013-07-08 02:00:00,429.6,444.71606,127,3,392.0852,444.71606,481.7788
load_26,2013-07-08 03:00:00,391.5,426.86572,127,4,380.2428,426.86572,462.46277
load_26,2013-07-08 04:00:00,412.8,425.9541,127,5,379.68066,425.9541,467.3208
load_26,2013-07-08 05:00:00,416.7,442.78638,127,6,396.3064,442.78638,477.7025
load_26,2013-07-08 06:00:00,436.2,453.53735,127,7,403.68616,453.53735,492.24023
load_26,2013-07-08 07:00:00,482.7,485.7069,127,8,432.21838,485.7069,535.9514
load_26,2013-07-08 08:00:00,602.7,629.64685,127,9,553.98926,629.64685,724.55524
load_26,2013-07-08 09:00:00,1214.4,1155.4008,127,10,1017.9245,1155.4008,1256.2426
load_26,2013-07-08 10:00:00,2294.1,2351.8525,127,11,2179.3015,2351.8525,2504.6436
load_26,2013-07-08 11:00:00,2987.1,2969.3584,127,12,2826.8389,2969.3584,3057.6035
load_26,2013-07-08 12:00:00,3024.3,3023.4233,127,13,2895.3257,3023.4233,3120.4065
load_26,2013-07-08 13:00:00,3053.4,3028.9087,127,14,2893.0845,3028.9087,3129.0796
load_26,2013-07-08 14:00:00,3053.1,3013.1155,127,15,2898.8208,3013.1155,3120.4644
load_26,2013-07-08 15:00:00,2949.3,2994.7686,127,16,2878.0322,2994.7686,3097.9424
load_26,2013-07-08 16:00:00,2965.8,3040.1143,127,17,2888.0942,3040.1143,3142.2576
load_26,2013-07-08 17:00:00,2963.7,3008.704,127,18,2874.9004,3008.704,3124.311
load_26,2013-07-08 18:00:00,2983.5,2974.895,127,19,2830.412,2974.895,3108.479
load_26,2013-07-08 19:00:00,2909.4,2940.3235,127,20,2755.018,2940.3235,3062.5654
load_26,2013-07-08 20:00:00,2469.0,2633.3777,127,21,2379.816,2633.3777,2795.9624
load_26,2013-07-08 21:00:00,1296.9,1439.0198,127,22,1226.2988,1439.0198,1616.9929
load_26,2013-07-08 22:00:00,917.7,939.6095,127,23,821.6026,939.6095,1108.301
load_26,2013-07-08 23:00:00,543.3,572.67065,127,24,495.42505,572.67065,654.7701
load_26,2013-07-09 00:00:00,456.0,457.72607,128,1,405.1173,457.72607,509.17908
load_26,2013-07-09 01:00:00,476.4,431.0558,128,2,380.85938,431.0558,482.99023
load_26,2013-07-09 02:00:00,443.7,439.9005,128,3,390.28003,439.9005,474.39868
load_26,2013-07-09 03:00:00,413.7,430.18945,128,4,385.9137,430.18945,465.5747
load_26,2013-07-09 04:00:00,441.9,424.64282,128,5,381.24255,424.64282,460.78235
load_26,2013-07-09 05:00:00,445.2,439.44885,128,6,394.6576,439.44885,470.03015
load_26,2013-07-09 06:00:00,446.4,453.60596,128,7,406.339,453.60596,488.193
load_26,2013-07-09 07:00:00,540.6,474.20898,128,8,426.7544,474.20898,521.8662
load_26,2013-07-09 08:00:00,720.3,609.35156,128,9,537.666,609.35156,706.036
load_26,2013-07-09 09:00:00,1213.2,1185.3835,128,10,1038.8499,1185.3835,1296.7523
load_26,2013-07-09 10:00:00,2494.8,2352.1704,128,11,2181.3872,2352.1704,2504.0618
load_26,2013-07-09 11:00:00,3070.2,2945.1775,128,12,2818.3213,2945.1775,3029.2998
load_26,2013-07-09 12:00:00,3054.3,2994.8262,128,13,2884.9038,2994.8262,3085.5457
load_26,2013-07-09 13:00:00,3086.1,3006.9983,128,14,2896.0579,3006.9983,3099.8901
load_26,2013-07-09 14:00:00,3086.1,3002.5981,128,15,2897.681,3002.5981,3103.5786
load_26,2013-07-09 15:00:00,3032.1,2975.287,128,16,2870.1196,2975.287,3073.1387
load_26,2013-07-09 16:00:00,3048.0,3008.6875,128,17,2878.311,3008.6875,3104.3525
load_26,2013-07-09 17:00:00,3066.3,2980.3354,128,18,2856.024,2980.3354,3090.669
load_26,2013-07-09 18:00:00,3081.6,2951.611,128,19,2819.5708,2951.611,3080.223
load_26,2013-07-09 19:00:00,3003.3,2925.3918,128,20,2754.3953,2925.3918,3044.2097
load_26,2013-07-09 20:00:00,2540.4,2616.6438,128,21,2375.0754,2616.6438,2773.1494
load_26,2013-07-09 21:00:00,1334.4,1435.1095,128,22,1221.698,1435.1095,1611.2543
load_26,2013-07-09 22:00:00,915.3,912.66565,128,23,799.3679,912.66565,1076.4146
load_26,2013-07-09 23:00:00,540.3,552.03784,128,24,485.76636,552.03784,632.8722
load_26,2013-07-10 00:00:00,430.5,467.4099,129,1,410.661,467.4099,522.83936
load_26,2013-07-10 01:00:00,452.7,439.82532,129,2,388.58435,439.82532,494.318
load_26,2013-07-10 02:00:00,440.7,446.12537,129,3,393.2666,446.12537,482.89075
load_26,2013-07-10 03:00:00,414.0,430.51636,129,4,381.79163,430.51636,468.1261
load_26,2013-07-10 04:00:00,396.0,428.4762,129,5,382.69666,428.4762,467.42554
load_26,2013-07-10 05:00:00,386.1,443.5929,129,6,397.6869,443.5929,477.1842
load_26,2013-07-10 06:00:00,387.0,455.9574,129,7,404.85645,455.9574,491.16528
load_26,2013-07-10 07:00:00,407.4,491.39746,129,8,437.3075,491.39746,537.72437
load_26,2013-07-10 08:00:00,475.2,624.59375,129,9,555.6315,624.59375,702.74
load_26,2013-07-10 09:00:00,735.9,1148.7573,129,10,1030.3494,1148.7573,1231.9451
load_26,2013-07-10 10:00:00,1631.7,2358.4124,129,11,2203.4053,2358.4124,2494.2012
load_26,2013-07-10 11:00:00,2489.7,2985.8677,129,12,2870.2773,2985.8677,3062.0332
load_26,2013-07-10 12:00:00,2555.7,3030.6367,129,13,2929.934,3030.6367,3112.3108
load_26,2013-07-10 13:00:00,2558.7,3041.4128,129,14,2939.6577,3041.4128,3126.1638
load_26,2013-07-10 14:00:00,2534.7,3041.0342,129,15,2940.2617,3041.0342,3127.93
load_26,2013-07-10 15:00:00,2506.5,3010.3447,129,16,2910.3762,3010.3447,3099.405
load_26,2013-07-10 16:00:00,2506.5,3030.5913,129,17,2914.7837,3030.5913,3109.2554
load_26,2013-07-10 17:00:00,2531.4,3003.8445,129,18,2897.328,3003.8445,3096.4646
load_26,2013-07-10 18:00:00,2524.8,2976.7993,129,19,2864.4678,2976.7993,3086.7134
load_26,2013-07-10 19:00:00,2525.7,2938.717,129,20,2799.4739,2938.717,3038.839
load_26,2013-07-10 20:00:00,2024.1,2567.6577,129,21,2367.381,2567.6577,2728.2295
load_26,2013-07-10 21:00:00,777.3,1376.4807,129,22,1199.0269,1376.4807,1522.5176
load_26,2013-07-10 22:00:00,537.0,914.3285,129,23,815.2838,914.3285,1058.1482
load_26,2013-07-10 23:00:00,451.2,563.4956,129,24,499.05896,563.4956,637.234
load_26,2013-07-11 00:00:00,384.3,440.54004,130,1,382.95715,440.54004,491.64502
load_26,2013-07-11 01:00:00,434.1,431.9524,130,2,375.833,431.9524,486.94788
load_26,2013-07-11 02:00:00,421.2,435.1538,130,3,379.7837,435.1538,479.96277
load_26,2013-07-11 03:00:00,390.0,427.38074,130,4,380.19543,427.38074,470.44995
load_26,2013-07-11 04:00:00,402.0,420.80664,130,5,372.22998,420.80664,467.17395
load_26,2013-07-11 05:00:00,412.2,428.464,130,6,371.4673,428.464,477.1626
load_26,2013-07-11 06:00:00,401.4,441.19702,130,7,384.58032,441.19702,496.20618
load_26,2013-07-11 07:00:00,467.1,443.83984,130,8,390.9746,443.83984,513.68494
load_26,2013-07-11 08:00:00,636.6,510.23352,130,9,432.42224,510.23352,621.4686
load_26,2013-07-11 09:00:00,1053.0,879.2427,130,10,644.1534,879.2427,1127.7031
load_26,2013-07-11 10:00:00,2411.1,1997.8275,130,11,1648.6665,1997.8275,2295.1636
load_26,2013-07-11 11:00:00,2998.5,2607.8442,130,12,2179.8848,2607.8442,2874.7778
load_26,2013-07-11 12:00:00,3095.4,2634.1182,130,13,2211.9724,2634.1182,2905.325
load_26,2013-07-11 13:00:00,3085.2,2671.2646,130,14,2276.6052,2671.2646,2934.8755
load_26,2013-07-11 14:00:00,3078.0,2662.9507,130,15,2274.7446,2662.9507,2936.0132
load_26,2013-07-11 15:00:00,3039.9,2659.8599,130,16,2262.4482,2659.8599,2918.0557
load_26,2013-07-11 16:00:00,3083.1,2656.2786,130,17,2253.4927,2656.2786,2929.6829
load_26,2013-07-11 17:00:00,3141.9,2676.9531,130,18,2286.5496,2676.9531,2947.7554
load_26,2013-07-11 18:00:00,3123.3,2665.7136,130,19,2243.066,2665.7136,2961.9468
load_26,2013-07-11 19:00:00,3071.1,2620.6501,130,20,2199.8804,2620.6501,2920.83
load_26,2013-07-11 20:00:00,2561.4,2227.7197,130,21,1806.5542,2227.7197,2572.2905
load_26,2013-07-11 21:00:00,1347.9,1060.8485,130,22,773.8849,1060.8485,1370.2344
load_26,2013-07-11 22:00:00,986.7,694.4546,130,23,553.339,694.4546,945.9629
load_26,2013-07-11 23:00:00,572.7,487.9536,130,24,426.51526,487.9536,594.2656
load_26,2013-07-12 00:00:00,453.6,477.71838,131,1,421.58813,477.71838,535.5193
load_26,2013-07-12 01:00:00,468.0,455.44824,131,2,402.34326,455.44824,515.3135
load_26,2013-07-12 02:00:00,441.6,457.64648,131,3,402.45972,457.64648,500.21533
load_26,2013-07-12 03:00:00,404.7,437.0752,131,4,389.8352,437.0752,479.8501
load_26,2013-07-12 04:00:00,432.3,432.88,131,5,386.6443,432.88,476.1892
load_26,2013-07-12 05:00:00,439.8,446.93726,131,6,400.53442,446.93726,487.15576
load_26,2013-07-12 06:00:00,426.0,457.06213,131,7,405.21545,457.06213,501.09912
load_26,2013-07-12 07:00:00,484.8,503.60083,131,8,440.8275,503.60083,551.9667
load_26,2013-07-12 08:00:00,613.8,638.8863,131,9,559.277,638.8863,730.95734
load_26,2013-07-12 09:00:00,992.1,1162.2787,131,10,1013.5313,1162.2787,1264.2446
load_26,2013-07-12 10:00:00,2374.2,2375.4038,131,11,2181.0781,2375.4038,2532.9795
load_26,2013-07-12 11:00:00,2992.5,2989.0447,131,12,2824.1733,2989.0447,3082.9888
load_26,2013-07-12 12:00:00,3050.1,3024.6597,131,13,2865.1045,3024.6597,3128.05
load_26,2013-07-12 13:00:00,3072.6,3043.121,131,14,2863.8145,3043.121,3150.4358
load_26,2013-07-12 14:00:00,3084.9,3040.3574,131,15,2898.545,3040.3574,3147.709
load_26,2013-07-12 15:00:00,3021.0,3004.1868,131,16,2868.9265,3004.1868,3114.0654
load_26,2013-07-12 16:00:00,3043.2,3021.4832,131,17,2825.9155,3021.4832,3141.6155
load_26,2013-07-12 17:00:00,3044.1,3004.561,131,18,2842.7773,3004.561,3140.0522
load_26,2013-07-12 18:00:00,3085.5,2991.1633,131,19,2816.232,2991.1633,3146.9062
load_26,2013-07-12 19:00:00,3035.7,2969.0947,131,20,2739.979,2969.0947,3126.2188
load_26,2013-07-12 20:00:00,2877.9,2618.6963,131,21,2314.7917,2618.6963,2802.9053
load_26,2013-07-12 21:00:00,1685.1,1377.4247,131,22,1143.3535,1377.4247,1571.8724
load_26,2013-07-12 22:00:00,968.4,928.88947,131,23,788.4235,928.88947,1109.0962
load_26,2013-07-12 23:00:00,545.7,586.1781,131,24,496.1305,586.1781,673.6302
load_26,2013-07-15 00:00:00,469.2,465.5028,132,1,405.92566,465.5028,521.6615
load_26,2013-07-15 01:00:00,488.1,443.91785,132,2,388.91675,443.91785,504.28333
load_26,2013-07-15 02:00:00,430.5,448.92615,132,3,393.58704,448.92615,490.07153
load_26,2013-07-15 03:00:00,409.8,428.53027,132,4,381.3451,428.53027,468.79675
load_26,2013-07-15 04:00:00,439.8,424.8142,132,5,377.18884,424.8142,468.32214
load_26,2013-07-15 05:00:00,449.4,440.4657,132,6,392.80664,440.4657,478.95593
load_26,2013-07-15 06:00:00,433.2,451.92358,132,7,399.9867,451.92358,492.67224
load_26,2013-07-15 07:00:00,483.0,484.59705,132,8,431.5653,484.59705,536.5145
load_26,2013-07-15 08:00:00,594.0,620.57446,132,9,548.4231,620.57446,706.43274
load_26,2013-07-15 09:00:00,1082.1,1117.9319,132,10,958.78015,1117.9319,1228.3721
load_26,2013-07-15 10:00:00,2104.2,2415.0244,132,11,2198.0403,2415.0244,2576.1904
load_26,2013-07-15 11:00:00,2822.1,2979.6292,132,12,2804.4814,2979.6292,3072.458
load_26,2013-07-15 12:00:00,2859.3,3021.542,132,13,2849.8574,3021.542,3122.5278
load_26,2013-07-15 13:00:00,2864.7,3035.8306,132,14,2848.895,3035.8306,3139.7866
load_26,2013-07-15 14:00:00,2866.8,3044.8125,132,15,2898.1792,3044.8125,3140.566
load_26,2013-07-15 15:00:00,2826.3,3007.2476,132,16,2871.3677,3007.2476,3113.633
load_26,2013-07-15 16:00:00,2895.9,3029.958,132,17,2826.8374,3029.958,3142.2163
load_26,2013-07-15 17:00:00,3040.8,3004.3525,132,18,2839.8828,3004.3525,3131.1895
load_26,2013-07-15 18:00:00,3027.9,2988.8677,132,19,2806.1987,2988.8677,3133.7695
load_26,2013-07-15 19:00:00,2967.9,2961.4373,132,20,2712.0305,2961.4373,3100.0327
load_26,2013-07-15 20:00:00,2463.0,2668.013,132,21,2340.2285,2668.013,2841.8892
load_26,2013-07-15 21:00:00,1344.6,1430.6963,132,22,1173.504,1430.6963,1634.2202
load_26,2013-07-15 22:00:00,972.9,944.24194,132,23,792.60345,944.24194,1131.2759
load_26,2013-07-15 23:00:00,557.1,559.1542,132,24,479.2317,559.1542,652.9601
load_26,2013-07-16 00:00:00,459.6,447.3136,133,1,397.90234,447.3136,500.84778
load_26,2013-07-16 01:00:00,464.1,429.38293,133,2,378.75525,429.38293,483.162
load_26,2013-07-16 02:00:00,426.0,432.672,133,3,383.39648,432.672,470.70337
load_26,2013-07-16 03:00:00,402.3,419.2533,133,4,380.85107,419.2533,456.56128
load_26,2013-07-16 04:00:00,415.8,419.2588,133,5,378.4613,419.2588,457.41565
load_26,2013-07-16 05:00:00,429.9,431.78455,133,6,387.85852,431.78455,467.5951
load_26,2013-07-16 06:00:00,421.8,444.11963,133,7,399.8357,444.11963,479.4281
load_26,2013-07-16 07:00:00,462.9,479.0597,133,8,430.48242,479.0597,526.1648
load_26,2013-07-16 08:00:00,548.1,591.4772,133,9,524.594,591.4772,690.57294
load_26,2013-07-16 09:00:00,1019.7,1053.5753,133,10,882.67236,1053.5753,1196.6873
load_26,2013-07-16 10:00:00,2249.7,2242.6626,133,11,2001.604,2242.6626,2441.174
load_26,2013-07-16 11:00:00,2970.3,2887.5605,133,12,2670.2756,2887.5605,3015.836
load_26,2013-07-16 12:00:00,3073.2,2931.2812,133,13,2708.3865,2931.2812,3071.1743
load_26,2013-07-16 13:00:00,3067.8,2951.0679,133,14,2686.7285,2951.0679,3096.449
load_26,2013-07-16 14:00:00,3061.5,2970.6191,133,15,2759.7156,2970.6191,3104.1143
load_26,2013-07-16 15:00:00,3042.3,2929.0747,133,16,2724.3035,2929.0747,3075.1475
load_26,2013-07-16 16:00:00,3036.6,2970.249,133,17,2720.4648,2970.249,3103.432
load_26,2013-07-16 17:00:00,3043.8,2961.5596,133,18,2768.5344,2961.5596,3118.811
load_26,2013-07-16 18:00:00,3057.6,2944.9758,133,19,2737.5674,2944.9758,3123.1936
load_26,2013-07-16 19:00:00,3004.8,2923.7559,133,20,2619.353,2923.7559,3112.7412
load_26,2013-07-16 20:00:00,2439.3,2601.5615,133,21,2216.423,2601.5615,2819.2388
load_26,2013-07-16 21:00:00,1321.2,1385.4856,133,22,1115.2793,1385.4856,1601.2482
load_26,2013-07-16 22:00:00,966.9,890.73596,133,23,736.13513,890.73596,1076.8975
load_26,2013-07-16 23:00:00,554.1,556.8026,133,24,478.62378,556.8026,643.6097
load_26,2013-07-17 00:00:00,454.5,461.39917,134,1,405.60364,461.39917,519.43884
load_26,2013-07-17 01:00:00,473.1,436.92578,134,2,382.37866,436.92578,495.93884
load_26,2013-07-17 02:00:00,439.5,437.2893,134,3,383.41492,437.2893,477.3529
load_26,2013-07-17 03:00:00,423.6,417.53015,134,4,372.79773,417.53015,459.22083
load_26,2013-07-17 04:00:00,428.4,413.17383,134,5,367.39392,413.17383,456.66528
load_26,2013-07-17 05:00:00,447.3,426.3219,134,6,377.7318,426.3219,465.0896
load_26,2013-07-17 06:00:00,433.8,434.9077,134,7,384.32727,434.9077,473.4751
load_26,2013-07-17 07:00:00,454.2,458.06824,134,8,411.88367,458.06824,515.37366
load_26,2013-07-17 08:00:00,548.1,584.72534,134,9,511.68225,584.72534,680.1414
load_26,2013-07-17 09:00:00,978.0,1021.75336,134,10,861.58624,1021.75336,1165.5171
load_26,2013-07-17 10:00:00,2216.4,2245.9236,134,11,2013.2009,2245.9236,2441.627
load_26,2013-07-17 11:00:00,2930.1,2908.5632,134,12,2705.1367,2908.5632,3031.8906
load_26,2013-07-17 12:00:00,3006.0,2957.9307,134,13,2758.6714,2957.9307,3089.588
load_26,2013-07-17 13:00:00,3033.0,2977.785,134,14,2746.7334,2977.785,3114.4868
load_26,2013-07-17 14:00:00,3020.7,2977.9412,134,15,2803.7756,2977.9412,3112.9004
load_26,2013-07-17 15:00:00,3004.5,2946.907,134,16,2779.817,2946.907,3084.477
load_26,2013-07-17 16:00:00,3008.1,2983.5718,134,17,2734.2305,2983.5718,3117.5796
load_26,2013-07-17 17:00:00,3025.2,2969.4,134,18,2779.3667,2969.4,3122.5332
load_26,2013-07-17 18:00:00,3046.2,2952.372,134,19,2752.2383,2952.372,3123.8481
load_26,2013-07-17 19:00:00,2985.0,2917.746,134,20,2639.8105,2917.746,3090.1582
load_26,2013-07-17 20:00:00,2484.3,2495.3755,134,21,2147.939,2495.3755,2718.6748
load_26,2013-07-17 21:00:00,1316.1,1290.4067,134,22,1046.779,1290.4067,1506.5594
load_26,2013-07-17 22:00:00,945.9,894.3057,134,23,738.5074,894.3057,1085.8164
load_26,2013-07-17 23:00:00,540.9,553.48816,134,24,473.55896,553.48816,646.56604
load_26,2013-07-18 00:00:00,441.3,456.49,135,1,401.73535,456.49,512.25
load_26,2013-07-18 01:00:00,471.9,432.95203,135,2,379.07202,432.95203,490.84534
load_26,2013-07-18 02:00:00,453.3,435.08008,135,3,382.15308,435.08008,476.78748
load_26,2013-07-18 03:00:00,412.5,417.6692,135,4,372.6106,417.6692,459.35535
load_26,2013-07-18 04:00:00,411.9,420.23462,135,5,375.3064,420.23462,463.3806
load_26,2013-07-18 05:00:00,402.9,437.17773,135,6,390.56396,437.17773,475.15283
load_26,2013-07-18 06:00:00,415.5,444.2433,135,7,395.94006,444.2433,483.06506
load_26,2013-07-18 07:00:00,468.9,471.4254,135,8,422.07397,471.4254,519.6349
load_26,2013-07-18 08:00:00,593.7,570.4597,135,9,506.45178,570.4597,638.75714
load_26,2013-07-18 09:00:00,1065.0,978.8199,135,10,845.1364,978.8199,1095.811
load_26,2013-07-18 10:00:00,2380.5,2220.7913,135,11,2003.1633,2220.7913,2382.9675
load_26,2013-07-18 11:00:00,2958.0,2888.01,135,12,2679.9165,2888.01,2998.6797
load_26,2013-07-18 12:00:00,3045.9,2948.5435,135,13,2741.2644,2948.5435,3071.0479
load_26,2013-07-18 13:00:00,3056.4,2977.9421,135,14,2732.2256,2977.9421,3109.2717
load_26,2013-07-18 14:00:00,3036.6,2974.8823,135,15,2782.5518,2974.8823,3105.1465
load_26,2013-07-18 15:00:00,3006.0,2939.5325,135,16,2745.2124,2939.5325,3073.2568
load_26,2013-07-18 16:00:00,3033.0,2975.917,135,17,2701.83,2975.917,3105.1853
load_26,2013-07-18 17:00:00,3039.3,2967.624,135,18,2748.3364,2967.624,3118.8218
load_26,2013-07-18 18:00:00,3075.3,2949.4048,135,19,2730.0815,2949.4048,3118.3042
load_26,2013-07-18 19:00:00,3034.8,2919.9585,135,20,2602.4617,2919.9585,3094.0112
load_26,2013-07-18 20:00:00,2528.4,2521.151,135,21,2138.2751,2521.151,2734.8857
load_26,2013-07-18 21:00:00,1367.7,1315.6492,135,22,1068.3225,1315.6492,1504.4878
load_26,2013-07-18 22:00:00,1002.6,869.80566,135,23,720.391,869.80566,1042.4387
load_26,2013-07-18 23:00:00,552.3,548.3196,135,24,470.833,548.3196,635.70795
load_26,2013-07-19 00:00:00,444.0,465.8568,136,1,412.23462,465.8568,520.2932
load_26,2013-07-19 01:00:00,484.8,440.21582,136,2,387.92004,440.21582,497.06177
load_26,2013-07-19 02:00:00,542.7,443.98438,136,3,391.43384,443.98438,481.50842
load_26,2013-07-19 03:00:00,505.2,426.2975,136,4,381.25452,426.2975,465.35718
load_26,2013-07-19 04:00:00,512.1,426.20227,136,5,382.21753,426.20227,465.15515
load_26,2013-07-19 05:00:00,518.1,437.97583,136,6,392.297,437.97583,474.22974
load_26,2013-07-19 06:00:00,514.5,444.64917,136,7,395.0404,444.64917,477.57214
load_26,2013-07-19 07:00:00,488.1,457.3656,136,8,414.47388,457.3656,506.97583
load_26,2013-07-19 08:00:00,627.6,561.21533,136,9,501.8783,561.21533,641.2831
load_26,2013-07-19 09:00:00,1267.2,997.1143,136,10,862.4501,997.1143,1119.5662
load_26,2013-07-19 10:00:00,2467.8,2260.5667,136,11,2059.4775,2260.5667,2418.3953
load_26,2013-07-19 11:00:00,3090.3,2930.1257,136,12,2748.729,2930.1257,3024.5068
load_26,2013-07-19 12:00:00,3124.5,2979.6572,136,13,2803.2832,2979.6572,3085.5151
load_26,2013-07-19 13:00:00,3132.0,3006.5688,136,14,2804.872,3006.5688,3116.9072
load_26,2013-07-19 14:00:00,3113.1,3015.6094,136,15,2859.4927,3015.6094,3117.3945
load_26,2013-07-19 15:00:00,3075.6,2978.5469,136,16,2835.082,2978.5469,3091.5283
load_26,2013-07-19 16:00:00,3123.3,3011.3438,136,17,2785.0322,3011.3438,3127.4934
load_26,2013-07-19 17:00:00,3124.2,2996.2593,136,18,2822.1924,2996.2593,3127.399
load_26,2013-07-19 18:00:00,3147.9,2990.221,136,19,2793.842,2990.221,3140.6597
load_26,2013-07-19 19:00:00,3101.4,2956.5247,136,20,2683.6118,2956.5247,3107.8994
load_26,2013-07-19 20:00:00,3039.9,2607.0132,136,21,2254.279,2607.0132,2788.0042
load_26,2013-07-19 21:00:00,2246.7,1396.5446,136,22,1143.9385,1396.5446,1593.073
load_26,2013-07-19 22:00:00,1167.9,948.02594,136,23,796.05756,948.02594,1131.0227
load_26,2013-07-19 23:00:00,605.1,567.7445,136,24,486.8181,567.7445,655.75726
load_26,2013-07-22 00:00:00,418.2,487.7959,137,1,429.57117,487.7959,542.72253
load_26,2013-07-22 01:00:00,447.6,460.81714,137,2,406.31262,460.81714,518.69116
load_26,2013-07-22 02:00:00,424.2,467.7666,137,3,412.81958,467.7666,507.141
load_26,2013-07-22 03:00:00,390.3,454.85217,137,4,407.35242,454.85217,494.64783
load_26,2013-07-22 04:00:00,418.8,449.6454,137,5,401.27417,449.6454,493.83704
load_26,2013-07-22 05:00:00,443.7,460.9729,137,6,413.31934,460.9729,498.77722
load_26,2013-07-22 06:00:00,436.8,469.8224,137,7,417.09705,469.8224,512.7363
load_26,2013-07-22 07:00:00,504.6,483.0077,137,8,434.22656,483.0077,543.8391
load_26,2013-07-22 08:00:00,616.2,596.2654,137,9,529.43054,596.2654,703.3839
load_26,2013-07-22 09:00:00,1030.2,1084.759,137,10,939.60693,1084.759,1227.6606
load_26,2013-07-22 10:00:00,2199.6,2330.8474,137,11,2137.5808,2330.8474,2517.6025
load_26,2013-07-22 11:00:00,3000.0,2971.8188,137,12,2812.9478,2971.8188,3075.583
load_26,2013-07-22 12:00:00,3038.1,3016.024,137,13,2869.3115,3016.024,3129.887
load_26,2013-07-22 13:00:00,3047.1,3024.8184,137,14,2863.7314,3024.8184,3143.361
load_26,2013-07-22 14:00:00,3042.0,3036.3164,137,15,2899.1602,3036.3164,3147.169
load_26,2013-07-22 15:00:00,3004.5,3021.8096,137,16,2892.5835,3021.8096,3138.6758
load_26,2013-07-22 16:00:00,3032.7,3062.0122,137,17,2899.8657,3062.0122,3185.5723
load_26,2013-07-22 17:00:00,3049.5,3051.876,137,18,2905.0222,3051.876,3187.2178
load_26,2013-07-22 18:00:00,3081.9,3046.9504,137,19,2892.128,3046.9504,3202.8374
load_26,2013-07-22 19:00:00,3036.9,3011.812,137,20,2803.938,3011.812,3179.3057
load_26,2013-07-22 20:00:00,2525.1,2676.6252,137,21,2324.4714,2676.6252,2897.7705
load_26,2013-07-22 21:00:00,1320.9,1502.444,137,22,1218.8032,1502.444,1799.954
load_26,2013-07-22 22:00:00,949.5,998.6065,137,23,831.68085,998.6065,1237.7113
load_26,2013-07-22 23:00:00,573.6,590.4989,137,24,508.5569,590.4989,697.3487
load_26,2013-07-23 00:00:00,446.7,467.50403,138,1,410.06592,467.50403,524.1438
load_26,2013-07-23 01:00:00,454.8,443.54663,138,2,388.80005,443.54663,501.34253
load_26,2013-07-23 02:00:00,431.1,447.91272,138,3,393.6931,447.91272,487.98145
load_26,2013-07-23 03:00:00,391.5,434.69043,138,4,385.2318,434.69043,476.15796
load_26,2013-07-23 04:00:00,418.5,435.4209,138,5,387.84778,435.4209,476.53662
load_26,2013-07-23 05:00:00,420.0,449.08118,138,6,401.2428,449.08118,486.67395
load_26,2013-07-23 06:00:00,437.7,458.0835,138,7,406.28357,458.0835,496.48425
load_26,2013-07-23 07:00:00,483.0,473.34814,138,8,425.03137,473.34814,526.0962
load_26,2013-07-23 08:00:00,577.8,587.43933,138,9,521.6478,587.43933,664.1339
load_26,2013-07-23 09:00:00,983.1,1049.542,138,10,929.45844,1049.542,1160.9836
load_26,2013-07-23 10:00:00,2370.0,2265.3625,138,11,2099.0862,2265.3625,2406.419
load_26,2013-07-23 11:00:00,2993.4,2938.1016,138,12,2798.051,2938.1016,3024.0425
load_26,2013-07-23 12:00:00,3051.6,2982.0264,138,13,2852.5046,2982.0264,3075.647
load_26,2013-07-23 13:00:00,3039.6,2993.2524,138,14,2853.2173,2993.2524,3089.8943
load_26,2013-07-23 14:00:00,3052.8,3000.2925,138,15,2880.1836,3000.2925,3096.1025
load_26,2013-07-23 15:00:00,3015.3,2974.9697,138,16,2859.0632,2974.9697,3075.788
load_26,2013-07-23 16:00:00,3048.0,3014.9858,138,17,2849.5098,3014.9858,3123.3418
load_26,2013-07-23 17:00:00,3070.5,3002.7258,138,18,2860.2913,3002.7258,3125.147
load_26,2013-07-23 18:00:00,3080.4,2988.4688,138,19,2838.917,2988.4688,3129.9238
load_26,2013-07-23 19:00:00,3019.5,2960.9597,138,20,2759.6472,2960.9597,3104.7896
load_26,2013-07-23 20:00:00,2499.0,2636.6,138,21,2329.4995,2636.6,2825.4917
load_26,2013-07-23 21:00:00,1326.9,1502.899,138,22,1252.9866,1502.899,1730.9137
load_26,2013-07-23 22:00:00,942.3,954.752,138,23,811.5325,954.752,1154.3176
load_26,2013-07-23 23:00:00,554.4,557.02905,138,24,478.80103,557.02905,657.0891
load_26,2013-07-24 00:00:00,427.2,464.31958,139,1,406.01416,464.31958,523.27527
load_26,2013-07-24 01:00:00,453.0,439.7141,139,2,386.16614,439.7141,496.0746
load_26,2013-07-24 02:00:00,436.8,449.06238,139,3,394.84888,449.06238,488.2063
load_26,2013-07-24 03:00:00,390.0,434.42163,139,4,383.0868,434.42163,475.6687
load_26,2013-07-24 04:00:00,382.5,434.18274,139,5,387.2859,434.18274,475.72913
load_26,2013-07-24 05:00:00,379.8,448.9773,139,6,400.56494,448.9773,487.22693
load_26,2013-07-24 06:00:00,379.2,455.66467,139,7,401.71765,455.66467,492.8297
load_26,2013-07-24 07:00:00,398.1,473.85413,139,8,424.28992,473.85413,522.8906
load_26,2013-07-24 08:00:00,456.6,574.21985,139,9,510.7704,574.21985,644.2307
load_26,2013-07-24 09:00:00,709.8,1010.1945,139,10,907.99445,1010.1945,1122.0115
load_26,2013-07-24 10:00:00,1493.4,2286.542,139,11,2136.57,2286.542,2419.2583
load_26,2013-07-24 11:00:00,2471.7,2979.526,139,12,2864.4163,2979.526,3053.4385
load_26,2013-07-24 12:00:00,2460.3,3028.4858,139,13,2932.4424,3028.4858,3109.9976
load_26,2013-07-24 13:00:00,2488.5,3049.5854,139,14,2955.6826,3049.5854,3133.817
load_26,2013-07-24 14:00:00,2423.4,3058.9272,139,15,2957.2676,3058.9272,3138.2148
load_26,2013-07-24 15:00:00,2317.5,3021.353,139,16,2925.1504,3021.353,3109.5386
load_26,2013-07-24 16:00:00,2283.9,3050.9878,139,17,2931.5034,3050.9878,3135.5103
load_26,2013-07-24 17:00:00,2407.8,3033.7354,139,18,2927.8843,3033.7354,3130.5469
load_26,2013-07-24 18:00:00,2417.4,3023.274,139,19,2913.2046,3023.274,3135.8308
load_26,2013-07-24 19:00:00,2456.1,2985.6519,139,20,2854.8374,2985.6519,3096.3179
load_26,2013-07-24 20:00:00,1932.6,2520.333,139,21,2305.5107,2520.333,2713.5557
load_26,2013-07-24 21:00:00,781.5,1341.9807,139,22,1164.3333,1341.9807,1521.2994
load_26,2013-07-24 22:00:00,587.7,938.33167,139,23,827.9559,938.33167,1104.3044
load_26,2013-07-24 23:00:00,483.9,575.34045,139,24,505.62842,575.34045,657.9708
load_26,2013-07-25 00:00:00,421.5,440.90637,140,1,379.59375,440.90637,494.4713
load_26,2013-07-25 01:00:00,465.6,432.16956,140,2,368.5216,432.16956,491.77026
load_26,2013-07-25 02:00:00,409.2,434.98462,140,3,372.60034,434.98462,485.708
load_26,2013-07-25 03:00:00,379.5,421.45422,140,4,365.9613,421.45422,477.27966
load_26,2013-07-25 04:00:00,398.7,421.13696,140,5,363.43518,421.13696,477.77673
load_26,2013-07-25 05:00:00,411.6,426.70935,140,6,359.20728,426.70935,486.068
load_26,2013-07-25 06:00:00,405.6,435.44788,140,7,370.33875,435.44788,501.26733
load_26,2013-07-25 07:00:00,448.8,430.64465,140,8,369.36047,430.64465,505.06116
load_26,2013-07-25 08:00:00,580.5,479.86,140,9,393.94824,479.86,548.3013
load_26,2013-07-25 09:00:00,1089.9,767.50116,140,10,571.76917,767.50116,985.07526
load_26,2013-07-25 10:00:00,2177.7,1858.7721,140,11,1451.9845,1858.7721,2182.8625
load_26,2013-07-25 11:00:00,3020.1,2585.224,140,12,2071.5854,2585.224,2899.0327
load_26,2013-07-25 12:00:00,2980.5,2620.2466,140,13,2083.2305,2620.2466,2931.439
load_26,2013-07-25 13:00:00,2984.4,2651.7915,140,14,2170.251,2651.7915,2970.519
load_26,2013-07-25 14:00:00,2764.5,2638.7463,140,15,2124.476,2638.7463,2962.7976
load_26,2013-07-25 15:00:00,2756.1,2609.0884,140,16,2077.6523,2609.0884,2940.6765
load_26,2013-07-25 16:00:00,2783.1,2626.1814,140,17,2121.5215,2626.1814,2961.4976
load_26,2013-07-25 17:00:00,2977.2,2667.4858,140,18,2152.6938,2667.4858,2988.0088
load_26,2013-07-25 18:00:00,3064.8,2676.696,140,19,2119.725,2676.696,3024.342
load_26,2013-07-25 19:00:00,3027.3,2631.8777,140,20,2122.2322,2631.8777,2980.4282
load_26,2013-07-25 20:00:00,2516.4,2168.9316,140,21,1666.4645,2168.9316,2565.6812
load_26,2013-07-25 21:00:00,1329.6,1044.1671,140,22,735.272,1044.1671,1380.9666
load_26,2013-07-25 22:00:00,1101.6,707.6561,140,23,546.3827,707.6561,970.64264
load_26,2013-07-25 23:00:00,812.4,488.20605,140,24,421.3866,488.20605,598.9087
load_26,2013-07-26 00:00:00,493.8,558.2665,141,1,470.1046,558.2665,619.4648
load_26,2013-07-26 01:00:00,483.3,523.3635,141,2,438.61816,523.3635,612.50214
load_26,2013-07-26 02:00:00,476.4,510.22314,141,3,431.83582,510.22314,587.6835
load_26,2013-07-26 03:00:00,488.4,482.8081,141,4,406.9452,482.8081,567.4387
load_26,2013-07-26 04:00:00,502.8,485.45215,141,5,409.28918,485.45215,568.8446
load_26,2013-07-26 05:00:00,470.1,490.0072,141,6,413.43506,490.0072,575.1323
load_26,2013-07-26 06:00:00,441.3,488.0863,141,7,405.864,488.0863,577.7999
load_26,2013-07-26 07:00:00,478.5,517.0637,141,8,426.56445,517.0637,610.9758
load_26,2013-07-26 08:00:00,588.3,650.694,141,9,531.62537,650.694,799.3606
load_26,2013-07-26 09:00:00,1082.1,1137.1597,141,10,959.9831,1137.1597,1310.3997
load_26,2013-07-26 10:00:00,2291.4,2316.038,141,11,2080.2004,2316.038,2543.9482
load_26,2013-07-26 11:00:00,3035.4,2996.3938,141,12,2793.8196,2996.3938,3148.9114
load_26,2013-07-26 12:00:00,3084.9,3033.8325,141,13,2841.6846,3033.8325,3196.849
load_26,2013-07-26 13:00:00,3096.3,3045.4204,141,14,2829.5195,3045.4204,3211.8374
load_26,2013-07-26 14:00:00,2820.9,3020.259,141,15,2831.229,3020.259,3197.8203
load_26,2013-07-26 15:00:00,2769.0,3002.602,141,16,2818.7588,3002.602,3166.314
load_26,2013-07-26 16:00:00,2797.8,3048.8518,141,17,2831.1577,3048.8518,3218.4219
load_26,2013-07-26 17:00:00,3044.4,3055.48,141,18,2861.5918,3055.48,3238.2769
load_26,2013-07-26 18:00:00,3034.2,3070.3582,141,19,2868.4783,3070.3582,3273.2139
load_26,2013-07-26 19:00:00,2993.1,3034.095,141,20,2781.8584,3034.095,3256.5881
load_26,2013-07-26 20:00:00,2852.7,2702.9417,141,21,2320.0854,2702.9417,2962.6367
load_26,2013-07-26 21:00:00,1879.8,1514.9773,141,22,1207.8625,1514.9773,1835.2096
load_26,2013-07-26 22:00:00,1126.8,1055.534,141,23,847.36365,1055.534,1329.9103
load_26,2013-07-26 23:00:00,792.6,679.3942,141,24,539.1062,679.3942,862.8919
load_26,2013-07-29 00:00:00,457.5,521.0991,142,1,437.906,521.0991,594.02026
load_26,2013-07-29 01:00:00,460.2,477.96582,142,2,400.68213,477.96582,564.6542
load_26,2013-07-29 02:00:00,412.5,471.68555,142,3,396.38293,471.68555,539.4669
load_26,2013-07-29 03:00:00,386.4,448.88086,142,4,383.69812,448.88086,520.5647
load_26,2013-07-29 04:00:00,386.7,439.5747,142,5,374.5984,439.5747,510.55066
load_26,2013-07-29 05:00:00,385.8,450.23474,142,6,382.55615,450.23474,515.3655
load_26,2013-07-29 06:00:00,401.7,459.1151,142,7,389.01746,459.1151,530.8766
load_26,2013-07-29 07:00:00,465.9,497.54565,142,8,421.57275,497.54565,578.7506
load_26,2013-07-29 08:00:00,578.1,608.8214,142,9,512.73474,608.8214,729.8404
load_26,2013-07-29 09:00:00,942.0,1080.3816,142,10,914.4269,1080.3816,1235.8802
load_26,2013-07-29 10:00:00,1621.2,2327.5989,142,11,2088.3843,2327.5989,2532.7354
load_26,2013-07-29 11:00:00,1914.6,2997.3784,142,12,2795.208,2997.3784,3132.0007
load_26,2013-07-29 12:00:00,1955.1,3042.3215,142,13,2848.9023,3042.3215,3186.5562
load_26,2013-07-29 13:00:00,1715.1,3035.8271,142,14,2814.1624,3035.8271,3182.7075
load_26,2013-07-29 14:00:00,1418.4,2976.0793,142,15,2794.6323,2976.0793,3142.692
load_26,2013-07-29 15:00:00,1304.7,2954.1294,142,16,2761.0962,2954.1294,3104.8848
load_26,2013-07-29 16:00:00,1303.5,2983.5933,142,17,2729.4307,2983.5933,3136.2915
load_26,2013-07-29 17:00:00,1300.5,2997.9897,142,18,2803.4355,2997.9897,3159.5312
load_26,2013-07-29 18:00:00,1319.4,3000.7087,142,19,2796.5132,3000.7087,3180.9312
load_26,2013-07-29 19:00:00,1281.9,2978.474,142,20,2706.8008,2978.474,3172.7212
load_26,2013-07-29 20:00:00,1263.9,2681.422,142,21,2305.6199,2681.422,2908.599
load_26,2013-07-29 21:00:00,1186.5,1559.3489,142,22,1252.7048,1559.3489,1839.0797
load_26,2013-07-29 22:00:00,1033.8,1062.1195,142,23,854.9942,1062.1195,1305.5127
load_26,2013-07-29 23:00:00,770.4,704.7542,142,24,564.19556,704.7542,886.38043
load_26,2013-07-30 00:00:00,480.6,485.6106,143,1,435.54492,485.6106,531.1058
load_26,2013-07-30 01:00:00,462.9,458.49182,143,2,405.06287,458.49182,507.4867
load_26,2013-07-30 02:00:00,430.5,450.68457,143,3,395.0509,450.68457,488.578
load_26,2013-07-30 03:00:00,396.3,441.10645,143,4,393.60535,441.10645,488.60144
load_26,2013-07-30 04:00:00,427.5,434.22168,143,5,387.13098,434.22168,482.56482
load_26,2013-07-30 05:00:00,423.9,439.44885,143,6,390.34875,439.44885,483.19226
load_26,2013-07-30 06:00:00,414.6,453.18555,143,7,404.29456,453.18555,496.86145
load_26,2013-07-30 07:00:00,485.7,467.40906,143,8,414.33496,467.40906,529.9091
load_26,2013-07-30 08:00:00,1369.5,533.7186,143,9,451.74756,533.7186,637.64343
load_26,2013-07-30 09:00:00,1797.9,886.9948,143,10,637.0232,886.9948,1112.4519
load_26,2013-07-30 10:00:00,2445.6,1759.0786,143,11,1150.2092,1759.0786,2197.9375
load_26,2013-07-30 11:00:00,2998.8,2372.7012,143,12,1434.82,2372.7012,2886.457
load_26,2013-07-30 12:00:00,3042.3,2400.4238,143,13,1431.2855,2400.4238,2951.9692
load_26,2013-07-30 13:00:00,2985.0,2404.4355,143,14,1476.9476,2404.4355,2945.7324
load_26,2013-07-30 14:00:00,2627.4,2304.87,143,15,1404.8125,2304.87,2892.9956
load_26,2013-07-30 15:00:00,2583.3,2255.8438,143,16,1383.226,2255.8438,2869.2695
load_26,2013-07-30 16:00:00,2682.0,2328.6921,143,17,1357.8165,2328.6921,2888.3955
load_26,2013-07-30 17:00:00,3005.7,2398.4248,143,18,1343.7076,2398.4248,2981.4956
load_26,2013-07-30 18:00:00,3017.1,2445.5615,143,19,1372.6012,2445.5615,3051.5693
load_26,2013-07-30 19:00:00,2909.1,2450.5344,143,20,1306.7372,2450.5344,3027.975
load_26,2013-07-30 20:00:00,2487.6,2127.2034,143,21,1173.9089,2127.2034,2798.1746
load_26,2013-07-30 21:00:00,1339.8,1332.0901,143,22,825.65436,1332.0901,1825.8495
load_26,2013-07-30 22:00:00,1067.4,948.16187,143,23,670.7521,948.16187,1272.2786
load_26,2013-07-30 23:00:00,816.0,655.20355,143,24,501.27917,655.20355,787.9583
load_26,2013-07-31 00:00:00,469.2,544.8354,144,1,461.19995,544.8354,583.43536
load_26,2013-07-31 01:00:00,448.8,489.06445,144,2,414.84338,489.06445,564.89
load_26,2013-07-31 02:00:00,432.6,467.89172,144,3,390.13232,467.89172,534.139
load_26,2013-07-31 03:00:00,398.7,440.43665,144,4,372.58337,440.43665,518.8044
load_26,2013-07-31 04:00:00,425.4,437.1471,144,5,366.94373,437.1471,519.4778
load_26,2013-07-31 05:00:00,462.9,445.0724,144,6,371.28564,445.0724,523.29944
load_26,2013-07-31 06:00:00,432.6,455.21533,144,7,381.5365,455.21533,542.28186
load_26,2013-07-31 07:00:00,466.5,525.32556,144,8,426.5193,525.32556,617.8526
load_26,2013-07-31 08:00:00,1191.3,709.00665,144,9,553.9652,709.00665,883.7057
load_26,2013-07-31 09:00:00,1876.8,1151.4818,144,10,884.4489,1151.4818,1406.4796
load_26,2013-07-31 10:00:00,2382.9,2205.232,144,11,1821.3441,2205.232,2516.1934
load_26,2013-07-31 11:00:00,2956.8,2873.7842,144,12,2431.792,2873.7842,3123.8608
load_26,2013-07-31 12:00:00,3077.7,2902.0068,144,13,2433.9458,2902.0068,3168.225
load_26,2013-07-31 13:00:00,3026.7,2887.3218,144,14,2418.7192,2887.3218,3160.873
load_26,2013-07-31 14:00:00,2687.1,2747.9766,144,15,2234.0088,2747.9766,3070.958
load_26,2013-07-31 15:00:00,2640.3,2733.8638,144,16,2205.8877,2733.8638,3021.2808
load_26,2013-07-31 16:00:00,2665.2,2739.761,144,17,2240.564,2739.761,3038.4707
load_26,2013-07-31 17:00:00,3006.9,2851.5576,144,18,2375.0933,2851.5576,3146.0498
load_26,2013-07-31 18:00:00,3110.4,2859.8918,144,19,2352.414,2859.8918,3176.8357
load_26,2013-07-31 19:00:00,3079.2,2809.5059,144,20,2288.515,2809.5059,3149.8857
load_26,2013-07-31 20:00:00,2539.5,2390.047,144,21,1865.5752,2390.047,2748.7285
load_26,2013-07-31 21:00:00,1365.6,1307.3864,144,22,979.3734,1307.3864,1612.1548
load_26,2013-07-31 22:00:00,1038.9,1001.021,144,23,788.9476,1001.021,1235.8365
load_26,2013-07-31 23:00:00,800.1,745.1002,144,24,603.7544,745.1002,911.6692
load_26,2013-08-01 00:00:00,506.1,493.8125,145,1,435.65076,493.8125,556.05536
load_26,2013-08-01 01:00:00,479.1,462.69495,145,2,403.9591,462.69495,523.8427
load_26,2013-08-01 02:00:00,438.6,437.82385,145,3,379.79272,437.82385,485.52747
load_26,2013-08-01 03:00:00,411.0,420.2202,145,4,371.5912,420.2202,469.5448
load_26,2013-08-01 04:00:00,428.4,416.47754,145,5,361.80664,416.47754,474.96448
load_26,2013-08-01 05:00:00,417.6,425.03418,145,6,366.7721,425.03418,480.24622
load_26,2013-08-01 06:00:00,421.5,426.95398,145,7,366.86768,426.95398,492.43823
load_26,2013-08-01 07:00:00,490.8,460.32764,145,8,389.85632,460.32764,560.20984
load_26,2013-08-01 08:00:00,1279.8,938.877,145,9,717.001,938.877,1219.9106
load_26,2013-08-01 09:00:00,1705.5,1510.4722,145,10,1171.8223,1510.4722,1809.4629
load_26,2013-08-01 10:00:00,2291.7,2341.7014,145,11,2000.5251,2341.7014,2611.4194
load_26,2013-08-01 11:00:00,2864.4,2913.0513,145,12,2618.1177,2913.0513,3124.2563
load_26,2013-08-01 12:00:00,3070.5,2956.9697,145,13,2666.3018,2956.9697,3182.0078
load_26,2013-08-01 13:00:00,3025.8,2932.2476,145,14,2597.332,2932.2476,3151.3296
load_26,2013-08-01 14:00:00,2765.4,2723.1921,145,15,2372.6743,2723.1921,2978.0347
load_26,2013-08-01 15:00:00,2710.5,2714.0903,145,16,2385.8823,2714.0903,2955.6177
load_26,2013-08-01 16:00:00,2725.2,2737.7236,145,17,2376.3582,2737.7236,2950.6948
load_26,2013-08-01 17:00:00,2992.2,2907.4663,145,18,2598.041,2907.4663,3137.245
load_26,2013-08-01 18:00:00,3107.1,2949.2676,145,19,2638.0981,2949.2676,3202.3784
load_26,2013-08-01 19:00:00,3057.6,2914.6667,145,20,2508.23,2914.6667,3190.2158
load_26,2013-08-01 20:00:00,2508.3,2552.8884,145,21,2082.998,2552.8884,2829.195
load_26,2013-08-01 21:00:00,1344.3,1422.6077,145,22,1124.3094,1422.6077,1670.3109
load_26,2013-08-01 22:00:00,1097.1,1079.1737,145,23,881.89526,1079.1737,1276.0898
load_26,2013-08-01 23:00:00,808.5,806.53516,145,24,656.38025,806.53516,983.77246
load_26,2013-08-02 00:00:00,475.5,521.2001,146,1,463.0531,521.2001,569.8162
load_26,2013-08-02 01:00:00,483.3,478.81616,146,2,417.36804,478.81616,539.1771
load_26,2013-08-02 02:00:00,450.0,453.7141,146,3,389.771,453.7141,503.72278
load_26,2013-08-02 03:00:00,416.4,437.5155,146,4,381.17896,437.5155,491.4662
load_26,2013-08-02 04:00:00,457.2,432.83667,146,5,372.65906,432.83667,494.6621
load_26,2013-08-02 05:00:00,447.0,443.26013,146,6,378.35767,443.26013,502.5028
load_26,2013-08-02 06:00:00,439.8,444.8197,146,7,378.29736,444.8197,518.1812
load_26,2013-08-02 07:00:00,477.6,510.4336,146,8,414.36047,510.4336,608.9483
load_26,2013-08-02 08:00:00,1362.9,1070.5326,146,9,787.32825,1070.5326,1323.8961
load_26,2013-08-02 09:00:00,1656.6,1617.505,146,10,1201.6694,1617.505,1897.8718
load_26,2013-08-02 10:00:00,2221.2,2229.8164,146,11,1827.4391,2229.8164,2502.4968
load_26,2013-08-02 11:00:00,2916.6,2799.7822,146,12,2306.4114,2799.7822,3018.503
load_26,2013-08-02 12:00:00,3093.0,2878.1455,146,13,2412.9297,2878.1455,3115.306
load_26,2013-08-02 13:00:00,3016.2,2861.6187,146,14,2419.2102,2861.6187,3096.025
load_26,2013-08-02 14:00:00,2758.5,2622.0117,146,15,2166.1172,2622.0117,2883.5693
load_26,2013-08-02 15:00:00,2725.8,2558.9897,146,16,2098.4316,2558.9897,2842.6548
load_26,2013-08-02 16:00:00,2767.8,2628.836,146,17,2125.3787,2628.836,2887.0762
load_26,2013-08-02 17:00:00,3054.0,2865.3555,146,18,2360.9011,2865.3555,3107.0317
load_26,2013-08-02 18:00:00,3165.3,2891.1301,146,19,2315.4133,2891.1301,3163.7139
load_26,2013-08-02 19:00:00,3105.6,2861.9543,146,20,2262.7578,2861.9543,3157.9731
load_26,2013-08-02 20:00:00,2864.1,2482.7256,146,21,1839.4897,2482.7256,2798.0315
load_26,2013-08-02 21:00:00,1687.8,1388.9829,146,22,1018.0021,1388.9829,1667.708
load_26,2013-08-02 22:00:00,1145.7,1072.8489,146,23,826.1467,1072.8489,1287.9818
load_26,2013-08-02 23:00:00,807.0,794.2397,146,24,629.0734,794.2397,961.9811
load_26,2013-08-05 00:00:00,531.9,494.80127,147,1,435.24072,494.80127,550.02576
load_26,2013-08-05 01:00:00,547.8,460.55457,147,2,400.62634,460.55457,516.6179
load_26,2013-08-05 02:00:00,522.9,432.56042,147,3,375.35425,432.56042,473.69727
load_26,2013-08-05 03:00:00,488.4,413.21753,147,4,366.05774,413.21753,455.7567
load_26,2013-08-05 04:00:00,495.0,406.9469,147,5,353.9131,406.9469,461.34412
load_26,2013-08-05 05:00:00,491.4,426.21484,147,6,370.72083,426.21484,476.25293
load_26,2013-08-05 06:00:00,507.6,430.40295,147,7,375.05237,430.40295,494.64465
load_26,2013-08-05 07:00:00,569.4,472.98938,147,8,401.85864,472.98938,566.46826
load_26,2013-08-05 08:00:00,1208.4,1129.7434,147,9,879.38153,1129.7434,1376.8044
load_26,2013-08-05 09:00:00,1771.5,1567.8593,147,10,1240.1492,1567.8593,1824.3638
load_26,2013-08-05 10:00:00,2286.0,2218.5222,147,11,1891.8965,2218.5222,2461.4602
load_26,2013-08-05 11:00:00,2941.5,2802.6772,147,12,2377.866,2802.6772,2998.4324
load_26,2013-08-05 12:00:00,3102.3,2886.916,147,13,2478.2864,2886.916,3095.5962
load_26,2013-08-05 13:00:00,3037.8,2873.2275,147,14,2482.765,2873.2275,3082.1587
load_26,2013-08-05 14:00:00,2732.7,2630.6218,147,15,2226.5186,2630.6218,2869.9502
load_26,2013-08-05 15:00:00,2698.5,2582.7505,147,16,2159.7134,2582.7505,2841.837
load_26,2013-08-05 16:00:00,2704.8,2657.2798,147,17,2182.3293,2657.2798,2896.9517
load_26,2013-08-05 17:00:00,2979.6,2877.7322,147,18,2407.1592,2877.7322,3094.4646
load_26,2013-08-05 18:00:00,3030.3,2900.6313,147,19,2381.3086,2900.6313,3140.6387
load_26,2013-08-05 19:00:00,3018.6,2870.7803,147,20,2342.74,2870.7803,3122.7603
load_26,2013-08-05 20:00:00,2572.8,2529.2107,147,21,1956.7887,2529.2107,2791.309
load_26,2013-08-05 21:00:00,1338.0,1435.0061,147,22,1125.7782,1435.0061,1652.8206
load_26,2013-08-05 22:00:00,1059.9,1089.5393,147,23,899.9505,1089.5393,1261.3647
load_26,2013-08-05 23:00:00,737.4,809.6393,147,24,674.4092,809.6393,957.0206
load_26,2013-08-06 00:00:00,454.5,501.55847,148,1,447.32153,501.55847,553.6948
load_26,2013-08-06 01:00:00,455.4,486.6034,148,2,430.48352,486.6034,539.9801
load_26,2013-08-06 02:00:00,433.2,463.82056,148,3,406.8545,463.82056,503.06213
load_26,2013-08-06 03:00:00,397.8,450.58203,148,4,403.66614,450.58203,490.6471
load_26,2013-08-06 04:00:00,416.1,449.94092,148,5,400.87646,449.94092,496.3142
load_26,2013-08-06 05:00:00,423.9,468.54553,148,6,418.5686,468.54553,512.01624
load_26,2013-08-06 06:00:00,408.9,471.61755,148,7,423.15112,471.61755,526.53613
load_26,2013-08-06 07:00:00,466.8,521.9971,148,8,456.7755,521.9971,591.2825
load_26,2013-08-06 08:00:00,1291.2,1245.8943,148,9,1032.4735,1245.8943,1424.5828
load_26,2013-08-06 09:00:00,1719.9,1732.9589,148,10,1484.4778,1732.9589,1916.2363
load_26,2013-08-06 10:00:00,2208.0,2248.0303,148,11,1991.5939,2248.0303,2432.5264
load_26,2013-08-06 11:00:00,2900.4,2872.0767,148,12,2597.6401,2872.0767,3001.7344
load_26,2013-08-06 12:00:00,3046.2,2965.9658,148,13,2716.499,2965.9658,3107.48
load_26,2013-08-06 13:00:00,2990.4,2949.9585,148,14,2650.2456,2949.9585,3095.4072
load_26,2013-08-06 14:00:00,2712.9,2704.523,148,15,2392.7979,2704.523,2873.062
load_26,2013-08-06 15:00:00,2680.2,2669.4038,148,16,2358.7935,2669.4038,2863.5103
load_26,2013-08-06 16:00:00,2688.9,2704.587,148,17,2353.522,2704.587,2881.3862
load_26,2013-08-06 17:00:00,2975.7,2924.3218,148,18,2632.9192,2924.3218,3079.2598
load_26,2013-08-06 18:00:00,3100.5,2946.439,148,19,2633.4685,2946.439,3119.667
load_26,2013-08-06 19:00:00,3057.0,2933.1323,148,20,2526.1934,2933.1323,3117.6938
load_26,2013-08-06 20:00:00,2690.4,2589.0046,148,21,2127.3772,2589.0046,2790.231
load_26,2013-08-06 21:00:00,1344.3,1438.9047,148,22,1167.8129,1438.9047,1623.377
load_26,2013-08-06 22:00:00,1065.3,1105.3772,148,23,941.349,1105.3772,1253.1604
load_26,2013-08-06 23:00:00,753.0,813.3855,148,24,697.1725,813.3855,939.2345
load_26,2013-08-07 00:00:00,497.7,502.85168,149,1,444.75952,502.85168,563.68726
load_26,2013-08-07 01:00:00,482.7,478.73425,149,2,420.1194,478.73425,537.16943
load_26,2013-08-07 02:00:00,452.7,452.8651,149,3,392.5056,452.8651,491.8506
load_26,2013-08-07 03:00:00,402.9,440.20227,149,4,391.27173,440.20227,481.4734
load_26,2013-08-07 04:00:00,411.6,439.213,149,5,392.26245,439.213,479.5985
load_26,2013-08-07 05:00:00,404.7,456.94482,149,6,410.5902,456.94482,495.2224
load_26,2013-08-07 06:00:00,438.9,454.98364,149,7,408.3125,454.98364,494.62866
load_26,2013-08-07 07:00:00,482.1,493.0802,149,8,440.26636,493.0802,543.24475
load_26,2013-08-07 08:00:00,1322.1,1236.1768,149,9,1079.012,1236.1768,1334.8091
load_26,2013-08-07 09:00:00,1666.8,1698.2722,149,10,1549.4885,1698.2722,1808.2522
load_26,2013-08-07 10:00:00,2217.6,2218.6477,149,11,2024.7034,2218.6477,2343.5967
load_26,2013-08-07 11:00:00,3005.4,2850.7046,149,12,2643.5059,2850.7046,2957.9526
load_26,2013-08-07 12:00:00,3097.2,2949.919,149,13,2737.0234,2949.919,3066.7954
load_26,2013-08-07 13:00:00,3062.7,2938.9714,149,14,2684.9224,2938.9714,3064.5186
load_26,2013-08-07 14:00:00,2749.2,2664.8691,149,15,2403.3352,2664.8691,2806.523
load_26,2013-08-07 15:00:00,2731.5,2606.4097,149,16,2327.8655,2606.4097,2792.1792
load_26,2013-08-07 16:00:00,2744.1,2655.4902,149,17,2355.3984,2655.4902,2817.4468
load_26,2013-08-07 17:00:00,3030.3,2891.261,149,18,2656.3562,2891.261,3033.4834
load_26,2013-08-07 18:00:00,3102.9,2929.306,149,19,2685.0156,2929.306,3090.0522
load_26,2013-08-07 19:00:00,3077.1,2908.2183,149,20,2575.0664,2908.2183,3069.787
load_26,2013-08-07 20:00:00,2718.0,2554.4739,149,21,2194.523,2554.4739,2723.968
load_26,2013-08-07 21:00:00,1396.5,1364.5491,149,22,1164.7378,1364.5491,1489.4169
load_26,2013-08-07 22:00:00,1146.6,1085.6722,149,23,958.95184,1085.6722,1209.2389
load_26,2013-08-07 23:00:00,852.9,799.9518,149,24,701.5248,799.9518,912.08124
load_26,2013-08-08 00:00:00,523.5,520.56494,150,1,461.0348,520.56494,592.06714
load_26,2013-08-08 01:00:00,514.8,489.62622,150,2,426.7954,489.62622,552.82056
load_26,2013-08-08 02:00:00,486.9,455.38257,150,3,388.16528,455.38257,498.4547
load_26,2013-08-08 03:00:00,429.0,433.5857,150,4,373.4568,433.5857,477.57104
load_26,2013-08-08 04:00:00,430.2,437.57312,150,5,386.09216,437.57312,479.07092
load_26,2013-08-08 05:00:00,423.0,454.25366,150,6,401.92114,454.25366,495.849
load_26,2013-08-08 06:00:00,452.1,451.07275,150,7,395.27527,451.07275,491.9032
load_26,2013-08-08 07:00:00,489.3,490.6068,150,8,432.0039,490.6068,544.0647
load_26,2013-08-08 08:00:00,1356.0,1319.109,150,9,1213.8323,1319.109,1392.9365
load_26,2013-08-08 09:00:00,1782.3,1747.0723,150,10,1671.1172,1747.0723,1835.259
load_26,2013-08-08 10:00:00,2283.9,2255.0806,150,11,2159.561,2255.0806,2346.595
load_26,2013-08-08 11:00:00,2956.2,2948.8657,150,12,2843.7617,2948.8657,3031.6128
load_26,2013-08-08 12:00:00,3092.7,3043.521,150,13,2957.5583,3043.521,3131.0789
load_26,2013-08-08 13:00:00,3051.0,3023.3225,150,14,2933.7886,3023.3225,3111.0835
load_26,2013-08-08 14:00:00,2694.0,2747.9622,150,15,2625.2754,2747.9622,2841.3457
load_26,2013-08-08 15:00:00,2655.6,2711.5605,150,16,2600.371,2711.5605,2827.4595
load_26,2013-08-08 16:00:00,2768.1,2743.5283,150,17,2632.333,2743.5283,2858.6472
load_26,2013-08-08 17:00:00,3025.2,2991.5654,150,18,2892.026,2991.5654,3093.191
load_26,2013-08-08 18:00:00,3093.9,3044.696,150,19,2945.1584,3044.696,3150.224
load_26,2013-08-08 19:00:00,3067.2,3026.3997,150,20,2928.6072,3026.3997,3124.3303
load_26,2013-08-08 20:00:00,2613.6,2685.6755,150,21,2545.247,2685.6755,2810.6597
load_26,2013-08-08 21:00:00,1352.4,1414.0675,150,22,1302.2491,1414.0675,1519.4204
load_26,2013-08-08 22:00:00,1110.0,1099.7301,150,23,1029.7437,1099.7301,1212.3048
load_26,2013-08-08 23:00:00,885.3,803.85443,150,24,742.4124,803.85443,908.2966
load_26,2013-08-09 00:00:00,520.5,520.4966,151,1,462.62964,520.4966,591.245
load_26,2013-08-09 01:00:00,527.1,488.96545,151,2,427.69897,488.96545,551.7451
load_26,2013-08-09 02:00:00,467.1,453.25244,151,3,388.29065,453.25244,495.8109
load_26,2013-08-09 03:00:00,413.1,433.28943,151,4,374.57996,433.28943,477.25293
load_26,2013-08-09 04:00:00,401.7,435.36304,151,5,385.9994,435.36304,478.4037
load_26,2013-08-09 05:00:00,400.5,449.59473,151,6,399.8213,449.59473,490.55383
load_26,2013-08-09 06:00:00,400.8,458.3833,151,7,404.89197,458.3833,502.34485
load_26,2013-08-09 07:00:00,464.1,500.15503,151,8,441.44495,500.15503,552.5154
load_26,2013-08-09 08:00:00,627.9,1304.2632,151,9,1197.8926,1304.2632,1380.6564
load_26,2013-08-09 09:00:00,1820.1,1703.1234,151,10,1631.4253,1703.1234,1788.136
load_26,2013-08-09 10:00:00,2308.5,2211.1973,151,11,2116.3374,2211.1973,2295.9783
load_26,2013-08-09 11:00:00,3081.9,2916.3855,151,12,2816.3154,2916.3855,2998.884
load_26,2013-08-09 12:00:00,3138.6,3014.8403,151,13,2929.3218,3014.8403,3095.9717
load_26,2013-08-09 13:00:00,3117.6,3006.0342,151,14,2916.8013,3006.0342,3089.2708
load_26,2013-08-09 14:00:00,2795.4,2716.4502,151,15,2598.7334,2716.4502,2810.2573
load_26,2013-08-09 15:00:00,2766.0,2688.4724,151,16,2578.8228,2688.4724,2802.0054
load_26,2013-08-09 16:00:00,2881.5,2733.1028,151,17,2617.6597,2733.1028,2846.2983
load_26,2013-08-09 17:00:00,3119.1,2976.7324,151,18,2874.763,2976.7324,3074.853
load_26,2013-08-09 18:00:00,3141.6,3033.5781,151,19,2932.3203,3033.5781,3135.5107
load_26,2013-08-09 19:00:00,3111.0,3028.5918,151,20,2926.7131,3028.5918,3125.0234
load_26,2013-08-09 20:00:00,3057.6,2675.6387,151,21,2520.6753,2675.6387,2802.354
load_26,2013-08-09 21:00:00,1857.9,1405.749,151,22,1275.7709,1405.749,1519.8673
load_26,2013-08-09 22:00:00,1177.2,1091.9663,151,23,1007.1603,1091.9663,1215.4829
load_26,2013-08-09 23:00:00,869.4,799.94885,151,24,730.26685,799.94885,909.18634
load_26,2013-08-12 00:00:00,482.7,557.73926,152,1,477.07898,557.73926,617.0846
load_26,2013-08-12 01:00:00,475.5,511.29102,152,2,438.94507,511.29102,586.4542
load_26,2013-08-12 02:00:00,449.7,470.07764,152,3,395.18152,470.07764,523.5155
load_26,2013-08-12 03:00:00,412.5,441.59338,152,4,373.72266,441.59338,496.1449
load_26,2013-08-12 04:00:00,428.1,444.44617,152,5,382.35913,444.44617,499.88232
load_26,2013-08-12 05:00:00,441.0,445.46338,152,6,382.29688,445.46338,496.74988
load_26,2013-08-12 06:00:00,422.7,454.2589,152,7,390.1123,454.2589,511.6577
load_26,2013-08-12 07:00:00,483.9,492.86597,152,8,423.3202,492.86597,564.7418
load_26,2013-08-12 08:00:00,1379.1,1241.636,152,9,1101.6138,1241.636,1388.1638
load_26,2013-08-12 09:00:00,1834.2,1772.7736,152,10,1661.9839,1772.7736,1905.169
load_26,2013-08-12 10:00:00,2272.5,2269.0403,152,11,2133.407,2269.0403,2398.0059
load_26,2013-08-12 11:00:00,2835.3,2978.4355,152,12,2839.3154,2978.4355,3078.7415
load_26,2013-08-12 12:00:00,3032.1,3063.1953,152,13,2944.288,3063.1953,3174.2993
load_26,2013-08-12 13:00:00,2923.2,3040.1118,152,14,2917.304,3040.1118,3151.376
load_26,2013-08-12 14:00:00,2634.6,2779.037,152,15,2616.3848,2779.037,2906.6973
load_26,2013-08-12 15:00:00,2540.1,2743.7354,152,16,2598.8958,2743.7354,2895.52
load_26,2013-08-12 16:00:00,2633.7,2809.2834,152,17,2651.2373,2809.2834,2966.2402
load_26,2013-08-12 17:00:00,2892.9,3008.9058,152,18,2869.3044,3008.9058,3142.1125
load_26,2013-08-12 18:00:00,3048.3,3054.1338,152,19,2912.7112,3054.1338,3195.4546
load_26,2013-08-12 19:00:00,3045.9,3048.463,152,20,2890.6,3048.463,3198.0667
load_26,2013-08-12 20:00:00,2669.1,2755.3867,152,21,2544.1145,2755.3867,2921.7605
load_26,2013-08-12 21:00:00,1308.0,1465.3232,152,22,1281.2415,1465.3232,1645.833
load_26,2013-08-12 22:00:00,1008.3,1118.5021,152,23,999.6597,1118.5021,1283.3563
load_26,2013-08-12 23:00:00,756.3,832.315,152,24,739.1571,832.315,972.41364
load_26,2013-08-13 00:00:00,513.0,488.3213,153,1,417.32776,488.3213,555.969
load_26,2013-08-13 01:00:00,497.4,468.76,153,2,402.7202,468.76,533.942
load_26,2013-08-13 02:00:00,467.7,447.46216,153,3,378.56628,447.46216,493.2439
load_26,2013-08-13 03:00:00,432.9,425.109,153,4,362.9619,425.109,471.8269
load_26,2013-08-13 04:00:00,458.4,429.66504,153,5,372.21558,429.66504,476.05823
load_26,2013-08-13 05:00:00,458.4,434.81323,153,6,376.66638,434.81323,478.0276
load_26,2013-08-13 06:00:00,448.8,444.7096,153,7,386.64917,444.7096,493.04895
load_26,2013-08-13 07:00:00,497.7,478.93652,153,8,416.38696,478.93652,545.3219
load_26,2013-08-13 08:00:00,1069.2,1174.445,153,9,1035.1135,1174.445,1310.2076
load_26,2013-08-13 09:00:00,1682.4,1706.8785,153,10,1594.601,1706.8785,1834.7196
load_26,2013-08-13 10:00:00,2239.8,2193.882,153,11,2052.9858,2193.882,2315.1638
load_26,2013-08-13 11:00:00,2885.1,2919.436,153,12,2783.0479,2919.436,3013.0718
load_26,2013-08-13 12:00:00,2982.6,2994.7,153,13,2878.44,2994.7,3094.7236
load_26,2013-08-13 13:00:00,2963.7,2964.1194,153,14,2845.3945,2964.1194,3064.1172
load_26,2013-08-13 14:00:00,2633.7,2679.4238,153,15,2531.7864,2679.4238,2799.39
load_26,2013-08-13 15:00:00,2610.6,2644.9888,153,16,2507.8203,2644.9888,2782.8252
load_26,2013-08-13 16:00:00,2566.8,2715.6501,153,17,2570.1328,2715.6501,2852.0808
load_26,2013-08-13 17:00:00,2856.9,2958.3887,153,18,2826.4053,2958.3887,3074.0215
load_26,2013-08-13 18:00:00,3045.0,2998.3306,153,19,2866.541,2998.3306,3124.8132
load_26,2013-08-13 19:00:00,3020.1,2998.32,153,20,2848.4385,2998.32,3124.6504
load_26,2013-08-13 20:00:00,2554.2,2714.6262,153,21,2523.9092,2714.6262,2861.1802
load_26,2013-08-13 21:00:00,1348.8,1390.5654,153,22,1228.9314,1390.5654,1532.8542
load_26,2013-08-13 22:00:00,1065.3,1043.8865,153,23,942.3367,1043.8865,1183.7058
load_26,2013-08-13 23:00:00,769.2,768.09705,153,24,685.06116,768.09705,894.9248
load_26,2013-08-14 00:00:00,475.2,498.08057,154,1,432.84827,498.08057,566.4767
load_26,2013-08-14 01:00:00,456.0,471.2638,154,2,407.35828,471.2638,534.64526
load_26,2013-08-14 02:00:00,419.7,440.23694,154,3,372.98376,440.23694,482.28174
load_26,2013-08-14 03:00:00,383.7,411.781,154,4,350.0924,411.781,455.03223
load_26,2013-08-14 04:00:00,391.8,422.05444,154,5,369.5332,422.05444,463.78992
load_26,2013-08-14 05:00:00,383.7,424.96472,154,6,371.91638,424.96472,465.09302
load_26,2013-08-14 06:00:00,380.4,429.19153,154,7,374.53845,429.19153,469.0797
load_26,2013-08-14 07:00:00,399.0,461.66016,154,8,405.07654,461.66016,516.14453
load_26,2013-08-14 08:00:00,1284.9,1216.0483,154,9,1098.2217,1216.0483,1309.9755
load_26,2013-08-14 09:00:00,1533.0,1712.9022,154,10,1628.5726,1712.9022,1807.029
load_26,2013-08-14 10:00:00,1626.9,2182.726,154,11,2076.0762,2182.726,2275.204
load_26,2013-08-14 11:00:00,2462.4,2868.5205,154,12,2756.979,2868.5205,2960.417
load_26,2013-08-14 12:00:00,2563.2,2965.9375,154,13,2865.0215,2965.9375,3057.3206
load_26,2013-08-14 13:00:00,2503.2,2950.4438,154,14,2848.0142,2950.4438,3045.2922
load_26,2013-08-14 14:00:00,2226.6,2645.218,154,15,2518.8499,2645.218,2758.6138
load_26,2013-08-14 15:00:00,2186.4,2607.6096,154,16,2483.9604,2607.6096,2742.3823
load_26,2013-08-14 16:00:00,2200.8,2657.9888,154,17,2521.065,2657.9888,2787.1912
load_26,2013-08-14 17:00:00,2479.2,2922.1624,154,18,2800.833,2922.1624,3034.4983
load_26,2013-08-14 18:00:00,2526.3,2976.7803,154,19,2857.9492,2976.7803,3098.7715
load_26,2013-08-14 19:00:00,2525.7,2991.7642,154,20,2868.0933,2991.7642,3113.7197
load_26,2013-08-14 20:00:00,1921.8,2661.3276,154,21,2491.871,2661.3276,2800.5693
load_26,2013-08-14 21:00:00,701.1,1352.9465,154,22,1218.926,1352.9465,1480.3075
load_26,2013-08-14 22:00:00,535.5,1049.3982,154,23,961.22314,1049.3982,1175.611
load_26,2013-08-14 23:00:00,482.7,776.855,154,24,704.5365,776.855,891.3031
load_26,2013-08-16 00:00:00,522.6,423.04272,155,1,340.43774,423.04272,498.75122
load_26,2013-08-16 01:00:00,507.3,418.84717,155,2,326.13477,418.84717,501.7472
load_26,2013-08-16 02:00:00,480.9,408.33325,155,3,317.51428,408.33325,484.15637
load_26,2013-08-16 03:00:00,486.9,391.86084,155,4,304.5182,391.86084,475.84448
load_26,2013-08-16 04:00:00,490.8,393.05933,155,5,300.38745,393.05933,479.78967
load_26,2013-08-16 05:00:00,478.2,405.66248,155,6,302.27698,405.66248,496.42725
load_26,2013-08-16 06:00:00,483.3,407.56226,155,7,301.81372,407.56226,514.1427
load_26,2013-08-16 07:00:00,483.0,424.99548,155,8,305.87195,424.99548,553.32996
load_26,2013-08-16 08:00:00,1287.0,892.02686,155,9,607.07996,892.02686,1194.6147
load_26,2013-08-16 09:00:00,1791.3,1402.4537,155,10,988.9313,1402.4537,1742.2323
load_26,2013-08-16 10:00:00,2252.1,1731.5435,155,11,1260.1656,1731.5435,2086.379
load_26,2013-08-16 11:00:00,2967.6,2487.423,155,12,1955.3275,2487.423,2816.3184
load_26,2013-08-16 12:00:00,3063.9,2558.6777,155,13,1998.9209,2558.6777,2876.1538
load_26,2013-08-16 13:00:00,3033.9,2542.5486,155,14,2056.7344,2542.5486,2870.5361
load_26,2013-08-16 14:00:00,2731.5,2259.962,155,15,1790.6199,2259.962,2597.8774
load_26,2013-08-16 15:00:00,2699.7,2232.6855,155,16,1759.232,2232.6855,2566.0542
load_26,2013-08-16 16:00:00,2683.8,2290.3484,155,17,1826.8286,2290.3484,2601.787
load_26,2013-08-16 17:00:00,3002.7,2546.785,155,18,2027.6262,2546.785,2873.6055
load_26,2013-08-16 18:00:00,3072.0,2610.8435,155,19,2021.2499,2610.8435,2957.815
load_26,2013-08-16 19:00:00,3041.4,2600.5188,155,20,2033.8846,2600.5188,2966.2861
load_26,2013-08-16 20:00:00,2986.8,2231.4136,155,21,1614.3494,2231.4136,2646.246
load_26,2013-08-16 21:00:00,1674.9,1018.00616,155,22,678.39526,1018.00616,1409.6897
load_26,2013-08-16 22:00:00,1091.7,763.2371,155,23,545.6332,763.2371,1067.5264
load_26,2013-08-16 23:00:00,781.8,597.3762,155,24,448.42578,597.3762,779.8375
load_26,2013-08-19 00:00:00,559.2,498.41223,156,1,430.91846,498.41223,563.942
load_26,2013-08-19 01:00:00,548.1,476.80237,156,2,411.76453,476.80237,542.64233
load_26,2013-08-19 02:00:00,588.9,452.95337,156,3,383.22925,452.95337,504.45703
load_26,2013-08-19 03:00:00,576.3,428.261,156,4,368.12256,428.261,481.61658
load_26,2013-08-19 04:00:00,579.3,429.97473,156,5,369.47778,429.97473,486.42603
load_26,2013-08-19 05:00:00,545.4,431.8291,156,6,370.93127,431.8291,483.53296
load_26,2013-08-19 06:00:00,539.4,429.94702,156,7,368.5487,429.94702,492.7151
load_26,2013-08-19 07:00:00,518.1,459.0575,156,8,387.27686,459.0575,539.2091
load_26,2013-08-19 08:00:00,1185.0,1230.1625,156,9,1031.1543,1230.1625,1417.6165
load_26,2013-08-19 09:00:00,1719.9,1757.6252,156,10,1562.8298,1757.6252,1925.3639
load_26,2013-08-19 10:00:00,2194.2,2173.4307,156,11,1952.3884,2173.4307,2359.122
load_26,2013-08-19 11:00:00,2955.3,2857.072,156,12,2633.2354,2857.072,3017.5232
load_26,2013-08-19 12:00:00,3036.6,2944.4814,156,13,2723.812,2944.4814,3117.6326
load_26,2013-08-19 13:00:00,3000.6,2919.561,156,14,2659.9543,2919.561,3095.5938
load_26,2013-08-19 14:00:00,2723.4,2654.8948,156,15,2400.8662,2654.8948,2853.3662
load_26,2013-08-19 15:00:00,2664.3,2598.6606,156,16,2350.186,2598.6606,2826.77
load_26,2013-08-19 16:00:00,2647.5,2661.7104,156,17,2370.8167,2661.7104,2860.9858
load_26,2013-08-19 17:00:00,2986.5,2925.2246,156,18,2699.1553,2925.2246,3098.683
load_26,2013-08-19 18:00:00,2991.3,2958.7744,156,19,2733.0354,2958.7744,3152.3499
load_26,2013-08-19 19:00:00,2992.5,2966.2107,156,20,2644.041,2966.2107,3189.501
load_26,2013-08-19 20:00:00,2442.9,2708.4805,156,21,2312.7332,2708.4805,2949.3286
load_26,2013-08-19 21:00:00,1245.9,1400.2114,156,22,1129.7354,1400.2114,1629.5964
load_26,2013-08-19 22:00:00,876.0,1014.5683,156,23,839.4952,1014.5683,1206.2502
load_26,2013-08-19 23:00:00,540.3,770.0805,156,24,647.37976,770.0805,925.68304
load_26,2013-08-20 00:00:00,490.2,479.3496,157,1,397.06543,479.3496,555.1144
load_26,2013-08-20 01:00:00,512.1,457.46643,157,2,376.64526,457.46643,534.5702
load_26,2013-08-20 02:00:00,506.4,439.0172,157,3,352.6687,439.0172,504.06946
load_26,2013-08-20 03:00:00,525.6,417.0713,157,4,339.37854,417.0713,487.7621
load_26,2013-08-20 04:00:00,528.9,426.4016,157,5,348.71228,426.4016,499.5614
load_26,2013-08-20 05:00:00,516.9,426.15857,157,6,346.72998,426.15857,495.7129
load_26,2013-08-20 06:00:00,493.5,427.4596,157,7,346.36462,427.4596,503.09033
load_26,2013-08-20 07:00:00,466.2,450.026,157,8,364.20728,450.026,541.1301
load_26,2013-08-20 08:00:00,553.5,1067.0667,157,9,896.0734,1067.0667,1224.0322
load_26,2013-08-20 09:00:00,1635.9,1639.6306,157,10,1442.8124,1639.6306,1804.4695
load_26,2013-08-20 10:00:00,2208.6,2102.2744,157,11,1874.3041,2102.2744,2271.426
load_26,2013-08-20 11:00:00,2908.2,2821.787,157,12,2588.126,2821.787,2965.6025
load_26,2013-08-20 12:00:00,3002.1,2903.4478,157,13,2671.1199,2903.4478,3059.9065
load_26,2013-08-20 13:00:00,2681.1,2884.5835,157,14,2622.3057,2884.5835,3045.0186
load_26,2013-08-20 14:00:00,2610.3,2607.1938,157,15,2362.2058,2607.1938,2785.8613
load_26,2013-08-20 15:00:00,2545.8,2555.4688,157,16,2322.248,2555.4688,2758.3452
load_26,2013-08-20 16:00:00,2616.0,2611.4312,157,17,2327.0703,2611.4312,2795.3196
load_26,2013-08-20 17:00:00,2670.6,2879.999,157,18,2655.2832,2879.999,3042.331
load_26,2013-08-20 18:00:00,2970.6,2902.1958,157,19,2670.9822,2902.1958,3086.0007
load_26,2013-08-20 19:00:00,2995.5,2910.1492,157,20,2587.3157,2910.1492,3106.5872
load_26,2013-08-20 20:00:00,2492.4,2607.5615,157,21,2222.2124,2607.5615,2829.9863
load_26,2013-08-20 21:00:00,1302.9,1297.7657,157,22,1061.4431,1297.7657,1491.2538
load_26,2013-08-20 22:00:00,925.2,945.2564,157,23,780.8263,945.2564,1113.7292
load_26,2013-08-20 23:00:00,562.2,697.4428,157,24,575.011,697.4428,831.038
load_26,2013-08-21 00:00:00,489.9,457.67114,158,1,395.21545,457.67114,521.2157
load_26,2013-08-21 01:00:00,485.1,442.14465,158,2,376.79004,442.14465,505.938
load_26,2013-08-21 02:00:00,461.4,440.45447,158,3,372.0415,440.45447,494.49927
load_26,2013-08-21 03:00:00,426.6,425.01074,158,4,365.92297,425.01074,484.94507
load_26,2013-08-21 04:00:00,419.7,429.69324,158,5,368.11792,429.69324,490.38867
load_26,2013-08-21 05:00:00,413.1,433.38098,158,6,366.4093,433.38098,495.88562
load_26,2013-08-21 06:00:00,414.9,431.93152,158,7,365.15088,431.93152,504.26196
load_26,2013-08-21 07:00:00,476.1,439.92908,158,8,361.9851,439.92908,529.91113
load_26,2013-08-21 08:00:00,1166.7,1004.16907,158,9,800.80994,1004.16907,1241.079
load_26,2013-08-21 09:00:00,1729.2,1614.6587,158,10,1364.8773,1614.6587,1848.824
load_26,2013-08-21 10:00:00,2210.7,2001.8784,158,11,1748.2023,2001.8784,2226.6252
load_26,2013-08-21 11:00:00,2644.2,2730.057,158,12,2460.015,2730.057,2932.7273
load_26,2013-08-21 12:00:00,2990.4,2810.485,158,13,2548.0776,2810.485,3021.8894
load_26,2013-08-21 13:00:00,2904.0,2754.3303,158,14,2452.4443,2754.3303,2972.0234
load_26,2013-08-21 14:00:00,2616.6,2538.3896,158,15,2250.1938,2538.3896,2772.0898
load_26,2013-08-21 15:00:00,2590.5,2489.2432,158,16,2203.518,2489.2432,2747.2195
load_26,2013-08-21 16:00:00,2658.9,2559.0522,158,17,2227.643,2559.0522,2791.6233
load_26,2013-08-21 17:00:00,2998.8,2792.13,158,18,2507.5984,2792.13,2998.898
load_26,2013-08-21 18:00:00,3036.0,2866.2427,158,19,2618.7698,2866.2427,3090.6016
load_26,2013-08-21 19:00:00,3006.3,2887.4927,158,20,2539.9453,2887.4927,3137.9543
load_26,2013-08-21 20:00:00,2522.4,2499.5737,158,21,2072.1897,2499.5737,2768.9
load_26,2013-08-21 21:00:00,1368.9,1238.3517,158,22,964.83496,1238.3517,1498.3552
load_26,2013-08-21 22:00:00,1062.0,894.9979,158,23,708.84625,894.9979,1107.6135
load_26,2013-08-21 23:00:00,651.3,637.14655,158,24,509.4862,637.14655,764.485
load_26,2013-08-22 00:00:00,587.1,509.55347,159,1,426.04492,509.55347,580.9347
load_26,2013-08-22 01:00:00,579.3,483.81824,159,2,406.41162,483.81824,564.3257
load_26,2013-08-22 02:00:00,531.9,460.8601,159,3,378.7318,460.8601,527.33704
load_26,2013-08-22 03:00:00,494.7,441.86365,159,4,367.77185,441.86365,513.6194
load_26,2013-08-22 04:00:00,510.3,444.16138,159,5,371.82288,444.16138,515.56946
load_26,2013-08-22 05:00:00,509.7,448.43103,159,6,374.114,448.43103,518.2656
load_26,2013-08-22 06:00:00,480.9,448.00513,159,7,371.7953,448.00513,527.77527
load_26,2013-08-22 07:00:00,527.4,489.27722,159,8,405.0514,489.27722,584.9259
load_26,2013-08-22 08:00:00,1090.2,1128.1261,159,9,961.1298,1128.1261,1299.9979
load_26,2013-08-22 09:00:00,1788.0,1725.5142,159,10,1557.872,1725.5142,1879.9976
load_26,2013-08-22 10:00:00,2236.2,2164.7886,159,11,1965.1613,2164.7886,2337.2163
load_26,2013-08-22 11:00:00,2824.5,2810.4463,159,12,2610.77,2810.4463,2956.0703
load_26,2013-08-22 12:00:00,3015.3,2904.01,159,13,2712.8555,2904.01,3056.378
load_26,2013-08-22 13:00:00,2982.9,2865.984,159,14,2651.1672,2865.984,3018.0513
load_26,2013-08-22 14:00:00,2726.4,2624.5203,159,15,2405.6619,2624.5203,2794.3599
load_26,2013-08-22 15:00:00,2602.5,2579.4514,159,16,2379.1843,2579.4514,2779.4543
load_26,2013-08-22 16:00:00,2606.1,2641.832,159,17,2387.9692,2641.832,2838.543
load_26,2013-08-22 17:00:00,2985.9,2869.9033,159,18,2662.314,2869.9033,3037.8042
load_26,2013-08-22 18:00:00,3084.0,2920.092,159,19,2712.0847,2920.092,3105.0117
load_26,2013-08-22 19:00:00,3073.5,2926.4863,159,20,2649.8486,2926.4863,3126.9639
load_26,2013-08-22 20:00:00,2751.3,2571.4604,159,21,2244.092,2571.4604,2784.9429
load_26,2013-08-22 21:00:00,1502.1,1305.703,159,22,1085.1172,1305.703,1496.0798
load_26,2013-08-22 22:00:00,1011.3,970.6935,159,23,811.46106,970.6935,1151.5016
load_26,2013-08-22 23:00:00,660.6,690.7961,159,24,567.5867,690.7961,835.62085
load_26,2013-08-23 00:00:00,561.6,511.5194,160,1,442.2483,511.5194,579.22
load_26,2013-08-23 01:00:00,541.5,490.8672,160,2,420.1985,490.8672,562.04297
load_26,2013-08-23 02:00:00,515.1,476.83447,160,3,400.406,476.83447,539.1437
load_26,2013-08-23 03:00:00,494.1,459.17615,160,4,389.73242,459.17615,530.0962
load_26,2013-08-23 04:00:00,529.2,463.02295,160,5,392.32703,463.02295,538.74744
load_26,2013-08-23 05:00:00,514.5,464.84412,160,6,390.2113,464.84412,537.84827
load_26,2013-08-23 06:00:00,492.9,458.57214,160,7,382.28198,458.57214,544.787
load_26,2013-08-23 07:00:00,496.8,478.46033,160,8,392.48523,478.46033,581.8528
load_26,2013-08-23 08:00:00,873.9,1112.5261,160,9,909.85645,1112.5261,1329.5967
load_26,2013-08-23 09:00:00,1697.7,1686.5822,160,10,1443.2268,1686.5822,1893.1375
load_26,2013-08-23 10:00:00,2231.7,2097.832,160,11,1836.3391,2097.832,2315.0942
load_26,2013-08-23 11:00:00,3014.7,2757.1362,160,12,2461.6812,2757.1362,2948.46
load_26,2013-08-23 12:00:00,3079.8,2876.4568,160,13,2606.9648,2876.4568,3073.2393
load_26,2013-08-23 13:00:00,3014.4,2848.3926,160,14,2532.1763,2848.3926,3045.9966
load_26,2013-08-23 14:00:00,2713.2,2616.01,160,15,2299.068,2616.01,2839.7751
load_26,2013-08-23 15:00:00,2655.6,2557.903,160,16,2241.768,2557.903,2803.8506
load_26,2013-08-23 16:00:00,2648.4,2587.1587,160,17,2260.366,2587.1587,2804.5083
load_26,2013-08-23 17:00:00,3066.0,2867.8032,160,18,2611.906,2867.8032,3044.3608
load_26,2013-08-23 18:00:00,3095.1,2901.9976,160,19,2656.416,2901.9976,3097.3857
load_26,2013-08-23 19:00:00,3069.9,2911.7278,160,20,2563.6997,2911.7278,3128.7886
load_26,2013-08-23 20:00:00,3000.0,2566.9883,160,21,2137.0266,2566.9883,2805.704
load_26,2013-08-23 21:00:00,1673.7,1302.1553,160,22,1026.3745,1302.1553,1538.8383
load_26,2013-08-23 22:00:00,1002.3,901.0762,160,23,714.91266,901.0762,1107.8469
load_26,2013-08-23 23:00:00,612.9,638.77936,160,24,504.46716,638.77936,764.64795
load_26,2013-08-26 00:00:00,477.3,548.0482,161,1,465.75085,548.0482,616.3152
load_26,2013-08-26 01:00:00,468.3,512.5698,161,2,435.96887,512.5698,593.85876
load_26,2013-08-26 02:00:00,436.8,502.2096,161,3,421.01,502.2096,568.98315
load_26,2013-08-26 03:00:00,399.0,482.55627,161,4,409.65564,482.55627,557.9397
load_26,2013-08-26 04:00:00,422.1,487.22803,161,5,411.13367,487.22803,567.98755
load_26,2013-08-26 05:00:00,431.1,492.91785,161,6,414.15247,492.91785,573.16614
load_26,2013-08-26 06:00:00,430.5,490.4735,161,7,409.30005,490.4735,584.6211
load_26,2013-08-26 07:00:00,468.9,501.0786,161,8,412.0652,501.0786,609.5343
load_26,2013-08-26 08:00:00,1076.7,988.1514,161,9,782.9876,988.1514,1205.3718
load_26,2013-08-26 09:00:00,1642.2,1706.2195,161,10,1440.3677,1706.2195,1940.5824
load_26,2013-08-26 10:00:00,2102.4,2180.601,161,11,1908.9855,2180.601,2413.223
load_26,2013-08-26 11:00:00,2805.6,2867.2605,161,12,2589.5686,2867.2605,3050.2632
load_26,2013-08-26 12:00:00,2914.8,2941.4468,161,13,2673.7493,2941.4468,3140.3286
load_26,2013-08-26 13:00:00,2871.3,2894.1255,161,14,2585.98,2894.1255,3089.9497
load_26,2013-08-26 14:00:00,2668.8,2664.001,161,15,2363.2954,2664.001,2883.1865
load_26,2013-08-26 15:00:00,2638.2,2598.2627,161,16,2301.225,2598.2627,2845.256
load_26,2013-08-26 16:00:00,2671.5,2659.5254,161,17,2298.7012,2659.5254,2898.6318
load_26,2013-08-26 17:00:00,2896.8,2905.9404,161,18,2609.3145,2905.9404,3111.9712
load_26,2013-08-26 18:00:00,2895.3,2933.356,161,19,2648.2473,2933.356,3159.7822
load_26,2013-08-26 19:00:00,2893.5,2948.0151,161,20,2546.7407,2948.0151,3205.1772
load_26,2013-08-26 20:00:00,2406.3,2675.0657,161,21,2176.313,2675.0657,2960.347
load_26,2013-08-26 21:00:00,1271.4,1394.0299,161,22,1077.5505,1394.0299,1671.2482
load_26,2013-08-26 22:00:00,897.3,946.31396,161,23,746.3004,946.31396,1172.1025
load_26,2013-08-26 23:00:00,592.5,667.31085,161,24,523.08435,667.31085,797.68866
load_26,2013-08-27 00:00:00,498.9,490.4193,162,1,414.35742,490.4193,563.03894
load_26,2013-08-27 01:00:00,489.6,467.82922,162,2,394.76453,467.82922,541.8822
load_26,2013-08-27 02:00:00,456.6,462.84094,162,3,386.42896,462.84094,521.094
load_26,2013-08-27 03:00:00,414.0,446.2881,162,4,376.74097,446.2881,511.8025
load_26,2013-08-27 04:00:00,443.1,453.1731,162,5,383.6422,453.1731,520.64136
load_26,2013-08-27 05:00:00,448.2,451.6455,162,6,380.0028,451.6455,514.35535
load_26,2013-08-27 06:00:00,447.3,444.84998,162,7,372.22888,444.84998,512.8191
load_26,2013-08-27 07:00:00,470.7,458.00598,162,8,379.64697,458.00598,535.88635
load_26,2013-08-27 08:00:00,742.5,948.83905,162,9,798.722,948.83905,1064.1462
load_26,2013-08-27 09:00:00,1729.8,1632.5096,162,10,1486.8389,1632.5096,1793.1287
load_26,2013-08-27 10:00:00,2073.0,2123.2546,162,11,1948.6925,2123.2546,2274.8057
load_26,2013-08-27 11:00:00,2719.8,2782.0552,162,12,2606.0388,2782.0552,2931.4932
load_26,2013-08-27 12:00:00,2914.8,2890.535,162,13,2718.7383,2890.535,3037.8127
load_26,2013-08-27 13:00:00,2942.1,2844.75,162,14,2653.7522,2844.75,2991.4976
load_26,2013-08-27 14:00:00,2638.8,2590.1768,162,15,2395.807,2590.1768,2753.5537
load_26,2013-08-27 15:00:00,2616.6,2531.693,162,16,2349.5654,2531.693,2723.6
load_26,2013-08-27 16:00:00,2616.3,2590.8406,162,17,2371.167,2590.8406,2769.447
load_26,2013-08-27 17:00:00,2763.0,2849.8755,162,18,2666.4475,2849.8755,3001.3477
load_26,2013-08-27 18:00:00,2854.2,2880.7446,162,19,2705.0188,2880.7446,3051.2373
load_26,2013-08-27 19:00:00,2841.6,2903.4448,162,20,2675.5461,2903.4448,3085.5015
load_26,2013-08-27 20:00:00,2436.0,2561.4778,162,21,2275.8745,2561.4778,2762.9429
load_26,2013-08-27 21:00:00,1271.7,1312.0083,162,22,1118.4476,1312.0083,1481.573
load_26,2013-08-27 22:00:00,921.6,889.8692,162,23,760.61285,889.8692,1050.4683
load_26,2013-08-27 23:00:00,537.3,601.21826,162,24,499.64502,601.21826,707.04584
load_26,2013-08-28 00:00:00,454.5,492.35437,163,1,416.6139,492.35437,563.23987
load_26,2013-08-28 01:00:00,450.9,463.45557,163,2,392.8628,463.45557,536.7312
load_26,2013-08-28 02:00:00,424.2,449.38342,163,3,373.88257,449.38342,505.45764
load_26,2013-08-28 03:00:00,377.1,426.07385,163,4,356.18994,426.07385,486.7672
load_26,2013-08-28 04:00:00,381.9,435.3418,163,5,368.26624,435.3418,499.54932
load_26,2013-08-28 05:00:00,373.5,447.87463,163,6,378.63733,447.87463,508.8396
load_26,2013-08-28 06:00:00,371.1,438.86462,163,7,366.81152,438.86462,505.29822
load_26,2013-08-28 07:00:00,407.7,460.11,163,8,386.15173,460.11,539.6821
load_26,2013-08-28 08:00:00,786.0,901.97107,163,9,768.24426,901.97107,1010.44995
load_26,2013-08-28 09:00:00,1262.4,1674.8558,163,10,1538.9641,1674.8558,1816.4298
load_26,2013-08-28 10:00:00,1543.8,2099.1729,163,11,1936.8771,2099.1729,2247.5693
load_26,2013-08-28 11:00:00,2137.5,2739.4658,163,12,2578.083,2739.4658,2885.666
load_26,2013-08-28 12:00:00,2561.1,2852.285,163,13,2698.7998,2852.285,2991.961
load_26,2013-08-28 13:00:00,2467.5,2832.7686,163,14,2664.4512,2832.7686,2971.0735
load_26,2013-08-28 14:00:00,2160.9,2601.456,163,15,2417.0125,2601.456,2751.2378
load_26,2013-08-28 15:00:00,2134.2,2555.4277,163,16,2389.3096,2555.4277,2735.4976
load_26,2013-08-28 16:00:00,2121.3,2605.8135,163,17,2422.5166,2605.8135,2775.0244
load_26,2013-08-28 17:00:00,2406.6,2812.8064,163,18,2650.5352,2812.8064,2958.232
load_26,2013-08-28 18:00:00,2503.2,2842.295,163,19,2681.7776,2842.295,3006.7886
load_26,2013-08-28 19:00:00,2459.4,2867.336,163,20,2671.8784,2867.336,3039.5723
load_26,2013-08-28 20:00:00,1969.2,2486.1372,163,21,2259.0806,2486.1372,2668.2715
load_26,2013-08-28 21:00:00,841.8,1283.1783,163,22,1120.9341,1283.1783,1431.5515
load_26,2013-08-28 22:00:00,653.7,901.1097,163,23,793.37445,901.1097,1046.175
load_26,2013-08-28 23:00:00,527.7,598.99146,163,24,510.0719,598.99146,700.0409
load_26,2013-08-29 00:00:00,463.5,454.46973,164,1,391.2201,454.46973,518.3473
load_26,2013-08-29 01:00:00,494.1,438.8639,164,2,371.5454,438.8639,508.61646
load_26,2013-08-29 02:00:00,483.0,426.46106,164,3,356.95044,426.46106,487.76257
load_26,2013-08-29 03:00:00,422.1,406.1725,164,4,341.77466,406.1725,476.86914
load_26,2013-08-29 04:00:00,426.6,407.0813,164,5,341.6809,407.0813,482.3252
load_26,2013-08-29 05:00:00,426.0,424.13025,164,6,350.07117,424.13025,503.05115
load_26,2013-08-29 06:00:00,402.3,413.443,164,7,337.63025,413.443,502.49377
load_26,2013-08-29 07:00:00,449.7,426.59155,164,8,342.73608,426.59155,534.9983
load_26,2013-08-29 08:00:00,1303.8,698.01746,164,9,530.28564,698.01746,892.2108
load_26,2013-08-29 09:00:00,1723.8,1330.519,164,10,995.598,1330.519,1630.8986
load_26,2013-08-29 10:00:00,2101.2,1676.6545,164,11,1274.915,1676.6545,2027.3351
load_26,2013-08-29 11:00:00,2848.8,2289.3623,164,12,1821.511,2289.3623,2653.438
load_26,2013-08-29 12:00:00,3066.9,2492.0295,164,13,1995.2657,2492.0295,2817.7705
load_26,2013-08-29 13:00:00,3018.0,2470.5862,164,14,2026.5979,2470.5862,2809.1794
load_26,2013-08-29 14:00:00,2674.5,2219.8735,164,15,1806.7446,2219.8735,2554.3936
load_26,2013-08-29 15:00:00,2654.7,2189.9985,164,16,1765.2565,2189.9985,2527.4878
load_26,2013-08-29 16:00:00,2676.3,2231.1082,164,17,1812.8953,2231.1082,2550.2798
load_26,2013-08-29 17:00:00,3024.9,2463.166,164,18,2010.9762,2463.166,2798.4175
load_26,2013-08-29 18:00:00,3065.1,2525.4382,164,19,2031.7867,2525.4382,2870.112
load_26,2013-08-29 19:00:00,3072.6,2535.4624,164,20,2058.5603,2535.4624,2885.9448
load_26,2013-08-29 20:00:00,2485.5,2155.8042,164,21,1685.4911,2155.8042,2529.858
load_26,2013-08-29 21:00:00,1328.1,1043.6895,164,22,751.22095,1043.6895,1350.124
load_26,2013-08-29 22:00:00,885.9,741.46844,164,23,568.4879,741.46844,988.23285
load_26,2013-08-29 23:00:00,535.5,536.5941,164,24,428.45593,536.5941,667.76764
load_26,2013-08-30 00:00:00,421.5,491.98938,165,1,431.68726,491.98938,548.537
load_26,2013-08-30 01:00:00,452.1,475.91907,165,2,417.0923,475.91907,533.53296
load_26,2013-08-30 02:00:00,439.5,459.6864,165,3,394.27917,459.6864,506.27588
load_26,2013-08-30 03:00:00,402.3,430.9796,165,4,373.01575,430.9796,480.26013
load_26,2013-08-30 04:00:00,431.4,443.10852,165,5,385.75305,443.10852,497.3744
load_26,2013-08-30 05:00:00,431.1,442.75647,165,6,383.8147,442.75647,493.08374
load_26,2013-08-30 06:00:00,430.5,438.88318,165,7,375.8761,438.88318,497.29285
load_26,2013-08-30 07:00:00,455.1,475.18835,165,8,404.0288,475.18835,551.4658
load_26,2013-08-30 08:00:00,1066.2,1017.089,165,9,870.54205,1017.089,1184.6688
load_26,2013-08-30 09:00:00,1564.5,1689.3627,165,10,1530.6973,1689.3627,1845.913
load_26,2013-08-30 10:00:00,2181.9,2107.835,165,11,1908.7122,2107.835,2283.3818
load_26,2013-08-30 11:00:00,2618.7,2779.0186,165,12,2571.1206,2779.0186,2953.4287
load_26,2013-08-30 12:00:00,2844.3,2909.0576,165,13,2706.2024,2909.0576,3083.4744
load_26,2013-08-30 13:00:00,2859.3,2890.3252,165,14,2652.4497,2890.3252,3070.124
load_26,2013-08-30 14:00:00,2699.4,2661.183,165,15,2421.5022,2661.183,2859.0671
load_26,2013-08-30 15:00:00,2675.1,2617.3772,165,16,2395.554,2617.3772,2835.6401
load_26,2013-08-30 16:00:00,2656.8,2641.7305,165,17,2370.3232,2641.7305,2850.361
load_26,2013-08-30 17:00:00,2875.5,2910.1338,165,18,2698.5786,2910.1338,3111.812
load_26,2013-08-30 18:00:00,2903.4,2940.666,165,19,2721.5972,2940.666,3161.363
load_26,2013-08-30 19:00:00,2898.0,2950.0605,165,20,2656.1538,2950.0605,3197.3054
load_26,2013-08-30 20:00:00,2826.6,2583.1606,165,21,2234.4116,2583.1606,2827.0684
load_26,2013-08-30 21:00:00,1654.5,1331.7693,165,22,1105.1624,1331.7693,1528.3649
load_26,2013-08-30 22:00:00,1045.5,895.88654,165,23,761.4346,895.88654,1065.6709
load_26,2013-08-30 23:00:00,582.6,615.5488,165,24,520.4669,615.5488,706.4633
load_26,2013-09-02 00:00:00,417.0,471.64087,166,1,397.17932,471.64087,538.29675
load_26,2013-09-02 01:00:00,434.1,447.20764,166,2,377.51843,447.20764,518.15027
load_26,2013-09-02 02:00:00,408.0,423.67773,166,3,349.78906,423.67773,478.78076
load_26,2013-09-02 03:00:00,373.2,401.5343,166,4,337.54504,401.5343,457.39246
load_26,2013-09-02 04:00:00,396.3,413.61584,166,5,347.49207,413.61584,479.2196
load_26,2013-09-02 05:00:00,400.2,419.6178,166,6,350.69507,419.6178,478.95312
load_26,2013-09-02 06:00:00,398.7,422.3391,166,7,351.42676,422.3391,491.4298
load_26,2013-09-02 07:00:00,443.4,452.65283,166,8,376.86035,452.65283,535.65576
load_26,2013-09-02 08:00:00,538.2,907.0856,166,9,752.54926,907.0856,1026.819
load_26,2013-09-02 09:00:00,916.8,1603.2041,166,10,1416.0056,1603.2041,1785.7694
load_26,2013-09-02 10:00:00,2279.1,2044.7238,166,11,1823.7021,2044.7238,2239.6162
load_26,2013-09-02 11:00:00,2729.1,2700.775,166,12,2453.901,2700.775,2893.1982
load_26,2013-09-02 12:00:00,2767.5,2834.9546,166,13,2607.249,2834.9546,3017.994
load_26,2013-09-02 13:00:00,2732.1,2836.0522,166,14,2580.997,2836.0522,3022.3423
load_26,2013-09-02 14:00:00,2709.6,2615.2612,166,15,2371.6582,2615.2612,2812.6536
load_26,2013-09-02 15:00:00,2689.8,2590.6426,166,16,2366.871,2590.6426,2804.0652
load_26,2013-09-02 16:00:00,2722.5,2612.934,166,17,2334.5361,2612.934,2818.4116
load_26,2013-09-02 17:00:00,2705.4,2825.4033,166,18,2606.6912,2825.4033,3010.6035
load_26,2013-09-02 18:00:00,2709.3,2837.6807,166,19,2609.4912,2837.6807,3042.081
load_26,2013-09-02 19:00:00,2676.6,2844.8232,166,20,2538.6685,2844.8232,3065.2622
load_26,2013-09-02 20:00:00,2358.9,2544.5625,166,21,2176.2463,2544.5625,2777.5327
load_26,2013-09-02 21:00:00,1159.8,1348.8741,166,22,1100.341,1348.8741,1564.3192
load_26,2013-09-02 22:00:00,880.2,910.7709,166,23,752.48517,910.7709,1100.1177
load_26,2013-09-02 23:00:00,518.7,595.2938,166,24,481.97083,595.2938,702.80426
load_26,2013-09-03 00:00:00,416.1,437.8169,167,1,381.7942,437.8169,487.63647
load_26,2013-09-03 01:00:00,437.7,424.23413,167,2,369.32922,424.23413,476.90173
load_26,2013-09-03 02:00:00,417.0,410.568,167,3,351.06543,410.568,452.62463
load_26,2013-09-03 03:00:00,374.4,392.70776,167,4,340.68225,392.70776,440.07043
load_26,2013-09-03 04:00:00,396.6,399.48206,167,5,343.1953,399.48206,456.56653
load_26,2013-09-03 05:00:00,430.8,400.65417,167,6,338.93738,400.65417,454.6648
load_26,2013-09-03 06:00:00,416.7,399.3778,167,7,337.38184,399.3778,461.4757
load_26,2013-09-03 07:00:00,431.7,419.5901,167,8,349.15918,419.5901,504.52393
load_26,2013-09-03 08:00:00,527.1,809.9747,167,9,614.0303,809.9747,1010.33057
load_26,2013-09-03 09:00:00,900.0,1377.9622,167,10,1069.1323,1377.9622,1656.7126
load_26,2013-09-03 10:00:00,2242.8,1951.3911,167,11,1644.5331,1951.3911,2241.542
load_26,2013-09-03 11:00:00,2686.2,2507.2556,167,12,2138.6091,2507.2556,2785.4224
load_26,2013-09-03 12:00:00,2755.8,2679.3398,167,13,2358.0278,2679.3398,2941.542
load_26,2013-09-03 13:00:00,2730.9,2698.3425,167,14,2348.2007,2698.3425,2956.8794
load_26,2013-09-03 14:00:00,2725.8,2541.2603,167,15,2196.5378,2541.2603,2820.7002
load_26,2013-09-03 15:00:00,2688.6,2523.107,167,16,2170.302,2523.107,2791.6792
load_26,2013-09-03 16:00:00,2703.0,2541.3965,167,17,2169.6963,2541.3965,2796.257
load_26,2013-09-03 17:00:00,2683.2,2674.5845,167,18,2326.6511,2674.5845,2918.3591
load_26,2013-09-03 18:00:00,2711.1,2677.7969,167,19,2289.6519,2677.7969,2954.5693
load_26,2013-09-03 19:00:00,2633.4,2673.3208,167,20,2262.9636,2673.3208,2976.462
load_26,2013-09-03 20:00:00,2467.2,2388.463,167,21,1896.0505,2388.463,2702.4753
load_26,2013-09-03 21:00:00,1194.9,1186.1288,167,22,903.2178,1186.1288,1460.2332
load_26,2013-09-03 22:00:00,861.6,808.8808,167,23,644.933,808.8808,1018.8123
load_26,2013-09-03 23:00:00,529.5,526.3501,167,24,438.48938,526.3501,627.9548
load_26,2013-09-04 00:00:00,428.1,445.50476,168,1,392.19568,445.50476,493.87183
load_26,2013-09-04 01:00:00,448.2,426.17798,168,2,374.15454,426.17798,479.3921
load_26,2013-09-04 02:00:00,423.3,426.1161,168,3,374.1245,426.1161,467.00037
load_26,2013-09-04 03:00:00,387.0,419.63672,168,4,376.13513,419.63672,460.84094
load_26,2013-09-04 04:00:00,384.3,410.82495,168,5,360.9065,410.82495,463.276
load_26,2013-09-04 05:00:00,377.1,425.33118,168,6,368.8014,425.33118,476.90784
load_26,2013-09-04 06:00:00,378.6,429.3285,168,7,373.39917,429.3285,496.58447
load_26,2013-09-04 07:00:00,427.2,438.94543,168,8,375.2942,438.94543,527.1107
load_26,2013-09-04 08:00:00,498.9,643.32495,168,9,504.6587,643.32495,927.5873
load_26,2013-09-04 09:00:00,990.3,1228.4492,168,10,905.5498,1228.4492,1563.1945
load_26,2013-09-04 10:00:00,2151.0,2119.7817,168,11,1800.2462,2119.7817,2414.044
load_26,2013-09-04 11:00:00,2715.3,2651.4585,168,12,2360.1658,2651.4585,2849.8198
load_26,2013-09-04 12:00:00,2741.1,2716.2778,168,13,2474.066,2716.2778,2919.1382
load_26,2013-09-04 13:00:00,2727.3,2715.2012,168,14,2438.7695,2715.2012,2910.9746
load_26,2013-09-04 14:00:00,1465.5,2607.4624,168,15,2357.4202,2607.4624,2830.8967
load_26,2013-09-04 15:00:00,2681.1,2607.0906,168,16,2350.3247,2607.0906,2806.017
load_26,2013-09-04 16:00:00,2721.0,2641.1777,168,17,2319.0442,2641.1777,2834.3105
load_26,2013-09-04 17:00:00,2714.4,2695.183,168,18,2431.9487,2695.183,2884.9082
load_26,2013-09-04 18:00:00,2757.0,2697.5503,168,19,2454.0085,2697.5503,2906.2314
load_26,2013-09-04 19:00:00,2715.0,2686.1714,168,20,2360.9072,2686.1714,2908.037
load_26,2013-09-04 20:00:00,2310.9,2423.5508,168,21,2013.2993,2423.5508,2673.9736
load_26,2013-09-04 21:00:00,1235.1,1182.5743,168,22,911.438,1182.5743,1439.2123
load_26,2013-09-04 22:00:00,969.6,836.37445,168,23,666.47253,836.37445,1052.2245
load_26,2013-09-04 23:00:00,676.5,517.15186,168,24,446.5625,517.15186,622.2432
load_26,2013-09-05 00:00:00,504.9,455.35852,169,1,399.40735,455.35852,507.19824
load_26,2013-09-05 01:00:00,484.5,445.6322,169,2,385.91882,445.6322,506.7052
load_26,2013-09-05 02:00:00,422.4,429.96313,169,3,369.33423,429.96313,478.42957
load_26,2013-09-05 03:00:00,384.6,417.32288,169,4,366.67676,417.32288,469.6996
load_26,2013-09-05 04:00:00,373.8,407.72205,169,5,353.57336,407.72205,465.2135
load_26,2013-09-05 05:00:00,369.0,417.95312,169,6,360.90198,417.95312,470.99353
load_26,2013-09-05 06:00:00,373.5,415.3518,169,7,357.51746,415.3518,481.86133
load_26,2013-09-05 07:00:00,429.0,429.26648,169,8,361.46594,429.26648,523.1249
load_26,2013-09-05 08:00:00,519.9,715.6838,169,9,540.56744,715.6838,981.4062
load_26,2013-09-05 09:00:00,931.8,1256.3823,169,10,912.14746,1256.3823,1578.986
load_26,2013-09-05 10:00:00,2152.5,2165.1414,169,11,1768.4174,2165.1414,2473.8538
load_26,2013-09-05 11:00:00,2728.8,2638.148,169,12,2190.7659,2638.148,2860.1865
load_26,2013-09-05 12:00:00,2801.4,2722.5278,169,13,2371.2334,2722.5278,2957.8865
load_26,2013-09-05 13:00:00,2834.4,2739.0356,169,14,2352.8025,2739.0356,2977.028
load_26,2013-09-05 14:00:00,2776.8,2559.9985,169,15,2100.9185,2559.9985,2854.3276
load_26,2013-09-05 15:00:00,2748.0,2633.6616,169,16,2194.2144,2633.6616,2873.183
load_26,2013-09-05 16:00:00,2742.0,2654.8533,169,17,2264.29,2654.8533,2867.8872
load_26,2013-09-05 17:00:00,2726.7,2700.2573,169,18,2365.996,2700.2573,2915.724
load_26,2013-09-05 18:00:00,2754.0,2708.9355,169,19,2386.6743,2708.9355,2941.4907
load_26,2013-09-05 19:00:00,2668.2,2687.8965,169,20,2296.186,2687.8965,2942.7004
load_26,2013-09-05 20:00:00,2272.5,2438.6045,169,21,1946.6674,2438.6045,2719.566
load_26,2013-09-05 21:00:00,1220.1,1242.757,169,22,934.8782,1242.757,1514.0951
load_26,2013-09-05 22:00:00,840.3,879.5178,169,23,682.80597,879.5178,1104.9033
load_26,2013-09-05 23:00:00,522.6,568.742,169,24,461.8816,568.742,670.0397
load_26,2013-09-06 00:00:00,407.4,450.94897,170,1,399.62,450.94897,502.2893
load_26,2013-09-06 01:00:00,428.7,435.99402,170,2,383.76428,435.99402,493.76636
load_26,2013-09-06 02:00:00,396.6,421.464,170,3,368.94788,421.464,466.6637
load_26,2013-09-06 03:00:00,361.5,413.34192,170,4,368.7704,413.34192,455.7755
load_26,2013-09-06 04:00:00,384.6,402.59937,170,5,354.8164,402.59937,451.85266
load_26,2013-09-06 05:00:00,391.5,417.10767,170,6,364.74377,417.10767,462.61255
load_26,2013-09-06 06:00:00,386.1,421.71484,170,7,368.93408,421.71484,477.16492
load_26,2013-09-06 07:00:00,436.5,437.15967,170,8,381.5365,437.15967,511.8028
load_26,2013-09-06 08:00:00,530.4,611.4581,170,9,500.79443,611.4581,798.9886
load_26,2013-09-06 09:00:00,904.5,1084.8666,170,10,814.4645,1084.8666,1364.9825
load_26,2013-09-06 10:00:00,1930.5,2123.5747,170,11,1815.3279,2123.5747,2390.387
load_26,2013-09-06 11:00:00,2547.9,2654.1343,170,12,2343.5374,2654.1343,2823.4043
load_26,2013-09-06 12:00:00,2673.9,2717.586,170,13,2466.657,2717.586,2897.3372
load_26,2013-09-06 13:00:00,2767.2,2729.5913,170,14,2422.6643,2729.5913,2914.6465
load_26,2013-09-06 14:00:00,2739.9,2613.6123,170,15,2250.93,2613.6123,2839.6587
load_26,2013-09-06 15:00:00,2690.7,2655.5364,170,16,2307.8662,2655.5364,2846.352
load_26,2013-09-06 16:00:00,2709.9,2674.359,170,17,2339.5054,2674.359,2845.765
load_26,2013-09-06 17:00:00,2784.9,2698.8696,170,18,2428.214,2698.8696,2874.3274
load_26,2013-09-06 18:00:00,2826.3,2698.514,170,19,2451.8293,2698.514,2887.965
load_26,2013-09-06 19:00:00,2603.1,2685.8982,170,20,2362.6248,2685.8982,2887.4766
load_26,2013-09-06 20:00:00,2486.7,2400.842,170,21,1986.3529,2400.842,2636.8252
load_26,2013-09-06 21:00:00,1454.7,1238.113,170,22,964.0783,1238.113,1497.6802
load_26,2013-09-06 22:00:00,900.6,878.8818,170,23,703.82733,878.8818,1100.4489
load_26,2013-09-06 23:00:00,546.3,571.4756,170,24,474.8053,571.4756,676.82465
load_26,2013-09-09 00:00:00,403.5,433.53784,171,1,380.74597,433.53784,486.52527
load_26,2013-09-09 01:00:00,429.6,414.208,171,2,361.28894,414.208,470.8777
load_26,2013-09-09 02:00:00,403.2,409.81018,171,3,358.68115,409.81018,450.53784
load_26,2013-09-09 03:00:00,365.7,406.43616,171,4,363.87,406.43616,446.73938
load_26,2013-09-09 04:00:00,387.6,395.94482,171,5,350.54077,395.94482,442.92285
load_26,2013-09-09 05:00:00,391.8,409.03735,171,6,360.01807,409.03735,452.01648
load_26,2013-09-09 06:00:00,397.2,414.30017,171,7,361.6709,414.30017,466.0515
load_26,2013-09-09 07:00:00,448.8,426.5713,171,8,371.984,426.5713,495.14893
load_26,2013-09-09 08:00:00,529.5,557.1366,171,9,462.86646,557.1366,728.3633
load_26,2013-09-09 09:00:00,926.4,975.867,171,10,753.9489,975.867,1224.8884
load_26,2013-09-09 10:00:00,1824.6,2115.9873,171,11,1871.8528,2115.9873,2340.8538
load_26,2013-09-09 11:00:00,2630.1,2639.873,171,12,2454.1309,2639.873,2777.2026
load_26,2013-09-09 12:00:00,2771.7,2706.7588,171,13,2534.4395,2706.7588,2845.9148
load_26,2013-09-09 13:00:00,2737.8,2728.0474,171,14,2532.9722,2728.0474,2867.3354
load_26,2013-09-09 14:00:00,2705.1,2660.856,171,15,2504.9297,2660.856,2821.2554
load_26,2013-09-09 15:00:00,2683.2,2682.4424,171,16,2530.7922,2682.4424,2820.1985
load_26,2013-09-09 16:00:00,2715.6,2701.3545,171,17,2482.218,2701.3545,2836.4585
load_26,2013-09-09 17:00:00,2713.5,2704.3096,171,18,2538.151,2704.3096,2850.8604
load_26,2013-09-09 18:00:00,2748.3,2693.3445,171,19,2525.209,2693.3445,2856.0583
load_26,2013-09-09 19:00:00,2703.9,2665.77,171,20,2439.1953,2665.77,2832.4524
load_26,2013-09-09 20:00:00,2220.6,2448.246,171,21,2155.9995,2448.246,2644.0142
load_26,2013-09-09 21:00:00,1120.2,1295.3546,171,22,1059.764,1295.3546,1514.0717
load_26,2013-09-09 22:00:00,852.9,878.04297,171,23,732.18896,878.04297,1075.6155
load_26,2013-09-09 23:00:00,530.4,552.8879,171,24,464.6869,552.8879,647.022
load_26,2013-09-10 00:00:00,443.4,427.17847,172,1,379.5625,427.17847,474.00732
load_26,2013-09-10 01:00:00,461.7,408.97583,172,2,361.70813,408.97583,459.20972
load_26,2013-09-10 02:00:00,433.5,405.41052,172,3,360.3037,405.41052,440.19702
load_26,2013-09-10 03:00:00,381.6,401.14343,172,4,363.0808,401.14343,433.34204
load_26,2013-09-10 04:00:00,384.0,394.67432,172,5,355.98315,394.67432,428.38464
load_26,2013-09-10 05:00:00,371.7,406.72375,172,6,365.3103,406.72375,439.16064
load_26,2013-09-10 06:00:00,379.5,413.17395,172,7,369.6499,413.17395,445.69836
load_26,2013-09-10 07:00:00,434.4,422.52795,172,8,383.28137,422.52795,471.11438
load_26,2013-09-10 08:00:00,517.2,506.2519,172,9,447.32422,506.2519,599.8263
load_26,2013-09-10 09:00:00,887.4,907.4608,172,10,757.13806,907.4608,1052.6383
load_26,2013-09-10 10:00:00,1878.9,2028.854,172,11,1835.8798,2028.854,2190.9216
load_26,2013-09-10 11:00:00,2733.6,2620.74,172,12,2472.5986,2620.74,2706.563
load_26,2013-09-10 12:00:00,2765.4,2682.003,172,13,2546.706,2682.003,2772.6843
load_26,2013-09-10 13:00:00,2760.3,2707.4614,172,14,2555.1519,2707.4614,2801.9243
load_26,2013-09-10 14:00:00,2780.4,2650.4692,172,15,2529.9932,2650.4692,2760.3682
load_26,2013-09-10 15:00:00,2727.0,2659.288,172,16,2536.6917,2659.288,2756.1116
load_26,2013-09-10 16:00:00,2749.5,2695.722,172,17,2526.063,2695.722,2789.0269
load_26,2013-09-10 17:00:00,2748.6,2681.1597,172,18,2547.811,2681.1597,2783.7017
load_26,2013-09-10 18:00:00,2806.5,2661.4297,172,19,2524.3445,2661.4297,2781.5415
load_26,2013-09-10 19:00:00,2769.3,2630.1162,172,20,2437.5508,2630.1162,2744.0193
load_26,2013-09-10 20:00:00,2336.4,2381.4656,172,21,2114.2988,2381.4656,2534.2036
load_26,2013-09-10 21:00:00,1110.3,1247.3579,172,22,1041.456,1247.3579,1436.1948
load_26,2013-09-10 22:00:00,789.3,859.3574,172,23,734.8307,859.3574,1032.4342
load_26,2013-09-10 23:00:00,516.9,545.0561,172,24,470.00793,545.0561,619.57526
load_26,2013-09-11 00:00:00,402.6,437.44617,173,1,385.48828,437.44617,487.04047
load_26,2013-09-11 01:00:00,423.3,417.73328,173,2,369.3429,417.73328,467.667
load_26,2013-09-11 02:00:00,406.5,415.48926,173,3,367.3191,415.48926,451.2932
load_26,2013-09-11 03:00:00,365.7,406.39856,173,4,365.04968,406.39856,439.63647
load_26,2013-09-11 04:00:00,388.2,394.96716,173,5,354.2157,394.96716,430.60217
load_26,2013-09-11 05:00:00,392.1,408.00134,173,6,364.78833,408.00134,439.1416
load_26,2013-09-11 06:00:00,378.0,412.87622,173,7,367.00964,412.87622,444.93433
load_26,2013-09-11 07:00:00,436.5,419.1338,173,8,379.6327,419.1338,467.4972
load_26,2013-09-11 08:00:00,533.1,499.06805,173,9,449.00183,499.06805,578.94995
load_26,2013-09-11 09:00:00,892.8,877.7708,173,10,729.98755,877.7708,1015.94904
load_26,2013-09-11 10:00:00,1865.1,1992.3605,173,11,1786.47,1992.3605,2162.8887
load_26,2013-09-11 11:00:00,2502.6,2650.4019,173,12,2491.07,2650.4019,2722.5889
load_26,2013-09-11 12:00:00,2553.0,2694.6394,173,13,2548.0835,2694.6394,2772.8674
load_26,2013-09-11 13:00:00,2553.6,2711.7332,173,14,2546.3093,2711.7332,2792.8525
load_26,2013-09-11 14:00:00,2575.5,2679.1533,173,15,2545.6006,2679.1533,2764.268
load_26,2013-09-11 15:00:00,2681.1,2680.0913,173,16,2553.58,2680.0913,2762.8662
load_26,2013-09-11 16:00:00,2705.1,2713.5347,173,17,2529.104,2713.5347,2788.8486
load_26,2013-09-11 17:00:00,2699.4,2697.3499,173,18,2565.016,2697.3499,2782.064
load_26,2013-09-11 18:00:00,2686.5,2675.2852,173,19,2532.2559,2675.2852,2777.4397
load_26,2013-09-11 19:00:00,2633.7,2645.8462,173,20,2431.4053,2645.8462,2742.336
load_26,2013-09-11 20:00:00,2287.2,2327.285,173,21,2036.7673,2327.285,2489.9084
load_26,2013-09-11 21:00:00,1274.1,1180.9576,173,22,980.08795,1180.9576,1356.841
load_26,2013-09-11 22:00:00,999.0,822.3505,173,23,693.76697,822.3505,986.967
load_26,2013-09-11 23:00:00,582.9,536.31726,173,24,465.8949,536.31726,605.95557
load_26,2013-09-12 00:00:00,454.2,431.17944,174,1,382.9939,431.17944,479.79468
load_26,2013-09-12 01:00:00,462.9,410.35388,174,2,363.69287,410.35388,461.4541
load_26,2013-09-12 02:00:00,447.9,410.31873,174,3,364.55798,410.31873,446.5454
load_26,2013-09-12 03:00:00,410.7,395.2622,174,4,356.88928,395.2622,428.09985
load_26,2013-09-12 04:00:00,420.6,390.24768,174,5,351.47302,390.24768,424.5912
load_26,2013-09-12 05:00:00,419.4,402.50867,174,6,361.4652,402.50867,432.25037
load_26,2013-09-12 06:00:00,393.9,408.6659,174,7,365.79504,408.6659,438.93738
load_26,2013-09-12 07:00:00,456.6,415.4502,174,8,378.62878,415.4502,462.59583
load_26,2013-09-12 08:00:00,543.3,504.59357,174,9,453.3955,504.59357,577.7723
load_26,2013-09-12 09:00:00,916.8,876.80164,174,10,750.8559,876.80164,992.10504
load_26,2013-09-12 10:00:00,1773.3,1915.3918,174,11,1736.7882,1915.3918,2059.7158
load_26,2013-09-12 11:00:00,2604.3,2612.9734,174,12,2460.6,2612.9734,2688.377
load_26,2013-09-12 12:00:00,2657.7,2664.1787,174,13,2521.6396,2664.1787,2747.6304
load_26,2013-09-12 13:00:00,2745.6,2681.2632,174,14,2513.8428,2681.2632,2769.7712
load_26,2013-09-12 14:00:00,2740.5,2681.1084,174,15,2553.3901,2681.1084,2770.1306
load_26,2013-09-12 15:00:00,2704.5,2672.9912,174,16,2558.7239,2672.9912,2761.8545
load_26,2013-09-12 16:00:00,2708.4,2704.5571,174,17,2544.657,2704.5571,2784.854
load_26,2013-09-12 17:00:00,2746.5,2691.226,174,18,2564.5247,2691.226,2782.967
load_26,2013-09-12 18:00:00,2782.8,2677.0923,174,19,2543.8862,2677.0923,2782.5876
load_26,2013-09-12 19:00:00,2733.6,2641.2646,174,20,2449.121,2641.2646,2741.5874
load_26,2013-09-12 20:00:00,2374.8,2363.0474,174,21,2104.407,2363.0474,2502.6565
load_26,2013-09-12 21:00:00,1175.1,1249.2319,174,22,1051.9797,1249.2319,1408.5332
load_26,2013-09-12 22:00:00,854.4,876.53564,174,23,752.7327,876.53564,1037.1748
load_26,2013-09-12 23:00:00,542.1,555.67194,174,24,475.26245,555.67194,630.4225
load_26,2013-09-13 00:00:00,440.4,434.16882,175,1,386.87695,434.16882,479.45007
load_26,2013-09-13 01:00:00,474.6,411.09045,175,2,367.4668,411.09045,458.06714
load_26,2013-09-13 02:00:00,447.3,412.8285,175,3,367.50977,412.8285,446.2528
load_26,2013-09-13 03:00:00,412.2,395.00354,175,4,355.99707,395.00354,425.75854
load_26,2013-09-13 04:00:00,418.5,393.8573,175,5,356.21045,393.8573,424.97363
load_26,2013-09-13 05:00:00,413.4,404.00488,175,6,364.75793,404.00488,429.9026
load_26,2013-09-13 06:00:00,397.2,410.59705,175,7,369.24243,410.59705,435.18872
load_26,2013-09-13 07:00:00,450.6,417.84167,175,8,381.6344,417.84167,458.88147
load_26,2013-09-13 08:00:00,542.7,506.5738,175,9,457.65442,506.5738,564.5102
load_26,2013-09-13 09:00:00,900.6,873.5353,175,10,763.5411,873.5353,970.1795
load_26,2013-09-13 10:00:00,1998.6,1849.8677,175,11,1687.6172,1849.8677,1981.2664
load_26,2013-09-13 11:00:00,2808.3,2574.2383,175,12,2425.011,2574.2383,2657.4702
load_26,2013-09-13 12:00:00,2862.0,2639.1846,175,13,2491.0984,2639.1846,2727.0076
load_26,2013-09-13 13:00:00,2846.7,2658.447,175,14,2486.326,2658.447,2752.1895
load_26,2013-09-13 14:00:00,2831.4,2660.6577,175,15,2527.0906,2660.6577,2756.1233
load_26,2013-09-13 15:00:00,2804.4,2642.9536,175,16,2513.5295,2642.9536,2739.3472
load_26,2013-09-13 16:00:00,2835.9,2688.5093,175,17,2507.0303,2688.5093,2779.9766
load_26,2013-09-13 17:00:00,2845.8,2675.9004,175,18,2538.0803,2675.9004,2779.3643
load_26,2013-09-13 18:00:00,2895.9,2660.685,175,19,2512.6516,2660.685,2780.1946
load_26,2013-09-13 19:00:00,2839.2,2630.624,175,20,2419.4033,2630.624,2744.4592
load_26,2013-09-13 20:00:00,2757.0,2338.6929,175,21,2062.2988,2338.6929,2493.6868
load_26,2013-09-13 21:00:00,1636.5,1221.2227,175,22,1027.714,1221.2227,1379.208
load_26,2013-09-13 22:00:00,956.4,854.2125,175,23,734.80634,854.2125,1007.8849
load_26,2013-09-13 23:00:00,591.3,550.6303,175,24,474.45038,550.6303,620.262
load_26,2013-09-16 00:00:00,481.5,454.02698,176,1,398.0564,454.02698,509.56097
load_26,2013-09-16 01:00:00,521.1,431.33777,176,2,380.90698,431.33777,487.60767
load_26,2013-09-16 02:00:00,526.8,430.27966,176,3,376.42993,430.27966,470.18115
load_26,2013-09-16 03:00:00,476.4,404.10974,176,4,355.55164,404.10974,444.64624
load_26,2013-09-16 04:00:00,465.9,408.6178,176,5,363.20703,408.6178,450.4679
load_26,2013-09-16 05:00:00,454.2,410.88342,176,6,363.75952,410.88342,446.35046
load_26,2013-09-16 06:00:00,420.0,416.77258,176,7,364.88098,416.77258,451.94043
load_26,2013-09-16 07:00:00,438.6,441.89404,176,8,390.062,441.89404,490.10413
load_26,2013-09-16 08:00:00,530.7,532.512,176,9,472.17126,532.512,600.61707
load_26,2013-09-16 09:00:00,939.3,911.23395,176,10,824.59686,911.23395,1012.78107
load_26,2013-09-16 10:00:00,2060.7,1931.4497,176,11,1801.8512,1931.4497,2064.7632
load_26,2013-09-16 11:00:00,2615.4,2713.3257,176,12,2581.6057,2713.3257,2809.7175
load_26,2013-09-16 12:00:00,2785.5,2761.488,176,13,2645.6968,2761.488,2867.0273
load_26,2013-09-16 13:00:00,2772.0,2778.178,176,14,2659.7595,2778.178,2885.1162
load_26,2013-09-16 14:00:00,2715.0,2797.9844,176,15,2676.0017,2797.9844,2899.8354
load_26,2013-09-16 15:00:00,2724.3,2754.8984,176,16,2647.599,2754.8984,2865.0127
load_26,2013-09-16 16:00:00,2781.3,2779.9316,176,17,2642.379,2779.9316,2896.2842
load_26,2013-09-16 17:00:00,2778.9,2766.4424,176,18,2634.2688,2766.4424,2898.961
load_26,2013-09-16 18:00:00,2804.1,2767.3145,176,19,2630.854,2767.3145,2912.8965
load_26,2013-09-16 19:00:00,2744.1,2723.0415,176,20,2551.2114,2723.0415,2870.9968
load_26,2013-09-16 20:00:00,2594.7,2443.2803,176,21,2202.4717,2443.2803,2619.5012
load_26,2013-09-16 21:00:00,1752.3,1293.2885,176,22,1097.9744,1293.2885,1481.204
load_26,2013-09-16 22:00:00,924.6,881.3798,176,23,767.2195,881.3798,1050.117
load_26,2013-09-16 23:00:00,709.5,565.56726,176,24,490.81958,565.56726,652.2942
load_26,2013-09-17 00:00:00,482.1,489.60486,177,1,430.0498,489.60486,551.94836
load_26,2013-09-17 01:00:00,457.2,473.23303,177,2,410.85083,473.23303,538.2446
load_26,2013-09-17 02:00:00,445.5,462.02014,177,3,404.32568,462.02014,513.15076
load_26,2013-09-17 03:00:00,423.3,435.50757,177,4,382.3911,435.50757,489.4696
load_26,2013-09-17 04:00:00,427.2,432.4253,177,5,382.1449,432.4253,483.8423
load_26,2013-09-17 05:00:00,420.6,433.6714,177,6,382.1399,433.6714,478.8059
load_26,2013-09-17 06:00:00,408.6,432.55615,177,7,377.0658,432.55615,478.4027
load_26,2013-09-17 07:00:00,472.8,443.88757,177,8,392.20654,443.88757,503.27478
load_26,2013-09-17 08:00:00,547.2,545.8962,177,9,477.396,545.8962,631.48627
load_26,2013-09-17 09:00:00,939.0,935.65704,177,10,827.8929,935.65704,1061.6238
load_26,2013-09-17 10:00:00,2179.2,1985.2719,177,11,1827.5691,1985.2719,2144.995
load_26,2013-09-17 11:00:00,2724.0,2688.6077,177,12,2549.7588,2688.6077,2782.7095
load_26,2013-09-17 12:00:00,2761.8,2737.62,177,13,2618.561,2737.62,2840.0693
load_26,2013-09-17 13:00:00,2765.1,2749.2588,177,14,2621.185,2749.2588,2850.2036
load_26,2013-09-17 14:00:00,2751.3,2765.9194,177,15,2639.3608,2765.9194,2863.3115
load_26,2013-09-17 15:00:00,2736.3,2743.1426,177,16,2631.6025,2743.1426,2849.6191
load_26,2013-09-17 16:00:00,2757.3,2789.4382,177,17,2651.1948,2789.4382,2909.491
load_26,2013-09-17 17:00:00,2785.8,2770.0884,177,18,2633.0327,2770.0884,2898.6704
load_26,2013-09-17 18:00:00,2841.3,2764.5903,177,19,2621.6309,2764.5903,2908.105
load_26,2013-09-17 19:00:00,2802.6,2730.9373,177,20,2551.9243,2730.9373,2880.873
load_26,2013-09-17 20:00:00,2760.6,2561.2466,177,21,2273.412,2561.2466,2746.4587
load_26,2013-09-17 21:00:00,1623.0,1441.3363,177,22,1182.4031,1441.3363,1706.349
load_26,2013-09-17 22:00:00,969.0,928.1871,177,23,771.8114,928.1871,1146.1064
load_26,2013-09-17 23:00:00,711.0,617.9942,177,24,515.4789,617.9942,752.2725
load_26,2013-09-23 00:00:00,417.6,476.1914,178,1,416.594,476.1914,536.7139
load_26,2013-09-23 01:00:00,426.0,446.88904,178,2,390.53516,446.88904,508.4004
load_26,2013-09-23 02:00:00,412.5,447.38257,178,3,390.3158,447.38257,493.5056
load_26,2013-09-23 03:00:00,379.5,426.1731,178,4,374.24695,426.1731,472.39124
load_26,2013-09-23 04:00:00,378.6,420.2998,178,5,371.47046,420.2998,465.33997
load_26,2013-09-23 05:00:00,359.4,425.1577,178,6,375.9746,425.1577,463.88074
load_26,2013-09-23 06:00:00,370.2,427.32532,178,7,375.52893,427.32532,463.6062
load_26,2013-09-23 07:00:00,432.3,435.40344,178,8,390.30835,435.40344,489.06653
load_26,2013-09-23 08:00:00,517.5,527.86255,178,9,467.67993,527.86255,600.6498
load_26,2013-09-23 09:00:00,880.8,923.2276,178,10,824.37885,923.2276,1029.9304
load_26,2013-09-23 10:00:00,1655.7,2006.8333,178,11,1856.5432,2006.8333,2139.5427
load_26,2013-09-23 11:00:00,2729.7,2681.461,178,12,2551.8801,2681.461,2763.3079
load_26,2013-09-23 12:00:00,2882.4,2732.694,178,13,2619.6624,2732.694,2823.4316
load_26,2013-09-23 13:00:00,2916.9,2745.7842,178,14,2624.6616,2745.7842,2836.9385
load_26,2013-09-23 14:00:00,2918.1,2760.5925,178,15,2645.9229,2760.5925,2847.9534
load_26,2013-09-23 15:00:00,2881.8,2736.267,178,16,2630.3086,2736.267,2830.523
load_26,2013-09-23 16:00:00,2925.3,2773.3792,178,17,2642.7368,2773.3792,2872.3774
load_26,2013-09-23 17:00:00,2921.7,2763.795,178,18,2637.173,2763.795,2872.0286
load_26,2013-09-23 18:00:00,2848.2,2757.3704,178,19,2626.962,2757.3704,2877.4868
load_26,2013-09-23 19:00:00,2784.9,2733.6963,178,20,2568.8418,2733.6963,2857.7424
load_26,2013-09-23 20:00:00,2232.0,2603.238,178,21,2357.9475,2603.238,2749.284
load_26,2013-09-23 21:00:00,1149.6,1525.3071,178,22,1269.6323,1525.3071,1753.6869
load_26,2013-09-23 22:00:00,804.6,917.8853,178,23,770.5036,917.8853,1109.0988
load_26,2013-09-23 23:00:00,579.0,628.3622,178,24,531.9659,628.3622,752.32904
load_26,2013-09-24 00:00:00,468.0,447.45032,179,1,385.27356,447.45032,508.67163
load_26,2013-09-24 01:00:00,455.7,429.57947,179,2,371.8877,429.57947,492.33813
load_26,2013-09-24 02:00:00,434.7,432.13184,179,3,371.91223,432.13184,480.9464
load_26,2013-09-24 03:00:00,399.6,404.95386,179,4,349.7207,404.95386,454.66174
load_26,2013-09-24 04:00:00,428.1,406.56714,179,5,353.4132,406.56714,455.78186
load_26,2013-09-24 05:00:00,431.1,411.52734,179,6,356.82617,411.52734,453.50037
load_26,2013-09-24 06:00:00,403.2,412.9242,179,7,356.4563,412.9242,451.52063
load_26,2013-09-24 07:00:00,439.5,430.09937,179,8,379.17834,430.09937,487.47253
load_26,2013-09-24 08:00:00,528.0,540.60785,179,9,471.91284,540.60785,604.44403
load_26,2013-09-24 09:00:00,898.8,900.21954,179,10,792.3316,900.21954,1013.45593
load_26,2013-09-24 10:00:00,1715.4,1915.6798,179,11,1749.3347,1915.6798,2068.2495
load_26,2013-09-24 11:00:00,2639.4,2675.2368,179,12,2512.1946,2675.2368,2781.6526
load_26,2013-09-24 12:00:00,2846.1,2726.235,179,13,2576.9773,2726.235,2841.4238
load_26,2013-09-24 13:00:00,2830.5,2738.7908,179,14,2571.845,2738.7908,2856.436
load_26,2013-09-24 14:00:00,2818.5,2750.8713,179,15,2608.6416,2750.8713,2873.2217
load_26,2013-09-24 15:00:00,2775.9,2725.816,179,16,2594.1848,2725.816,2849.2793
load_26,2013-09-24 16:00:00,2795.1,2773.4888,179,17,2597.8481,2773.4888,2898.774
load_26,2013-09-24 17:00:00,2796.3,2749.1016,179,18,2593.8262,2749.1016,2888.067
load_26,2013-09-24 18:00:00,2860.5,2725.1963,179,19,2560.5295,2725.1963,2885.8486
load_26,2013-09-24 19:00:00,2802.0,2701.54,179,20,2476.3057,2701.54,2869.592
load_26,2013-09-24 20:00:00,2366.7,2469.8093,179,21,2140.524,2469.8093,2682.1494
load_26,2013-09-24 21:00:00,1173.6,1319.8196,179,22,1088.5913,1319.8196,1554.5132
load_26,2013-09-24 22:00:00,916.5,858.9204,179,23,718.79,858.9204,1048.5063
load_26,2013-09-24 23:00:00,620.1,591.4128,179,24,503.5775,591.4128,692.0594
load_26,2013-09-25 00:00:00,473.4,447.8468,180,1,392.32935,447.8468,504.47278
load_26,2013-09-25 01:00:00,466.2,428.58118,180,2,375.4707,428.58118,485.2611
load_26,2013-09-25 02:00:00,449.1,431.49658,180,3,378.23914,431.49658,474.30493
load_26,2013-09-25 03:00:00,411.3,411.2744,180,4,363.89087,411.2744,456.66968
load_26,2013-09-25 04:00:00,414.9,413.77124,180,5,366.61768,413.77124,458.58948
load_26,2013-09-25 05:00:00,405.3,420.28064,180,6,369.98413,420.28064,459.6941
load_26,2013-09-25 06:00:00,405.3,424.03992,180,7,372.1991,424.03992,462.6765
load_26,2013-09-25 07:00:00,416.4,427.65723,180,8,381.91016,427.65723,483.60144
load_26,2013-09-25 08:00:00,456.3,510.94714,180,9,450.21936,510.94714,586.7083
load_26,2013-09-25 09:00:00,638.4,875.5855,180,10,746.6773,875.5855,1000.182
load_26,2013-09-25 10:00:00,1536.6,1803.4274,180,11,1615.4686,1803.4274,1973.7126
load_26,2013-09-25 11:00:00,2223.9,2649.9229,180,12,2487.4998,2649.9229,2753.4639
load_26,2013-09-25 12:00:00,2244.3,2739.829,180,13,2595.3667,2739.829,2841.551
load_26,2013-09-25 13:00:00,2208.9,2760.1133,180,14,2597.5671,2760.1133,2861.067
load_26,2013-09-25 14:00:00,2194.8,2769.9443,180,15,2635.7158,2769.9443,2866.9434
load_26,2013-09-25 15:00:00,2160.6,2742.3071,180,16,2620.3215,2742.3071,2846.2454
load_26,2013-09-25 16:00:00,2162.4,2793.6504,180,17,2611.7283,2793.6504,2904.6807
load_26,2013-09-25 17:00:00,2209.5,2773.6406,180,18,2619.5503,2773.6406,2894.055
load_26,2013-09-25 18:00:00,2227.8,2749.0664,180,19,2586.4683,2749.0664,2889.7744
load_26,2013-09-25 19:00:00,2189.7,2716.3767,180,20,2472.8164,2716.3767,2858.9668
load_26,2013-09-25 20:00:00,1716.6,2425.383,180,21,2075.6626,2425.383,2622.3574
load_26,2013-09-25 21:00:00,711.6,1306.583,180,22,1064.1113,1306.583,1536.9392
load_26,2013-09-25 22:00:00,559.8,846.1668,180,23,692.8862,846.1668,1041.0278
load_26,2013-09-25 23:00:00,447.0,587.5091,180,24,491.88977,587.5091,681.523
load_26,2013-09-26 00:00:00,384.9,424.1975,181,1,361.92993,424.1975,476.89
load_26,2013-09-26 01:00:00,395.1,414.52637,181,2,352.23047,414.52637,469.81714
load_26,2013-09-26 02:00:00,379.8,415.62488,181,3,351.21448,415.62488,468.36633
load_26,2013-09-26 03:00:00,349.2,404.57922,181,4,345.1985,404.57922,462.5027
load_26,2013-09-26 04:00:00,363.9,400.18982,181,5,339.1692,400.18982,461.0453
load_26,2013-09-26 05:00:00,369.9,403.02795,181,6,331.87256,403.02795,462.88586
load_26,2013-09-26 06:00:00,370.5,407.6864,181,7,335.2362,407.6864,476.182
load_26,2013-09-26 07:00:00,402.3,402.55603,181,8,334.30298,402.55603,479.69104
load_26,2013-09-26 08:00:00,518.1,437.31946,181,9,351.3202,437.31946,512.134
load_26,2013-09-26 09:00:00,908.4,600.828,181,10,447.04834,600.828,797.17395
load_26,2013-09-26 10:00:00,1680.6,1485.472,181,11,1126.2786,1485.472,1814.4152
load_26,2013-09-26 11:00:00,2492.1,2152.7727,181,12,1696.3772,2152.7727,2508.6638
load_26,2013-09-26 12:00:00,2558.1,2198.1606,181,13,1698.7103,2198.1606,2556.271
load_26,2013-09-26 13:00:00,2640.3,2233.5764,181,14,1753.8163,2233.5764,2583.82
load_26,2013-09-26 14:00:00,2804.7,2222.68,181,15,1757.0204,2222.68,2599.0295
load_26,2013-09-26 15:00:00,2755.8,2203.5786,181,16,1725.3616,2203.5786,2570.6638
load_26,2013-09-26 16:00:00,2759.7,2248.0889,181,17,1785.8246,2248.0889,2627.6982
load_26,2013-09-26 17:00:00,2696.4,2272.689,181,18,1788.8357,2272.689,2662.1753
load_26,2013-09-26 18:00:00,2724.9,2279.2737,181,19,1759.4528,2279.2737,2698.2427
load_26,2013-09-26 19:00:00,2658.0,2229.913,181,20,1735.9978,2229.913,2653.1187
load_26,2013-09-26 20:00:00,2197.2,1940.0569,181,21,1410.6182,1940.0569,2395.1953
load_26,2013-09-26 21:00:00,1063.2,901.03735,181,22,617.80853,901.03735,1277.1702
load_26,2013-09-26 22:00:00,779.7,613.43536,181,23,470.99426,613.43536,856.90106
load_26,2013-09-26 23:00:00,528.3,465.5708,181,24,398.35095,465.5708,581.12
load_26,2013-09-27 00:00:00,431.4,426.8568,182,1,377.03625,426.8568,478.15698
load_26,2013-09-27 01:00:00,418.5,410.44092,182,2,360.9563,410.44092,461.72815
load_26,2013-09-27 02:00:00,387.3,411.47925,182,3,361.28503,411.47925,452.3058
load_26,2013-09-27 03:00:00,354.3,397.59937,182,4,354.34778,397.59937,438.62988
load_26,2013-09-27 04:00:00,373.8,396.6505,182,5,351.5437,396.6505,438.80896
load_26,2013-09-27 05:00:00,385.8,400.8766,182,6,350.79858,400.8766,438.4851
load_26,2013-09-27 06:00:00,384.9,411.65393,182,7,362.5343,411.65393,450.88208
load_26,2013-09-27 07:00:00,426.9,409.30115,182,8,363.96765,409.30115,464.96045
load_26,2013-09-27 08:00:00,512.1,471.6726,182,9,413.15784,471.6726,542.2968
load_26,2013-09-27 09:00:00,868.8,818.78687,182,10,673.62726,818.78687,957.72546
load_26,2013-09-27 10:00:00,1698.9,1714.9105,182,11,1491.676,1714.9105,1922.54
load_26,2013-09-27 11:00:00,2392.5,2502.8105,182,12,2235.447,2502.8105,2689.9155
load_26,2013-09-27 12:00:00,2501.1,2601.8335,182,13,2334.3857,2601.8335,2780.3225
load_26,2013-09-27 13:00:00,2529.3,2647.1543,182,14,2359.4722,2647.1543,2826.4084
load_26,2013-09-27 14:00:00,2631.6,2677.8901,182,15,2403.2354,2677.8901,2852.6047
load_26,2013-09-27 15:00:00,2637.0,2656.3179,182,16,2398.1694,2656.3179,2839.7603
load_26,2013-09-27 16:00:00,2660.4,2690.9932,182,17,2392.7258,2690.9932,2864.4102
load_26,2013-09-27 17:00:00,2607.0,2681.2632,182,18,2399.8818,2681.2632,2878.4478
load_26,2013-09-27 18:00:00,2601.6,2661.7466,182,19,2388.8442,2661.7466,2880.5347
load_26,2013-09-27 19:00:00,2566.5,2620.9011,182,20,2269.814,2620.9011,2862.507
load_26,2013-09-27 20:00:00,2488.2,2306.605,182,21,1870.3894,2306.605,2584.9348
load_26,2013-09-27 21:00:00,1360.8,1200.1425,182,22,927.62604,1200.1425,1472.2408
load_26,2013-09-27 22:00:00,795.0,771.5328,182,23,621.3797,771.5328,980.1721
load_26,2013-09-27 23:00:00,494.7,561.5999,182,24,469.6073,561.5999,647.65375
load_26,2013-09-30 00:00:00,432.6,410.6073,183,1,354.6023,410.6073,466.08948
load_26,2013-09-30 01:00:00,443.7,392.9453,183,2,337.9801,392.9453,450.50452
load_26,2013-09-30 02:00:00,403.8,389.67847,183,3,334.65833,389.67847,433.5691
load_26,2013-09-30 03:00:00,354.6,373.9607,183,4,328.5033,373.9607,419.30664
load_26,2013-09-30 04:00:00,377.4,378.71545,183,5,331.1847,378.71545,426.96448
load_26,2013-09-30 05:00:00,382.2,388.9851,183,6,337.14587,388.9851,430.40613
load_26,2013-09-30 06:00:00,386.1,400.15356,183,7,350.20386,400.15356,445.3175
load_26,2013-09-30 07:00:00,439.2,411.27295,183,8,363.511,411.27295,471.45483
load_26,2013-09-30 08:00:00,517.2,486.6889,183,9,427.7782,486.6889,568.0352
load_26,2013-09-30 09:00:00,873.0,815.4459,183,10,669.438,815.4459,952.4678
load_26,2013-09-30 10:00:00,1767.6,1644.8264,183,11,1402.1646,1644.8264,1861.7518
load_26,2013-09-30 11:00:00,2384.7,2457.6775,183,12,2135.2446,2457.6775,2659.3618
load_26,2013-09-30 12:00:00,2507.4,2567.513,183,13,2250.2666,2567.513,2764.3716
load_26,2013-09-30 13:00:00,2512.2,2615.6416,183,14,2293.2798,2615.6416,2808.3994
load_26,2013-09-30 14:00:00,2746.8,2651.517,183,15,2352.5173,2651.517,2836.4526
load_26,2013-09-30 15:00:00,2691.6,2626.7554,183,16,2333.5183,2626.7554,2823.83
load_26,2013-09-30 16:00:00,2714.7,2657.3818,183,17,2354.397,2657.3818,2830.4675
load_26,2013-09-30 17:00:00,2700.9,2633.1418,183,18,2345.0557,2633.1418,2830.1287
load_26,2013-09-30 18:00:00,2708.4,2603.8965,183,19,2304.686,2603.8965,2819.67
load_26,2013-09-30 19:00:00,2564.4,2559.8232,183,20,2206.8203,2559.8232,2787.8906
load_26,2013-09-30 20:00:00,2135.4,2245.0278,183,21,1841.3865,2245.0278,2511.9592
load_26,2013-09-30 21:00:00,1142.4,1116.4043,183,22,870.1037,1116.4043,1360.149
load_26,2013-09-30 22:00:00,837.0,761.4087,183,23,615.6492,761.4087,956.0642
load_26,2013-09-30 23:00:00,545.7,544.9366,183,24,452.92444,544.9366,630.8944
load_26,2013-10-01 00:00:00,462.3,411.1494,184,1,367.58984,411.1494,457.80078
load_26,2013-10-01 01:00:00,469.2,393.906,184,2,351.06177,393.906,439.3075
load_26,2013-10-01 02:00:00,440.7,390.38306,184,3,346.6277,390.38306,423.2351
load_26,2013-10-01 03:00:00,410.4,373.73328,184,4,338.00793,373.73328,407.30176
load_26,2013-10-01 04:00:00,415.8,383.11865,184,5,346.13367,383.11865,416.22632
load_26,2013-10-01 05:00:00,411.0,385.89514,184,6,345.28113,385.89514,414.42688
load_26,2013-10-01 06:00:00,401.4,400.18018,184,7,361.14526,400.18018,428.98877
load_26,2013-10-01 07:00:00,446.7,413.27673,184,8,373.6825,413.27673,454.67596
load_26,2013-10-01 08:00:00,532.8,490.8404,184,9,441.40222,490.8404,549.21893
load_26,2013-10-01 09:00:00,970.8,829.8603,184,10,724.37244,829.8603,932.4548
load_26,2013-10-01 10:00:00,1846.8,1665.7141,184,11,1493.0195,1665.7141,1824.2163
load_26,2013-10-01 11:00:00,2589.0,2428.0432,184,12,2215.2937,2428.0432,2592.5364
load_26,2013-10-01 12:00:00,2658.0,2546.6821,184,13,2319.8005,2546.6821,2701.1423
load_26,2013-10-01 13:00:00,2630.4,2597.1973,184,14,2344.8577,2597.1973,2753.7012
load_26,2013-10-01 14:00:00,2722.5,2650.9248,184,15,2442.2441,2650.9248,2798.1738
load_26,2013-10-01 15:00:00,2700.0,2621.4973,184,16,2421.5117,2621.4973,2782.3003
load_26,2013-10-01 16:00:00,2702.1,2655.7139,184,17,2421.774,2655.7139,2802.7676
load_26,2013-10-01 17:00:00,2726.1,2636.6792,184,18,2421.5142,2636.6792,2815.8613
load_26,2013-10-01 18:00:00,2739.3,2614.209,184,19,2412.6428,2614.209,2813.7346
load_26,2013-10-01 19:00:00,2597.4,2588.5425,184,20,2296.5383,2588.5425,2796.422
load_26,2013-10-01 20:00:00,2170.5,2273.8213,184,21,1911.004,2273.8213,2510.3286
load_26,2013-10-01 21:00:00,1111.8,1155.8165,184,22,936.52295,1155.8165,1359.1946
load_26,2013-10-01 22:00:00,838.5,784.40265,184,23,657.2952,784.40265,951.39307
load_26,2013-10-01 23:00:00,565.8,550.37964,184,24,470.9959,550.37964,624.5726
load_26,2013-10-02 00:00:00,475.2,447.89252,185,1,401.81946,447.89252,496.4312
load_26,2013-10-02 01:00:00,478.2,425.22162,185,2,380.38416,425.22162,475.7876
load_26,2013-10-02 02:00:00,443.7,416.52417,185,3,369.07776,416.52417,452.16052
load_26,2013-10-02 03:00:00,402.6,392.21387,185,4,352.95276,392.21387,428.81067
load_26,2013-10-02 04:00:00,421.8,397.5204,185,5,357.50366,397.5204,435.5937
load_26,2013-10-02 05:00:00,428.4,401.0326,185,6,358.7782,401.0326,433.87573
load_26,2013-10-02 06:00:00,422.4,405.15405,185,7,361.989,405.15405,437.02167
load_26,2013-10-02 07:00:00,447.3,411.6023,185,8,374.10913,411.6023,459.55115
load_26,2013-10-02 08:00:00,556.8,504.31665,185,9,451.05682,504.31665,566.6901
load_26,2013-10-02 09:00:00,982.8,862.5841,185,10,754.9208,862.5841,968.9976
load_26,2013-10-02 10:00:00,1709.1,1703.981,185,11,1535.9653,1703.981,1853.8098
load_26,2013-10-02 11:00:00,2450.4,2467.5308,185,12,2276.2888,2467.5308,2614.894
load_26,2013-10-02 12:00:00,2534.1,2572.0508,185,13,2357.0935,2572.0508,2713.0112
load_26,2013-10-02 13:00:00,2616.6,2611.313,185,14,2367.618,2611.313,2758.203
load_26,2013-10-02 14:00:00,2608.5,2661.1675,185,15,2471.2727,2661.1675,2799.1692
load_26,2013-10-02 15:00:00,2579.4,2625.2505,185,16,2446.6064,2625.2505,2773.1338
load_26,2013-10-02 16:00:00,2567.1,2661.995,185,17,2441.301,2661.995,2799.0547
load_26,2013-10-02 17:00:00,2569.8,2633.7346,185,18,2440.877,2633.7346,2799.5044
load_26,2013-10-02 18:00:00,2604.0,2600.4648,185,19,2405.3267,2600.4648,2781.421
load_26,2013-10-02 19:00:00,2560.5,2553.2642,185,20,2280.3694,2553.2642,2730.3933
load_26,2013-10-02 20:00:00,2381.4,2172.8657,185,21,1861.9149,2172.8657,2396.7637
load_26,2013-10-02 21:00:00,1138.8,1075.4465,185,22,883.4543,1075.4465,1255.8232
load_26,2013-10-02 22:00:00,769.5,765.678,185,23,646.10626,765.678,920.14746
load_26,2013-10-02 23:00:00,497.4,539.27637,185,24,462.932,539.27637,614.28503
load_26,2013-10-04 00:00:00,434.1,428.162,186,1,382.932,428.162,472.67346
load_26,2013-10-04 01:00:00,446.1,410.4157,186,2,367.70056,410.4157,456.74854
load_26,2013-10-04 02:00:00,406.5,408.77582,186,3,365.08936,408.77582,440.1681
load_26,2013-10-04 03:00:00,364.5,391.19434,186,4,354.2621,391.19434,422.45947
load_26,2013-10-04 04:00:00,369.0,397.68372,186,5,360.3866,397.68372,430.0291
load_26,2013-10-04 05:00:00,357.9,400.91235,186,6,361.26,400.91235,427.7597
load_26,2013-10-04 06:00:00,356.4,411.60455,186,7,372.24194,411.60455,438.68054
load_26,2013-10-04 07:00:00,429.0,410.88086,186,8,375.49744,410.88086,452.24384
load_26,2013-10-04 08:00:00,546.6,497.29242,186,9,447.88556,497.29242,558.64825
load_26,2013-10-04 09:00:00,947.4,881.046,186,10,765.55054,881.046,976.06824
load_26,2013-10-04 10:00:00,1841.4,1741.5114,186,11,1566.788,1741.5114,1879.7837
load_26,2013-10-04 11:00:00,2385.3,2459.92,186,12,2283.2224,2459.92,2579.0186
load_26,2013-10-04 12:00:00,2438.1,2539.935,186,13,2348.3315,2539.935,2656.46
load_26,2013-10-04 13:00:00,2431.2,2571.6147,186,14,2351.3115,2571.6147,2695.1816
load_26,2013-10-04 14:00:00,2610.9,2623.6377,186,15,2458.0269,2623.6377,2739.7244
load_26,2013-10-04 15:00:00,2599.5,2599.0635,186,16,2442.622,2599.0635,2728.2087
load_26,2013-10-04 16:00:00,2650.2,2626.7366,186,17,2403.348,2626.7366,2746.4414
load_26,2013-10-04 17:00:00,2668.5,2609.4844,186,18,2419.4531,2609.4844,2754.9436
load_26,2013-10-04 18:00:00,2670.3,2587.0889,186,19,2394.9624,2587.0889,2751.0317
load_26,2013-10-04 19:00:00,2467.5,2556.427,186,20,2270.111,2556.427,2726.401
load_26,2013-10-04 20:00:00,2413.5,2277.1665,186,21,1914.6016,2277.1665,2477.9614
load_26,2013-10-04 21:00:00,1257.3,1109.1559,186,22,892.21954,1109.1559,1301.9319
load_26,2013-10-04 22:00:00,817.8,751.70685,186,23,627.2219,751.70685,909.3853
load_26,2013-10-04 23:00:00,517.8,524.51636,186,24,452.57483,524.51636,597.06964
load_26,2013-10-07 00:00:00,451.8,443.607,187,1,400.182,443.607,485.57507
load_26,2013-10-07 01:00:00,448.8,425.2481,187,2,384.31372,425.2481,471.5995
load_26,2013-10-07 02:00:00,429.0,418.15857,187,3,377.20422,418.15857,448.92322
load_26,2013-10-07 03:00:00,390.3,400.86322,187,4,368.04883,400.86322,430.75275
load_26,2013-10-07 04:00:00,418.8,400.17664,187,5,365.6587,400.17664,431.1834
load_26,2013-10-07 05:00:00,421.5,407.66827,187,6,370.47266,407.66827,434.2091
load_26,2013-10-07 06:00:00,423.9,418.81354,187,7,382.1792,418.81354,444.92883
load_26,2013-10-07 07:00:00,458.1,429.0728,187,8,393.60126,429.0728,469.8719
load_26,2013-10-07 08:00:00,579.0,515.6845,187,9,465.0423,515.6845,577.9835
load_26,2013-10-07 09:00:00,1021.8,915.53265,187,10,795.6497,915.53265,1006.47107
load_26,2013-10-07 10:00:00,1577.7,1745.1453,187,11,1575.7533,1745.1453,1878.3433
load_26,2013-10-07 11:00:00,2442.9,2409.7952,187,12,2227.8472,2409.7952,2533.1343
load_26,2013-10-07 12:00:00,2586.0,2491.4438,187,13,2293.1147,2491.4438,2613.29
load_26,2013-10-07 13:00:00,2610.3,2554.793,187,14,2326.954,2554.793,2670.0059
load_26,2013-10-07 14:00:00,2670.0,2615.3064,187,15,2449.415,2615.3064,2722.539
load_26,2013-10-07 15:00:00,2680.2,2592.4033,187,16,2424.8044,2592.4033,2710.7808
load_26,2013-10-07 16:00:00,2709.3,2624.7224,187,17,2406.9312,2624.7224,2736.5388
load_26,2013-10-07 17:00:00,2674.8,2602.1523,187,18,2423.9614,2602.1523,2733.3184
load_26,2013-10-07 18:00:00,2728.2,2576.5942,187,19,2394.9314,2576.5942,2721.4207
load_26,2013-10-07 19:00:00,2738.4,2530.1536,187,20,2258.6223,2530.1536,2673.495
load_26,2013-10-07 20:00:00,2105.4,2302.1292,187,21,1960.7117,2302.1292,2482.974
load_26,2013-10-07 21:00:00,1134.3,1151.6846,187,22,937.973,1151.6846,1331.12
load_26,2013-10-07 22:00:00,806.4,774.7158,187,23,647.191,774.7158,928.4646
load_26,2013-10-07 23:00:00,542.1,531.05646,187,24,459.03723,531.05646,602.7427
load_26,2013-10-08 00:00:00,482.7,446.1046,188,1,393.37415,446.1046,494.93353
load_26,2013-10-08 01:00:00,509.1,425.20435,188,2,377.50806,425.20435,478.32556
load_26,2013-10-08 02:00:00,477.9,416.95972,188,3,366.50134,416.95972,453.79474
load_26,2013-10-08 03:00:00,462.9,391.26257,188,4,346.26807,391.26257,427.95062
load_26,2013-10-08 04:00:00,467.1,398.56982,188,5,356.08765,398.56982,434.58838
load_26,2013-10-08 05:00:00,467.4,405.73584,188,6,363.07898,405.73584,438.0504
load_26,2013-10-08 06:00:00,456.9,413.30933,188,7,369.32068,413.30933,444.26196
load_26,2013-10-08 07:00:00,455.4,433.89087,188,8,386.48474,433.89087,476.43103
load_26,2013-10-08 08:00:00,575.1,546.4023,188,9,485.45923,546.4023,603.4263
load_26,2013-10-08 09:00:00,1003.8,960.9724,188,10,867.16693,960.9724,1030.803
load_26,2013-10-08 10:00:00,1925.7,1759.5994,188,11,1647.5778,1759.5994,1865.7258
load_26,2013-10-08 11:00:00,2670.0,2439.2993,188,12,2334.533,2439.2993,2530.2397
load_26,2013-10-08 12:00:00,2828.7,2519.871,188,13,2412.0232,2519.871,2606.4312
load_26,2013-10-08 13:00:00,2794.5,2553.7358,188,14,2428.1418,2553.7358,2637.3074
load_26,2013-10-08 14:00:00,2812.2,2603.664,188,15,2499.4595,2603.664,2680.1636
load_26,2013-10-08 15:00:00,2780.4,2581.728,188,16,2485.5723,2581.728,2669.3037
load_26,2013-10-08 16:00:00,2793.3,2627.0176,188,17,2497.5996,2627.0176,2717.163
load_26,2013-10-08 17:00:00,2801.1,2604.16,188,18,2485.4187,2604.16,2706.0361
load_26,2013-10-08 18:00:00,2819.7,2580.0552,188,19,2458.3013,2580.0552,2696.5317
load_26,2013-10-08 19:00:00,2742.3,2542.9385,188,20,2380.5098,2542.9385,2649.4688
load_26,2013-10-08 20:00:00,2049.9,2282.1963,188,21,2060.5715,2282.1963,2429.191
load_26,2013-10-08 21:00:00,1115.4,1145.2366,188,22,987.8953,1145.2366,1294.5156
load_26,2013-10-08 22:00:00,818.7,757.72797,188,23,658.91,757.72797,896.1115
load_26,2013-10-08 23:00:00,531.0,525.5204,188,24,455.50323,525.5204,601.33734
load_26,2013-10-10 00:00:00,475.5,459.1928,189,1,400.3391,459.1928,520.1575
load_26,2013-10-10 01:00:00,491.1,441.03064,189,2,384.4275,441.03064,505.3769
load_26,2013-10-10 02:00:00,473.4,431.39026,189,3,371.6217,431.39026,479.00336
load_26,2013-10-10 03:00:00,434.4,408.72363,189,4,354.24414,408.72363,461.0888
load_26,2013-10-10 04:00:00,436.5,413.0426,189,5,361.5774,413.0426,462.1817
load_26,2013-10-10 05:00:00,428.7,418.02283,189,6,364.7688,418.02283,463.27716
load_26,2013-10-10 06:00:00,436.5,420.87585,189,7,365.01038,420.87585,466.83063
load_26,2013-10-10 07:00:00,459.6,436.7732,189,8,379.02148,436.7732,492.99854
load_26,2013-10-10 08:00:00,551.1,555.2858,189,9,477.46118,555.2858,635.15985
load_26,2013-10-10 09:00:00,972.3,991.2634,189,10,883.853,991.2634,1085.0375
load_26,2013-10-10 10:00:00,1826.1,1780.1293,189,11,1648.6066,1780.1293,1913.2524
load_26,2013-10-10 11:00:00,2442.3,2494.7246,189,12,2373.8252,2494.7246,2606.9673
load_26,2013-10-10 12:00:00,2570.7,2605.5312,189,13,2481.7485,2605.5312,2704.935
load_26,2013-10-10 13:00:00,2569.2,2638.4546,189,14,2501.8513,2638.4546,2739.8315
load_26,2013-10-10 14:00:00,2555.4,2683.2502,189,15,2560.8396,2683.2502,2782.3438
load_26,2013-10-10 15:00:00,2634.9,2648.4778,189,16,2537.84,2648.4778,2756.126
load_26,2013-10-10 16:00:00,2704.8,2683.117,189,17,2549.8037,2683.117,2791.0217
load_26,2013-10-10 17:00:00,2724.9,2663.6777,189,18,2533.5364,2663.6777,2784.0242
load_26,2013-10-10 18:00:00,2754.9,2647.6016,189,19,2511.317,2647.6016,2782.912
load_26,2013-10-10 19:00:00,2619.3,2599.2783,189,20,2415.9514,2599.2783,2731.6987
load_26,2013-10-10 20:00:00,2024.7,2256.3877,189,21,2005.7052,2256.3877,2435.2454
load_26,2013-10-10 21:00:00,1120.2,1164.1438,189,22,990.97034,1164.1438,1334.0997
load_26,2013-10-10 22:00:00,790.5,789.7436,189,23,679.97003,789.7436,937.19055
load_26,2013-10-10 23:00:00,522.9,557.4923,189,24,479.75452,557.4923,642.9147
load_26,2013-10-11 00:00:00,457.8,453.63037,190,1,402.79675,453.63037,502.75024
load_26,2013-10-11 01:00:00,475.2,431.87695,190,2,387.22217,431.87695,481.58197
load_26,2013-10-11 02:00:00,463.2,431.86523,190,3,384.1422,431.86523,467.10315
load_26,2013-10-11 03:00:00,442.5,411.20276,190,4,369.6864,411.20276,447.9557
load_26,2013-10-11 04:00:00,455.4,415.29395,190,5,375.1244,415.29395,451.06433
load_26,2013-10-11 05:00:00,449.4,419.66052,190,6,377.78613,419.66052,452.94653
load_26,2013-10-11 06:00:00,449.1,425.89832,190,7,381.7417,425.89832,456.5501
load_26,2013-10-11 07:00:00,440.1,435.86877,190,8,392.521,435.86877,477.28473
load_26,2013-10-11 08:00:00,573.0,544.7008,190,9,486.85254,544.7008,600.3582
load_26,2013-10-11 09:00:00,1012.5,969.7217,190,10,870.484,969.7217,1052.8243
load_26,2013-10-11 10:00:00,1836.0,1806.9955,190,11,1679.83,1806.9955,1922.648
load_26,2013-10-11 11:00:00,2450.4,2480.8186,190,12,2352.9883,2480.8186,2584.9785
load_26,2013-10-11 12:00:00,2500.5,2573.213,190,13,2437.6477,2573.213,2668.904
load_26,2013-10-11 13:00:00,2590.2,2592.4448,190,14,2436.6687,2592.4448,2691.5425
load_26,2013-10-11 14:00:00,2557.8,2632.501,190,15,2505.3992,2632.501,2724.8406
load_26,2013-10-11 15:00:00,2539.8,2600.8105,190,16,2488.254,2600.8105,2705.7144
load_26,2013-10-11 16:00:00,2552.7,2649.1406,190,17,2506.4482,2649.1406,2753.3735
load_26,2013-10-11 17:00:00,2571.0,2633.1548,190,18,2500.7842,2633.1548,2750.1216
load_26,2013-10-11 18:00:00,2572.8,2621.5376,190,19,2486.091,2621.5376,2754.751
load_26,2013-10-11 19:00:00,2482.2,2570.9238,190,20,2385.795,2570.9238,2702.1167
load_26,2013-10-11 20:00:00,2462.1,2161.3264,190,21,1933.4089,2161.3264,2356.7886
load_26,2013-10-11 21:00:00,1260.0,1101.2247,190,22,955.67786,1101.2247,1240.1293
load_26,2013-10-11 22:00:00,816.6,754.27704,190,23,660.6871,754.27704,884.9446
load_26,2013-10-11 23:00:00,507.3,533.2028,190,24,463.81927,533.2028,610.3172
load_26,2013-10-14 00:00:00,418.5,449.4419,191,1,391.92688,449.4419,503.841
load_26,2013-10-14 01:00:00,413.4,428.30493,191,2,376.66602,428.30493,485.72614
load_26,2013-10-14 02:00:00,388.5,425.95776,191,3,371.11462,425.95776,468.16583
load_26,2013-10-14 03:00:00,362.7,408.50452,191,4,358.2151,408.50452,452.06787
load_26,2013-10-14 04:00:00,383.7,410.08203,191,5,363.6438,410.08203,452.40833
load_26,2013-10-14 05:00:00,387.9,416.05627,191,6,368.14172,416.05627,454.373
load_26,2013-10-14 06:00:00,382.8,424.9391,191,7,375.61267,424.9391,465.838
load_26,2013-10-14 07:00:00,435.6,426.1538,191,8,375.9104,426.1538,476.08582
load_26,2013-10-14 08:00:00,531.6,545.1628,191,9,475.57623,545.1628,611.75104
load_26,2013-10-14 09:00:00,943.8,985.42444,191,10,888.3128,985.42444,1061.4143
load_26,2013-10-14 10:00:00,1717.5,1749.4453,191,11,1636.4502,1749.4453,1859.6758
load_26,2013-10-14 11:00:00,2356.5,2434.8086,191,12,2323.5608,2434.8086,2541.0215
load_26,2013-10-14 12:00:00,2418.6,2526.1968,191,13,2410.5066,2526.1968,2626.191
load_26,2013-10-14 13:00:00,2641.8,2551.284,191,14,2423.469,2551.284,2648.573
load_26,2013-10-14 14:00:00,2639.7,2577.144,191,15,2466.4517,2577.144,2678.1318
load_26,2013-10-14 15:00:00,2599.2,2566.3972,191,16,2463.0288,2566.3972,2670.103
load_26,2013-10-14 16:00:00,2619.6,2618.0264,191,17,2488.4507,2618.0264,2720.3213
load_26,2013-10-14 17:00:00,2622.6,2605.1943,191,18,2479.7473,2605.1943,2722.175
load_26,2013-10-14 18:00:00,2633.4,2590.6672,191,19,2458.901,2590.6672,2722.108
load_26,2013-10-14 19:00:00,2497.8,2544.486,191,20,2366.7363,2544.486,2668.8198
load_26,2013-10-14 20:00:00,1991.1,2223.0747,191,21,2000.6511,2223.0747,2385.2798
load_26,2013-10-14 21:00:00,1112.4,1152.1134,191,22,996.7816,1152.1134,1292.3364
load_26,2013-10-14 22:00:00,765.0,767.9504,191,23,671.5386,767.9504,895.9833
load_26,2013-10-14 23:00:00,482.7,540.8032,191,24,468.91638,540.8032,622.7226
load_26,2013-10-15 00:00:00,395.1,438.0371,192,1,384.9762,438.0371,490.2146
load_26,2013-10-15 01:00:00,418.5,421.85535,192,2,372.37964,421.85535,475.06598
load_26,2013-10-15 02:00:00,388.2,419.37903,192,3,368.86865,419.37903,459.02594
load_26,2013-10-15 03:00:00,348.6,399.87878,192,4,354.98828,399.87878,440.2763
load_26,2013-10-15 04:00:00,377.4,406.20447,192,5,361.9347,406.20447,446.60657
load_26,2013-10-15 05:00:00,379.5,414.17578,192,6,369.31482,414.17578,450.1333
load_26,2013-10-15 06:00:00,370.5,421.95874,192,7,377.03088,421.95874,458.61627
load_26,2013-10-15 07:00:00,399.9,436.25513,192,8,389.02002,436.25513,484.14917
load_26,2013-10-15 08:00:00,512.1,544.696,192,9,482.95074,544.696,606.5776
load_26,2013-10-15 09:00:00,862.2,965.76855,192,10,861.7498,965.76855,1045.5039
load_26,2013-10-15 10:00:00,1701.9,1753.226,192,11,1617.0833,1753.226,1875.3845
load_26,2013-10-15 11:00:00,2332.5,2403.3047,192,12,2252.5093,2403.3047,2529.4773
load_26,2013-10-15 12:00:00,2388.0,2491.3777,192,13,2318.0278,2491.3777,2622.9834
load_26,2013-10-15 13:00:00,2401.8,2542.3074,192,14,2360.6704,2542.3074,2663.2769
load_26,2013-10-15 14:00:00,2384.1,2573.2153,192,15,2426.3887,2573.2153,2692.204
load_26,2013-10-15 15:00:00,2408.4,2541.1904,192,16,2407.8706,2541.1904,2665.041
load_26,2013-10-15 16:00:00,2449.5,2593.506,192,17,2407.772,2593.506,2710.073
load_26,2013-10-15 17:00:00,2404.2,2576.1711,192,18,2417.9307,2576.1711,2711.2827
load_26,2013-10-15 18:00:00,2427.3,2553.3457,192,19,2395.8577,2553.3457,2704.2976
load_26,2013-10-15 19:00:00,2401.5,2519.5989,192,20,2287.9822,2519.5989,2673.1826
load_26,2013-10-15 20:00:00,1930.2,2162.099,192,21,1868.4924,2162.099,2370.5288
load_26,2013-10-15 21:00:00,1043.1,1105.6106,192,22,929.2241,1105.6106,1277.2228
load_26,2013-10-15 22:00:00,742.2,742.30255,192,23,632.9538,742.30255,892.2188
load_26,2013-10-15 23:00:00,495.6,516.961,192,24,445.11334,516.961,600.27167
load_26,2013-10-16 00:00:00,442.8,416.0016,193,1,361.7743,416.0016,469.24774
load_26,2013-10-16 01:00:00,439.2,394.51025,193,2,344.24158,394.51025,449.9826
load_26,2013-10-16 02:00:00,401.4,394.39893,193,3,341.7163,394.39893,436.55682
load_26,2013-10-16 03:00:00,361.2,376.4265,193,4,329.31934,376.4265,419.94794
load_26,2013-10-16 04:00:00,331.5,381.65417,193,5,336.82324,381.65417,421.9007
load_26,2013-10-16 05:00:00,327.6,388.21216,193,6,340.9563,388.21216,427.62012
load_26,2013-10-16 06:00:00,329.1,392.7755,193,7,345.05725,392.7755,430.47467
load_26,2013-10-16 07:00:00,346.2,402.5404,193,8,351.6759,402.5404,449.3017
load_26,2013-10-16 08:00:00,403.8,491.62433,193,9,429.33514,491.62433,544.5669
load_26,2013-10-16 09:00:00,612.6,885.31323,193,10,796.9461,885.31323,973.7524
load_26,2013-10-16 10:00:00,1216.2,1645.5298,193,11,1526.4142,1645.5298,1761.9519
load_26,2013-10-16 11:00:00,1950.9,2279.2415,193,12,2138.5767,2279.2415,2408.715
load_26,2013-10-16 12:00:00,1999.8,2363.5674,193,13,2207.5708,2363.5674,2502.4875
load_26,2013-10-16 13:00:00,1998.9,2424.7827,193,14,2257.8542,2424.7827,2545.0957
load_26,2013-10-16 14:00:00,1991.1,2432.1323,193,15,2304.962,2432.1323,2567.671
load_26,2013-10-16 15:00:00,1953.9,2427.0105,193,16,2302.7534,2427.0105,2548.8809
load_26,2013-10-16 16:00:00,1971.0,2463.639,193,17,2315.6265,2463.639,2578.536
load_26,2013-10-16 17:00:00,1981.8,2459.5513,193,18,2315.5264,2459.5513,2591.972
load_26,2013-10-16 18:00:00,2029.8,2441.4375,193,19,2301.0596,2441.4375,2588.9775
load_26,2013-10-16 19:00:00,2024.4,2403.348,193,20,2220.605,2403.348,2547.104
load_26,2013-10-16 20:00:00,1530.3,1971.7632,193,21,1766.7598,1971.7632,2162.9785
load_26,2013-10-16 21:00:00,669.0,1040.8342,193,22,909.12537,1040.8342,1171.3076
load_26,2013-10-16 22:00:00,486.6,701.03076,193,23,618.3129,701.03076,819.28723
load_26,2013-10-16 23:00:00,411.6,498.3462,193,24,432.83453,498.3462,576.32947
load_26,2013-10-17 00:00:00,362.4,368.2494,194,1,312.22913,368.2494,423.76862
load_26,2013-10-17 01:00:00,387.0,359.79883,194,2,301.13538,359.79883,419.06287
load_26,2013-10-17 02:00:00,364.8,360.41174,194,3,298.30334,360.41174,416.91193
load_26,2013-10-17 03:00:00,325.2,339.8141,194,4,279.99182,339.8141,402.5072
load_26,2013-10-17 04:00:00,347.7,343.88855,194,5,282.69006,343.88855,407.16486
load_26,2013-10-17 05:00:00,354.3,345.49316,194,6,275.9254,345.49316,413.2226
load_26,2013-10-17 06:00:00,355.2,349.68237,194,7,279.18384,349.68237,421.61652
load_26,2013-10-17 07:00:00,404.7,342.05884,194,8,273.39856,342.05884,425.1422
load_26,2013-10-17 08:00:00,491.4,401.15723,194,9,315.65234,401.15723,476.5406
load_26,2013-10-17 09:00:00,874.8,666.83966,194,10,504.80542,666.83966,844.2837
load_26,2013-10-17 10:00:00,1610.1,1335.9847,194,11,1078.1342,1335.9847,1579.3192
load_26,2013-10-17 11:00:00,2349.9,1901.9193,194,12,1595.1987,1901.9193,2167.7993
load_26,2013-10-17 12:00:00,2394.6,1952.9001,194,13,1624.3076,1952.9001,2225.971
load_26,2013-10-17 13:00:00,2381.7,2005.0669,194,14,1673.6548,2005.0669,2269.1624
load_26,2013-10-17 14:00:00,2361.9,2006.7426,194,15,1670.0834,2006.7426,2282.6685
load_26,2013-10-17 15:00:00,2354.4,2001.8032,194,16,1653.1587,2001.8032,2277.4792
load_26,2013-10-17 16:00:00,2373.0,2039.8435,194,17,1688.5027,2039.8435,2329.123
load_26,2013-10-17 17:00:00,2396.7,2045.9331,194,18,1678.0996,2045.9331,2347.8376
load_26,2013-10-17 18:00:00,2403.9,2050.552,194,19,1679.0808,2050.552,2371.5774
load_26,2013-10-17 19:00:00,2365.5,2009.1215,194,20,1649.388,2009.1215,2313.68
load_26,2013-10-17 20:00:00,1965.3,1628.9827,194,21,1301.1188,1628.9827,1935.6926
load_26,2013-10-17 21:00:00,1008.0,789.6479,194,22,575.1866,789.6479,1014.2683
load_26,2013-10-17 22:00:00,734.7,551.1273,194,23,424.98694,551.1273,725.5601
load_26,2013-10-17 23:00:00,456.0,420.31073,194,24,329.00488,420.31073,532.3365
load_26,2013-10-18 00:00:00,363.3,403.20142,195,1,353.76398,403.20142,450.41235
load_26,2013-10-18 01:00:00,382.8,384.0031,195,2,337.8723,384.0031,433.92822
load_26,2013-10-18 02:00:00,351.3,381.32703,195,3,331.03333,381.32703,421.71393
load_26,2013-10-18 03:00:00,321.6,363.8183,195,4,318.81116,363.8183,405.03564
load_26,2013-10-18 04:00:00,323.1,366.03308,195,5,321.71765,366.03308,406.12445
load_26,2013-10-18 05:00:00,315.9,370.22852,195,6,323.95312,370.22852,410.80762
load_26,2013-10-18 06:00:00,332.4,375.38806,195,7,326.28455,375.38806,416.24792
load_26,2013-10-18 07:00:00,396.6,382.54657,195,8,331.79785,382.54657,432.8344
load_26,2013-10-18 08:00:00,488.4,477.6131,195,9,413.24866,477.6131,544.1544
load_26,2013-10-18 09:00:00,891.0,868.026,195,10,765.55334,868.026,966.8978
load_26,2013-10-18 10:00:00,1550.7,1624.1006,195,11,1481.5468,1624.1006,1767.9532
load_26,2013-10-18 11:00:00,2352.9,2239.377,195,12,2073.653,2239.377,2400.872
load_26,2013-10-18 12:00:00,2413.8,2319.3289,195,13,2133.2617,2319.3289,2486.111
load_26,2013-10-18 13:00:00,2425.2,2369.7366,195,14,2168.5168,2369.7366,2527.0945
load_26,2013-10-18 14:00:00,2416.8,2365.8955,195,15,2191.2253,2365.8955,2541.3
load_26,2013-10-18 15:00:00,2382.6,2358.2534,195,16,2201.3484,2358.2534,2515.0913
load_26,2013-10-18 16:00:00,2405.1,2390.8098,195,17,2187.436,2390.8098,2552.0342
load_26,2013-10-18 17:00:00,2412.0,2398.2344,195,18,2213.1875,2398.2344,2581.7944
load_26,2013-10-18 18:00:00,2453.1,2389.1318,195,19,2210.1648,2389.1318,2588.0583
load_26,2013-10-18 19:00:00,2429.4,2350.592,195,20,2118.0146,2350.592,2549.3643
load_26,2013-10-18 20:00:00,2352.3,1939.0437,195,21,1685.8208,1939.0437,2172.5122
load_26,2013-10-18 21:00:00,1345.5,1014.17224,195,22,852.68463,1014.17224,1172.1447
load_26,2013-10-18 22:00:00,809.4,694.0116,195,23,590.27136,694.0116,835.4962
load_26,2013-10-18 23:00:00,511.2,494.6504,195,24,420.52692,494.6504,579.0293
load_26,2013-10-21 00:00:00,391.8,401.03595,196,1,343.7162,401.03595,457.58588
load_26,2013-10-21 01:00:00,406.5,380.43896,196,2,328.48627,380.43896,441.87848
load_26,2013-10-21 02:00:00,380.7,376.0675,196,3,321.5412,376.0675,420.77533
load_26,2013-10-21 03:00:00,351.6,357.3695,196,4,309.21265,357.3695,405.60388
load_26,2013-10-21 04:00:00,377.7,358.8203,196,5,312.464,358.8203,406.252
load_26,2013-10-21 05:00:00,379.8,364.4923,196,6,317.28174,364.4923,408.3675
load_26,2013-10-21 06:00:00,373.5,375.81677,196,7,326.58057,375.81677,423.84338
load_26,2013-10-21 07:00:00,432.3,399.6847,196,8,341.31628,399.6847,450.87366
load_26,2013-10-21 08:00:00,495.6,507.30048,196,9,435.59296,507.30048,580.39777
load_26,2013-10-21 09:00:00,912.3,919.24524,196,10,813.525,919.24524,1006.16003
load_26,2013-10-21 10:00:00,1727.7,1680.2953,196,11,1543.1027,1680.2953,1808.6226
load_26,2013-10-21 11:00:00,2353.8,2330.6733,196,12,2182.7554,2330.6733,2451.6868
load_26,2013-10-21 12:00:00,2379.3,2411.2307,196,13,2253.54,2411.2307,2533.8364
load_26,2013-10-21 13:00:00,2381.7,2429.4602,196,14,2258.5457,2429.4602,2556.2817
load_26,2013-10-21 14:00:00,2367.6,2441.6567,196,15,2296.4714,2441.6567,2574.3818
load_26,2013-10-21 15:00:00,2334.6,2418.8801,196,16,2283.391,2418.8801,2547.4116
load_26,2013-10-21 16:00:00,2367.9,2448.0178,196,17,2273.921,2448.0178,2581.8594
load_26,2013-10-21 17:00:00,2387.1,2431.7998,196,18,2270.8657,2431.7998,2592.317
load_26,2013-10-21 18:00:00,2414.4,2415.2712,196,19,2248.977,2415.2712,2587.4932
load_26,2013-10-21 19:00:00,2389.5,2383.8142,196,20,2163.0588,2383.8142,2561.4146
load_26,2013-10-21 20:00:00,1913.7,2094.0527,196,21,1819.1627,2094.0527,2295.0806
load_26,2013-10-21 21:00:00,1045.2,1127.9324,196,22,933.2905,1127.9324,1310.6504
load_26,2013-10-21 22:00:00,738.6,757.28107,196,23,636.4949,757.28107,918.6035
load_26,2013-10-21 23:00:00,567.6,505.09473,196,24,420.02734,505.09473,599.2708
load_26,2013-10-22 00:00:00,521.1,402.64874,197,1,357.13715,402.64874,450.96844
load_26,2013-10-22 01:00:00,536.4,384.78687,197,2,339.13776,384.78687,435.20337
load_26,2013-10-22 02:00:00,507.0,373.6535,197,3,325.9878,373.6535,410.22412
load_26,2013-10-22 03:00:00,461.1,354.82867,197,4,314.35248,354.82867,393.22937
load_26,2013-10-22 04:00:00,439.8,358.48138,197,5,318.10687,358.48138,395.17035
load_26,2013-10-22 05:00:00,433.5,362.08844,197,6,319.5799,362.08844,396.71643
load_26,2013-10-22 06:00:00,425.7,374.21997,197,7,331.82874,374.21997,408.98444
load_26,2013-10-22 07:00:00,468.0,400.57318,197,8,351.48358,400.57318,442.20453
load_26,2013-10-22 08:00:00,529.2,495.78625,197,9,436.46204,495.78625,551.56934
load_26,2013-10-22 09:00:00,935.1,874.6929,197,10,777.5561,874.6929,957.1852
load_26,2013-10-22 10:00:00,1532.4,1596.75,197,11,1461.5503,1596.75,1720.8544
load_26,2013-10-22 11:00:00,2326.2,2252.6504,197,12,2104.619,2252.6504,2369.4197
load_26,2013-10-22 12:00:00,2371.8,2324.7083,197,13,2159.4182,2324.7083,2446.0083
load_26,2013-10-22 13:00:00,2413.2,2339.6516,197,14,2156.5383,2339.6516,2467.2795
load_26,2013-10-22 14:00:00,2405.1,2348.045,197,15,2200.1401,2348.045,2481.7632
load_26,2013-10-22 15:00:00,2386.5,2321.1536,197,16,2178.9377,2321.1536,2450.5732
load_26,2013-10-22 16:00:00,2405.7,2354.541,197,17,2169.6453,2354.541,2474.6348
load_26,2013-10-22 17:00:00,2430.6,2351.9092,197,18,2190.281,2351.9092,2496.6707
load_26,2013-10-22 18:00:00,2398.2,2338.5234,197,19,2177.6814,2338.5234,2500.4106
load_26,2013-10-22 19:00:00,2371.5,2323.1868,197,20,2103.4927,2323.1868,2490.963
load_26,2013-10-22 20:00:00,1935.3,2038.0664,197,21,1763.2753,2038.0664,2226.6948
load_26,2013-10-22 21:00:00,1016.7,1066.8971,197,22,890.3457,1066.8971,1222.722
load_26,2013-10-22 22:00:00,775.8,708.2149,197,23,601.5444,708.2149,842.7255
load_26,2013-10-22 23:00:00,475.2,503.31604,197,24,430.9489,503.31604,578.287
load_26,2013-10-23 00:00:00,374.7,425.92645,198,1,374.58008,425.92645,484.13275
load_26,2013-10-23 01:00:00,394.2,419.21368,198,2,362.96057,419.21368,475.46857
load_26,2013-10-23 02:00:00,363.9,404.8545,198,3,351.10272,404.8545,451.20978
load_26,2013-10-23 03:00:00,329.4,383.4287,198,4,332.9959,383.4287,434.5064
load_26,2013-10-23 04:00:00,330.9,382.61755,198,5,335.0938,382.61755,429.3332
load_26,2013-10-23 05:00:00,317.4,385.7317,198,6,335.85645,385.7317,430.9876
load_26,2013-10-23 06:00:00,320.4,388.80798,198,7,336.93835,388.80798,432.17822
load_26,2013-10-23 07:00:00,357.0,409.00006,198,8,352.85504,409.00006,455.97455
load_26,2013-10-23 08:00:00,395.7,506.45612,198,9,438.45654,506.45612,557.8839
load_26,2013-10-23 09:00:00,609.0,873.18726,198,10,784.8132,873.18726,958.03125
load_26,2013-10-23 10:00:00,1285.2,1601.9648,198,11,1477.3989,1601.9648,1715.6636
load_26,2013-10-23 11:00:00,1927.8,2293.7952,198,12,2155.4685,2293.7952,2390.4932
load_26,2013-10-23 12:00:00,1978.5,2351.3257,198,13,2212.9036,2351.3257,2455.6848
load_26,2013-10-23 13:00:00,1949.4,2358.1045,198,14,2202.7441,2358.1045,2466.844
load_26,2013-10-23 14:00:00,1959.9,2351.657,198,15,2226.2646,2351.657,2477.2607
load_26,2013-10-23 15:00:00,1925.4,2336.7266,198,16,2212.4314,2336.7266,2449.2612
load_26,2013-10-23 16:00:00,1960.5,2363.5742,198,17,2207.2046,2363.5742,2479.6318
load_26,2013-10-23 17:00:00,1969.2,2349.5867,198,18,2206.6643,2349.5867,2485.4136
load_26,2013-10-23 18:00:00,1975.5,2333.1467,198,19,2184.6082,2333.1467,2483.512
load_26,2013-10-23 19:00:00,1984.5,2319.5374,198,20,2136.888,2319.5374,2467.791
load_26,2013-10-23 20:00:00,1538.4,1947.325,198,21,1730.9867,1947.325,2133.737
load_26,2013-10-23 21:00:00,684.3,1020.1376,198,22,872.7222,1020.1376,1164.2588
load_26,2013-10-23 22:00:00,492.3,720.85114,198,23,617.4612,720.85114,852.0388
load_26,2013-10-23 23:00:00,420.0,515.90265,198,24,437.1726,515.90265,604.9139
load_26,2013-10-24 00:00:00,376.2,378.5498,199,1,338.9068,378.5498,419.25653
load_26,2013-10-24 01:00:00,398.7,368.16455,199,2,325.83203,368.16455,414.01086
load_26,2013-10-24 02:00:00,363.0,364.65692,199,3,319.97693,364.65692,405.8001
load_26,2013-10-24 03:00:00,323.7,360.03223,199,4,318.63153,360.03223,406.4496
load_26,2013-10-24 04:00:00,351.6,358.46222,199,5,312.65332,358.46222,407.77576
load_26,2013-10-24 05:00:00,351.3,363.6142,199,6,310.67273,363.6142,414.77423
load_26,2013-10-24 06:00:00,336.0,372.4483,199,7,319.08685,372.4483,428.50055
load_26,2013-10-24 07:00:00,408.3,371.8327,199,8,322.847,371.8327,444.40515
load_26,2013-10-24 08:00:00,489.3,428.8946,199,9,363.35242,428.8946,518.0868
load_26,2013-10-24 09:00:00,897.6,732.602,199,10,577.88947,732.602,890.9398
load_26,2013-10-24 10:00:00,1683.3,1378.4918,199,11,1133.5001,1378.4918,1602.235
load_26,2013-10-24 11:00:00,2328.0,2091.5762,199,12,1782.9005,2091.5762,2294.2275
load_26,2013-10-24 12:00:00,2377.5,2144.058,199,13,1826.8813,2144.058,2348.2563
load_26,2013-10-24 13:00:00,2406.6,2156.2693,199,14,1844.875,2156.2693,2365.4023
load_26,2013-10-24 14:00:00,2369.1,2147.3843,199,15,1834.1691,2147.3843,2365.1616
load_26,2013-10-24 15:00:00,2340.3,2151.2275,199,16,1840.5282,2151.2275,2362.9287
load_26,2013-10-24 16:00:00,2370.6,2189.3892,199,17,1864.7373,2189.3892,2391.004
load_26,2013-10-24 17:00:00,2393.1,2202.396,199,18,1892.1859,2202.396,2396.8228
load_26,2013-10-24 18:00:00,2416.2,2190.4102,199,19,1881.2827,2190.4102,2404.8765
load_26,2013-10-24 19:00:00,2373.0,2163.6172,199,20,1839.4255,2163.6172,2389.2905
load_26,2013-10-24 20:00:00,1925.4,1828.5828,199,21,1474.9724,1828.5828,2083.2434
load_26,2013-10-24 21:00:00,1023.0,896.197,199,22,667.0033,896.197,1122.9385
load_26,2013-10-24 22:00:00,749.4,613.63574,199,23,485.87854,613.63574,803.91113
load_26,2013-10-24 23:00:00,464.4,434.9173,199,24,369.6775,434.9173,533.78766
load_26,2013-10-25 00:00:00,389.4,415.5899,200,1,367.55524,415.5899,467.27838
load_26,2013-10-25 01:00:00,410.1,396.8078,200,2,345.55048,396.8078,453.4159
load_26,2013-10-25 02:00:00,386.1,382.39532,200,3,326.51495,382.39532,431.3954
load_26,2013-10-25 03:00:00,339.6,364.85266,200,4,313.40942,364.85266,418.70465
load_26,2013-10-25 04:00:00,365.1,363.6123,200,5,310.83185,363.6123,421.19568
load_26,2013-10-25 05:00:00,365.7,367.85706,200,6,311.39685,367.85706,422.5797
load_26,2013-10-25 06:00:00,367.8,374.56964,200,7,315.2569,374.56964,432.8382
load_26,2013-10-25 07:00:00,407.4,408.39252,200,8,340.9555,408.39252,473.7531
load_26,2013-10-25 08:00:00,483.3,499.9084,200,9,416.3017,499.9084,599.4041
load_26,2013-10-25 09:00:00,912.3,862.00146,200,10,720.6684,862.00146,992.65814
load_26,2013-10-25 10:00:00,1721.7,1588.4473,200,11,1394.1885,1588.4473,1771.8607
load_26,2013-10-25 11:00:00,2362.2,2281.4736,200,12,2082.8809,2281.4736,2410.3296
load_26,2013-10-25 12:00:00,2417.7,2322.3542,200,13,2119.2095,2322.3542,2465.2202
load_26,2013-10-25 13:00:00,2407.5,2332.6987,200,14,2096.5078,2332.6987,2479.7666
load_26,2013-10-25 14:00:00,2396.4,2326.4165,200,15,2121.476,2326.4165,2480.9248
load_26,2013-10-25 15:00:00,2373.0,2309.3403,200,16,2112.3354,2309.3403,2457.6301
load_26,2013-10-25 16:00:00,2411.4,2332.8174,200,17,2076.0078,2332.8174,2483.5454
load_26,2013-10-25 17:00:00,2434.5,2328.769,200,18,2100.0576,2328.769,2500.336
load_26,2013-10-25 18:00:00,2460.6,2318.846,200,19,2108.5166,2318.846,2505.6934
load_26,2013-10-25 19:00:00,2417.4,2304.2468,200,20,2014.3561,2304.2468,2504.8984
load_26,2013-10-25 20:00:00,2384.4,1996.6367,200,21,1627.3215,1996.6367,2225.701
load_26,2013-10-25 21:00:00,1416.9,1034.1527,200,22,797.2096,1034.1527,1265.0275
load_26,2013-10-25 22:00:00,766.2,713.05817,200,23,560.77606,713.05817,901.8028
load_26,2013-10-25 23:00:00,470.7,517.92554,200,24,412.73712,517.92554,628.2413
load_26,2013-10-28 00:00:00,385.5,408.80078,201,1,355.37494,408.80078,460.33893
load_26,2013-10-28 01:00:00,392.1,391.18182,201,2,341.66614,391.18182,447.71893
load_26,2013-10-28 02:00:00,359.7,382.25256,201,3,331.50122,382.25256,424.3051
load_26,2013-10-28 03:00:00,329.7,367.07556,201,4,322.60583,367.07556,411.28625
load_26,2013-10-28 04:00:00,354.0,361.33978,201,5,317.21326,361.33978,406.88776
load_26,2013-10-28 05:00:00,357.6,368.1978,201,6,322.0058,368.1978,407.02582
load_26,2013-10-28 06:00:00,357.6,379.8684,201,7,331.59283,379.8684,423.2906
load_26,2013-10-28 07:00:00,418.2,406.7013,201,8,350.60535,406.7013,455.75378
load_26,2013-10-28 08:00:00,486.0,498.1043,201,9,431.1306,498.1043,571.56085
load_26,2013-10-28 09:00:00,857.1,905.8994,201,10,788.5253,905.8994,988.1714
load_26,2013-10-28 10:00:00,1452.9,1629.5234,201,11,1483.4321,1629.5234,1753.33
load_26,2013-10-28 11:00:00,2348.1,2330.211,201,12,2192.4106,2330.211,2408.461
load_26,2013-10-28 12:00:00,2361.9,2374.5098,201,13,2238.6892,2374.5098,2461.0728
load_26,2013-10-28 13:00:00,2380.2,2378.5698,201,14,2231.047,2378.5698,2466.4956
load_26,2013-10-28 14:00:00,2347.8,2378.308,201,15,2261.4238,2378.308,2469.82
load_26,2013-10-28 15:00:00,2310.6,2360.1646,201,16,2248.2441,2360.1646,2450.6501
load_26,2013-10-28 16:00:00,2341.8,2383.0527,201,17,2218.1821,2383.0527,2480.636
load_26,2013-10-28 17:00:00,2363.4,2369.121,201,18,2230.5254,2369.121,2478.0283
load_26,2013-10-28 18:00:00,2395.8,2358.2866,201,19,2206.1948,2358.2866,2481.682
load_26,2013-10-28 19:00:00,2352.9,2338.7476,201,20,2129.9375,2338.7476,2462.388
load_26,2013-10-28 20:00:00,1903.5,2064.867,201,21,1779.7297,2064.867,2222.6765
load_26,2013-10-28 21:00:00,981.3,1104.3711,201,22,901.22766,1104.3711,1285.4109
load_26,2013-10-28 22:00:00,709.8,750.97687,201,23,621.64575,750.97687,907.60095
load_26,2013-10-28 23:00:00,458.4,512.52686,201,24,425.2661,512.52686,603.0706
load_26,2013-10-29 00:00:00,381.9,385.84827,202,1,338.70996,385.84827,439.088
load_26,2013-10-29 01:00:00,390.9,372.51074,202,2,321.3769,372.51074,425.86707
load_26,2013-10-29 02:00:00,344.7,356.39642,202,3,302.48187,356.39642,400.97455
load_26,2013-10-29 03:00:00,320.4,339.38104,202,4,292.76868,339.38104,386.74542
load_26,2013-10-29 04:00:00,324.6,340.36743,202,5,292.89758,340.36743,387.3424
load_26,2013-10-29 05:00:00,318.3,346.19092,202,6,296.0484,346.19092,391.34766
load_26,2013-10-29 06:00:00,322.5,358.77527,202,7,307.2771,358.77527,405.1541
load_26,2013-10-29 07:00:00,381.6,395.4052,202,8,332.17523,395.4052,443.69806
load_26,2013-10-29 08:00:00,460.5,470.9254,202,9,402.14966,470.9254,535.8571
load_26,2013-10-29 09:00:00,871.8,814.5055,202,10,703.4283,814.5055,922.26874
load_26,2013-10-29 10:00:00,1449.0,1505.6736,202,11,1335.3878,1505.6736,1661.095
load_26,2013-10-29 11:00:00,2229.0,2192.5913,202,12,2017.8734,2192.5913,2312.455
load_26,2013-10-29 12:00:00,2355.0,2254.1538,202,13,2061.6182,2254.1538,2379.8892
load_26,2013-10-29 13:00:00,2347.8,2265.4556,202,14,2054.9912,2265.4556,2393.1475
load_26,2013-10-29 14:00:00,2328.0,2254.995,202,15,2071.0283,2254.995,2398.1938
load_26,2013-10-29 15:00:00,2296.2,2242.2231,202,16,2055.0278,2242.2231,2378.6785
load_26,2013-10-29 16:00:00,2337.9,2274.2388,202,17,2028.7769,2274.2388,2412.2314
load_26,2013-10-29 17:00:00,2377.5,2281.9536,202,18,2064.5066,2281.9536,2437.7246
load_26,2013-10-29 18:00:00,2382.0,2270.1394,202,19,2050.8352,2270.1394,2446.4624
load_26,2013-10-29 19:00:00,2327.7,2261.4854,202,20,1992.0369,2261.4854,2448.4294
load_26,2013-10-29 20:00:00,1854.6,1934.0442,202,21,1603.7817,1934.0442,2158.7302
load_26,2013-10-29 21:00:00,956.1,990.96295,202,22,787.5088,990.96295,1194.6317
load_26,2013-10-29 22:00:00,706.5,669.906,202,23,538.76086,669.906,834.0663
load_26,2013-10-29 23:00:00,462.0,480.69934,202,24,387.6405,480.69934,569.0901
load_26,2013-10-30 00:00:00,413.1,386.01257,203,1,335.34375,386.01257,438.38556
load_26,2013-10-30 01:00:00,420.6,368.46448,203,2,320.74988,368.46448,423.32452
load_26,2013-10-30 02:00:00,391.2,357.50464,203,3,308.81323,357.50464,397.97015
load_26,2013-10-30 03:00:00,360.3,341.7469,203,4,300.45258,341.7469,385.60712
load_26,2013-10-30 04:00:00,388.2,338.02692,203,5,295.7428,338.02692,381.21014
load_26,2013-10-30 05:00:00,391.5,349.0534,203,6,303.3656,349.0534,388.17517
load_26,2013-10-30 06:00:00,356.4,353.43958,203,7,306.12463,353.43958,393.78784
load_26,2013-10-30 07:00:00,383.7,376.9002,203,8,327.682,376.9002,425.89893
load_26,2013-10-30 08:00:00,463.2,458.78625,203,9,396.79028,458.78625,525.0374
load_26,2013-10-30 09:00:00,840.9,826.2493,203,10,707.3511,826.2493,930.9745
load_26,2013-10-30 10:00:00,1720.5,1471.2002,203,11,1300.2852,1471.2002,1622.2711
load_26,2013-10-30 11:00:00,2295.6,2242.0212,203,12,2080.5244,2242.0212,2335.6506
load_26,2013-10-30 12:00:00,2367.3,2301.025,203,13,2136.5278,2301.025,2402.7385
load_26,2013-10-30 13:00:00,2350.2,2312.448,203,14,2129.778,2312.448,2417.7017
load_26,2013-10-30 14:00:00,2313.3,2288.2441,203,15,2151.4644,2288.2441,2406.9937
load_26,2013-10-30 15:00:00,2274.9,2283.0518,203,16,2144.9375,2283.0518,2392.2764
load_26,2013-10-30 16:00:00,2328.3,2323.2246,203,17,2139.0923,2323.2246,2428.5605
load_26,2013-10-30 17:00:00,2343.6,2314.3816,203,18,2168.1274,2314.3816,2430.7295
load_26,2013-10-30 18:00:00,2352.9,2302.1123,203,19,2148.2363,2302.1123,2435.0718
load_26,2013-10-30 19:00:00,2351.1,2280.0466,203,20,2073.3508,2280.0466,2416.1245
load_26,2013-10-30 20:00:00,1824.0,1890.42,203,21,1635.0112,1890.42,2082.7866
load_26,2013-10-30 21:00:00,1001.7,972.0725,203,22,800.1654,972.0725,1141.6786
load_26,2013-10-30 22:00:00,731.4,687.35815,203,23,568.19946,687.35815,835.553
load_26,2013-10-30 23:00:00,493.8,484.6753,203,24,403.74475,484.6753,564.9747
load_26,2013-10-31 00:00:00,420.0,396.40826,204,1,351.4261,396.40826,448.9425
load_26,2013-10-31 01:00:00,420.9,381.27142,204,2,331.72705,381.27142,430.25824
load_26,2013-10-31 02:00:00,391.8,363.13666,204,3,314.21814,363.13666,402.49426
load_26,2013-10-31 03:00:00,349.5,346.0995,204,4,302.68237,346.0995,387.30182
load_26,2013-10-31 04:00:00,360.9,348.351,204,5,306.97107,348.351,388.58618
load_26,2013-10-31 05:00:00,357.3,357.9458,204,6,313.91028,357.9458,395.15613
load_26,2013-10-31 06:00:00,349.5,362.51703,204,7,316.28662,362.51703,397.80182
load_26,2013-10-31 07:00:00,411.3,388.69617,204,8,334.9198,388.69617,428.74005
load_26,2013-10-31 08:00:00,482.1,472.70422,204,9,410.66205,472.70422,521.76306
load_26,2013-10-31 09:00:00,958.5,845.31354,204,10,751.15686,845.31354,924.7495
load_26,2013-10-31 10:00:00,1739.4,1571.7219,204,11,1442.4427,1571.7219,1686.7516
load_26,2013-10-31 11:00:00,2317.8,2244.981,204,12,2109.3687,2244.981,2334.7656
load_26,2013-10-31 12:00:00,2394.3,2307.8457,204,13,2181.427,2307.8457,2405.583
load_26,2013-10-31 13:00:00,2369.1,2309.8662,204,14,2167.848,2309.8662,2407.9802
load_26,2013-10-31 14:00:00,2364.0,2302.769,204,15,2185.7156,2302.769,2413.4453
load_26,2013-10-31 15:00:00,2346.3,2281.8713,204,16,2167.0605,2281.8713,2384.705
load_26,2013-10-31 16:00:00,2359.8,2316.8252,204,17,2154.15,2316.8252,2422.5566
load_26,2013-10-31 17:00:00,2377.2,2312.4702,204,18,2171.4448,2312.4702,2438.0146
load_26,2013-10-31 18:00:00,2391.6,2307.997,204,19,2159.5088,2307.997,2447.4707
load_26,2013-10-31 19:00:00,2385.0,2284.184,204,20,2086.7844,2284.184,2431.8484
load_26,2013-10-31 20:00:00,1896.6,1927.5553,204,21,1689.6372,1927.5553,2107.2183
load_26,2013-10-31 21:00:00,1004.4,1001.50793,204,22,846.20013,1001.50793,1144.1653
load_26,2013-10-31 22:00:00,743.1,688.7376,204,23,586.26447,688.7376,818.3689
load_26,2013-10-31 23:00:00,472.8,486.63013,204,24,414.05902,486.63013,562.2674
load_26,2013-11-01 00:00:00,389.7,412.18433,205,1,368.9994,412.18433,455.20233
load_26,2013-11-01 01:00:00,408.6,391.98187,205,2,351.56708,391.98187,437.50958
load_26,2013-11-01 02:00:00,360.0,387.3531,205,3,345.70685,387.3531,417.0185
load_26,2013-11-01 03:00:00,321.6,370.48334,205,4,334.11774,370.48334,401.49292
load_26,2013-11-01 04:00:00,322.8,370.58252,205,5,335.77435,370.58252,402.69928
load_26,2013-11-01 05:00:00,311.7,379.9281,205,6,342.1906,379.9281,408.51855
load_26,2013-11-01 06:00:00,317.1,381.8927,205,7,341.385,381.8927,408.42023
load_26,2013-11-01 07:00:00,372.6,389.96564,205,8,350.1407,389.96564,427.10394
load_26,2013-11-01 08:00:00,475.5,476.6883,205,9,426.10797,476.6883,535.21277
load_26,2013-11-01 09:00:00,865.8,897.0336,205,10,788.10065,897.0336,980.64294
load_26,2013-11-01 10:00:00,1618.2,1624.906,205,11,1496.9993,1624.906,1745.5938
load_26,2013-11-01 11:00:00,2347.5,2300.8987,205,12,2175.3198,2300.8987,2380.6738
load_26,2013-11-01 12:00:00,2376.6,2345.984,205,13,2229.836,2345.984,2433.393
load_26,2013-11-01 13:00:00,2346.3,2353.3867,205,14,2226.638,2353.3867,2441.912
load_26,2013-11-01 14:00:00,2364.3,2338.8286,205,15,2232.4216,2338.8286,2436.019
load_26,2013-11-01 15:00:00,2320.2,2319.795,205,16,2213.5786,2319.795,2412.6138
load_26,2013-11-01 16:00:00,2353.5,2347.3047,205,17,2199.8503,2347.3047,2447.858
load_26,2013-11-01 17:00:00,2375.1,2333.0867,205,18,2202.7773,2333.0867,2446.645
load_26,2013-11-01 18:00:00,2451.0,2330.6787,205,19,2188.9336,2330.6787,2461.6277
load_26,2013-11-01 19:00:00,2426.1,2320.0005,205,20,2132.0557,2320.0005,2456.6604
load_26,2013-11-01 20:00:00,2393.1,1946.8058,205,21,1693.7767,1946.8058,2126.5066
load_26,2013-11-01 21:00:00,1411.8,1020.55835,205,22,850.8445,1020.55835,1186.3394
load_26,2013-11-01 22:00:00,817.5,702.9924,205,23,600.6616,702.9924,843.2451
load_26,2013-11-01 23:00:00,520.5,486.47894,205,24,421.16174,486.47894,556.87177
load_26,2013-11-04 00:00:00,399.6,401.39856,206,1,354.08838,401.39856,448.93164
load_26,2013-11-04 01:00:00,417.6,377.2989,206,2,332.48358,377.2989,425.6178
load_26,2013-11-04 02:00:00,377.4,364.1062,206,3,318.24982,364.1062,395.96118
load_26,2013-11-04 03:00:00,333.0,345.51263,206,4,304.69855,345.51263,378.59845
load_26,2013-11-04 04:00:00,335.1,345.73816,206,5,306.29785,345.73816,382.96735
load_26,2013-11-04 05:00:00,330.9,353.27747,206,6,311.8382,353.27747,382.30432
load_26,2013-11-04 06:00:00,336.0,365.8365,206,7,322.90204,365.8365,399.2873
load_26,2013-11-04 07:00:00,408.0,393.7885,206,8,343.0628,393.7885,430.65497
load_26,2013-11-04 08:00:00,479.7,489.2845,206,9,430.2224,489.2845,554.0208
load_26,2013-11-04 09:00:00,884.4,886.97437,206,10,792.19836,886.97437,962.1372
load_26,2013-11-04 10:00:00,1575.0,1578.0754,206,11,1460.2643,1578.0754,1695.157
load_26,2013-11-04 11:00:00,2333.7,2297.4412,206,12,2191.986,2297.4412,2366.8088
load_26,2013-11-04 12:00:00,2370.3,2353.2783,206,13,2261.036,2353.2783,2428.5898
load_26,2013-11-04 13:00:00,2356.5,2352.0645,206,14,2259.3408,2352.0645,2429.3257
load_26,2013-11-04 14:00:00,2344.8,2335.4268,206,15,2253.0059,2335.4268,2421.4243
load_26,2013-11-04 15:00:00,2321.7,2325.047,206,16,2239.2632,2325.047,2404.7344
load_26,2013-11-04 16:00:00,2369.1,2361.1719,206,17,2250.278,2361.1719,2446.483
load_26,2013-11-04 17:00:00,2390.4,2353.7642,206,18,2248.8887,2353.7642,2450.8232
load_26,2013-11-04 18:00:00,2396.4,2353.1562,206,19,2242.2307,2353.1562,2462.8406
load_26,2013-11-04 19:00:00,2360.4,2336.6492,206,20,2196.5225,2336.6492,2452.2058
load_26,2013-11-04 20:00:00,1870.5,1995.1979,206,21,1785.5854,1995.1979,2156.332
load_26,2013-11-04 21:00:00,957.9,1069.5314,206,22,912.86145,1069.5314,1233.5527
load_26,2013-11-04 22:00:00,713.7,727.9051,206,23,629.89606,727.9051,869.1969
load_26,2013-11-04 23:00:00,460.8,485.97498,206,24,422.451,485.97498,558.79456
load_26,2013-11-05 00:00:00,380.1,386.47113,207,1,342.38696,386.47113,429.75397
load_26,2013-11-05 01:00:00,388.5,367.4947,207,2,326.88995,367.4947,411.39978
load_26,2013-11-05 02:00:00,354.3,359.713,207,3,318.1106,359.713,388.71368
load_26,2013-11-05 03:00:00,317.1,341.4798,207,4,303.69995,341.4798,372.39386
load_26,2013-11-05 04:00:00,316.5,344.206,207,5,308.7845,344.206,375.4698
load_26,2013-11-05 05:00:00,311.4,351.92432,207,6,314.1056,351.92432,378.53497
load_26,2013-11-05 06:00:00,315.9,357.58118,207,7,317.6867,357.58118,381.52277
load_26,2013-11-05 07:00:00,381.0,375.14996,207,8,335.94434,375.14996,410.80078
load_26,2013-11-05 08:00:00,474.3,472.00653,207,9,420.03607,472.00653,522.66254
load_26,2013-11-05 09:00:00,870.9,870.24225,207,10,782.563,870.24225,938.1473
load_26,2013-11-05 10:00:00,1478.7,1579.2137,207,11,1474.4558,1579.2137,1681.1646
load_26,2013-11-05 11:00:00,2332.2,2293.7437,207,12,2198.623,2293.7437,2358.9512
load_26,2013-11-05 12:00:00,2354.7,2343.253,207,13,2261.5425,2343.253,2411.9917
load_26,2013-11-05 13:00:00,2422.5,2338.7803,207,14,2258.6113,2338.7803,2408.251
load_26,2013-11-05 14:00:00,2478.6,2323.513,207,15,2250.2512,2323.513,2405.5964
load_26,2013-11-05 15:00:00,2351.1,2298.9585,207,16,2221.705,2298.9585,2375.888
load_26,2013-11-05 16:00:00,2373.0,2347.7417,207,17,2241.5303,2347.7417,2427.0747
load_26,2013-11-05 17:00:00,2342.4,2339.168,207,18,2241.1216,2339.168,2430.7407
load_26,2013-11-05 18:00:00,2390.7,2333.9517,207,19,2229.2202,2333.9517,2439.3105
load_26,2013-11-05 19:00:00,2366.4,2324.819,207,20,2195.5635,2324.819,2431.6206
load_26,2013-11-05 20:00:00,1907.4,1984.5425,207,21,1792.698,1984.5425,2137.6343
load_26,2013-11-05 21:00:00,1008.6,1056.6707,207,22,908.4248,1056.6707,1205.5052
load_26,2013-11-05 22:00:00,796.8,713.1406,207,23,626.1355,713.1406,841.6444
load_26,2013-11-05 23:00:00,554.1,483.2356,207,24,426.39984,483.2356,548.96356
load_26,2013-11-06 00:00:00,477.9,395.4566,208,1,354.41516,395.4566,446.12085
load_26,2013-11-06 01:00:00,500.1,376.792,208,2,331.9287,376.792,425.85907
load_26,2013-11-06 02:00:00,444.6,359.1236,208,3,312.66864,359.1236,393.02826
load_26,2013-11-06 03:00:00,333.0,336.6419,208,4,294.65735,336.6419,373.82416
load_26,2013-11-06 04:00:00,355.5,337.16205,208,5,298.1848,337.16205,373.39288
load_26,2013-11-06 05:00:00,354.6,341.836,208,6,300.64435,341.836,373.79578
load_26,2013-11-06 06:00:00,346.8,346.27063,208,7,302.7213,346.27063,376.74658
load_26,2013-11-06 07:00:00,406.5,373.59937,208,8,327.31433,373.59937,412.87903
load_26,2013-11-06 08:00:00,463.2,476.27887,208,9,422.56207,476.27887,527.615
load_26,2013-11-06 09:00:00,864.9,884.1824,208,10,801.2063,884.1824,950.06006
load_26,2013-11-06 10:00:00,1450.2,1553.2823,208,11,1448.3304,1553.2823,1659.0825
load_26,2013-11-06 11:00:00,2274.0,2285.5125,208,12,2191.121,2285.5125,2343.2236
load_26,2013-11-06 12:00:00,2375.1,2346.024,208,13,2266.0308,2346.024,2408.513
load_26,2013-11-06 13:00:00,2371.8,2350.379,208,14,2272.1282,2350.379,2414.0452
load_26,2013-11-06 14:00:00,2373.3,2346.6338,208,15,2265.8638,2346.6338,2411.8076
load_26,2013-11-06 15:00:00,2353.2,2311.4448,208,16,2232.0007,2311.4448,2380.8464
load_26,2013-11-06 16:00:00,2387.7,2346.9346,208,17,2249.6316,2346.9346,2416.3208
load_26,2013-11-06 17:00:00,2408.4,2334.3438,208,18,2243.5198,2334.3438,2416.7095
load_26,2013-11-06 18:00:00,2381.7,2331.6875,208,19,2237.0408,2331.6875,2425.7432
load_26,2013-11-06 19:00:00,2358.0,2320.969,208,20,2217.4011,2320.969,2411.66
load_26,2013-11-06 20:00:00,1898.1,1889.7959,208,21,1734.7362,1889.7959,2054.6765
load_26,2013-11-06 21:00:00,993.0,992.32947,208,22,880.7871,992.32947,1121.6809
load_26,2013-11-06 22:00:00,794.4,724.97754,208,23,647.95184,724.97754,846.32715
load_26,2013-11-06 23:00:00,544.2,496.60925,208,24,440.7201,496.60925,569.6468
load_26,2013-11-07 00:00:00,443.7,424.25464,209,1,378.58978,424.25464,466.693
load_26,2013-11-07 01:00:00,451.2,409.544,209,2,362.44788,409.544,454.97076
load_26,2013-11-07 02:00:00,405.9,381.48865,209,3,335.92865,381.48865,418.86176
load_26,2013-11-07 03:00:00,329.4,352.2577,209,4,309.3852,352.2577,390.02222
load_26,2013-11-07 04:00:00,357.9,352.44257,209,5,312.80963,352.44257,389.03894
load_26,2013-11-07 05:00:00,357.9,358.64532,209,6,316.9474,358.64532,391.33032
load_26,2013-11-07 06:00:00,365.7,360.51184,209,7,315.6433,360.51184,389.07104
load_26,2013-11-07 07:00:00,392.7,386.2193,209,8,338.80573,386.2193,422.8623
load_26,2013-11-07 08:00:00,493.8,491.85803,209,9,437.787,491.85803,539.4249
load_26,2013-11-07 09:00:00,896.7,891.19965,209,10,805.9284,891.19965,955.984
load_26,2013-11-07 10:00:00,1704.9,1574.3954,209,11,1467.2692,1574.3954,1682.1624
load_26,2013-11-07 11:00:00,2333.4,2302.934,209,12,2209.511,2302.934,2362.1929
load_26,2013-11-07 12:00:00,2362.5,2355.9658,209,13,2279.0186,2355.9658,2417.1116
load_26,2013-11-07 13:00:00,2382.9,2362.4082,209,14,2288.592,2362.4082,2423.9316
load_26,2013-11-07 14:00:00,2363.1,2366.59,209,15,2287.2373,2366.59,2426.8545
load_26,2013-11-07 15:00:00,2341.5,2325.3586,209,16,2250.5254,2325.3586,2391.5825
load_26,2013-11-07 16:00:00,2360.4,2367.0176,209,17,2266.7258,2367.0176,2440.1948
load_26,2013-11-07 17:00:00,2381.7,2348.9307,209,18,2256.5881,2348.9307,2435.1282
load_26,2013-11-07 18:00:00,2410.5,2341.1545,209,19,2243.1777,2341.1545,2439.7412
load_26,2013-11-07 19:00:00,2391.6,2330.143,209,20,2219.2502,2330.143,2422.6504
load_26,2013-11-07 20:00:00,1925.1,1930.574,209,21,1780.2754,1930.574,2090.2256
load_26,2013-11-07 21:00:00,963.9,1012.866,209,22,898.8975,1012.866,1128.6003
load_26,2013-11-07 22:00:00,737.1,745.75165,209,23,664.1062,745.75165,865.19763
load_26,2013-11-07 23:00:00,478.5,520.26886,209,24,459.02057,520.26886,597.205
load_26,2013-11-08 00:00:00,411.0,404.24146,210,1,364.29138,404.24146,453.73206
load_26,2013-11-08 01:00:00,419.1,389.8009,210,2,344.99048,389.8009,436.32666
load_26,2013-11-08 02:00:00,374.4,371.763,210,3,325.05768,371.763,405.72498
load_26,2013-11-08 03:00:00,357.9,347.3698,210,4,303.49225,347.3698,382.42572
load_26,2013-11-08 04:00:00,372.0,345.17517,210,5,305.71332,345.17517,379.17322
load_26,2013-11-08 05:00:00,362.4,350.10327,210,6,307.90704,350.10327,380.24005
load_26,2013-11-08 06:00:00,359.4,354.1031,210,7,308.63434,354.1031,381.44165
load_26,2013-11-08 07:00:00,404.4,370.771,210,8,324.87933,370.771,407.12067
load_26,2013-11-08 08:00:00,493.8,475.65466,210,9,422.52332,475.65466,526.04114
load_26,2013-11-08 09:00:00,888.3,887.57605,210,10,807.7429,887.57605,952.9935
load_26,2013-11-08 10:00:00,1565.4,1584.0686,210,11,1488.4655,1584.0686,1685.5186
load_26,2013-11-08 11:00:00,2133.9,2307.977,210,12,2225.7246,2307.977,2358.4585
load_26,2013-11-08 12:00:00,2403.6,2357.3594,210,13,2289.7031,2357.3594,2412.4736
load_26,2013-11-08 13:00:00,2410.8,2363.5007,210,14,2297.46,2363.5007,2419.059
load_26,2013-11-08 14:00:00,2417.7,2364.312,210,15,2295.177,2364.312,2420.5737
load_26,2013-11-08 15:00:00,2393.1,2346.3066,210,16,2279.819,2346.3066,2406.773
load_26,2013-11-08 16:00:00,2397.9,2369.7065,210,17,2276.4275,2369.7065,2434.2256
load_26,2013-11-08 17:00:00,2397.9,2353.8574,210,18,2269.3433,2353.8574,2430.4045
load_26,2013-11-08 18:00:00,2440.2,2350.101,210,19,2261.4614,2350.101,2439.1094
load_26,2013-11-08 19:00:00,2392.2,2342.783,210,20,2244.515,2342.783,2427.9712
load_26,2013-11-08 20:00:00,2376.0,1948.7906,210,21,1783.3098,1948.7906,2105.7395
load_26,2013-11-08 21:00:00,1332.3,1020.81586,210,22,895.5827,1020.81586,1157.8698
load_26,2013-11-08 22:00:00,814.2,734.01764,210,23,653.731,734.01764,856.7167
load_26,2013-11-08 23:00:00,580.8,506.6554,210,24,452.46533,506.6554,575.3288
load_26,2013-11-11 00:00:00,403.5,420.81335,211,1,371.20563,420.81335,469.75378
load_26,2013-11-11 01:00:00,394.5,403.77246,211,2,353.62494,403.77246,456.66467
load_26,2013-11-11 02:00:00,364.2,379.19635,211,3,328.47162,379.19635,417.85822
load_26,2013-11-11 03:00:00,355.2,353.2129,211,4,307.66223,353.2129,394.0525
load_26,2013-11-11 04:00:00,388.8,351.1015,211,5,308.08795,351.1015,393.284
load_26,2013-11-11 05:00:00,395.7,354.96912,211,6,309.91144,354.96912,391.1714
load_26,2013-11-11 06:00:00,380.1,364.6731,211,7,317.01575,364.6731,402.62878
load_26,2013-11-11 07:00:00,394.5,393.4159,211,8,340.98834,393.4159,436.5484
load_26,2013-11-11 08:00:00,470.7,502.9956,211,9,441.8858,502.9956,567.7045
load_26,2013-11-11 09:00:00,959.4,902.29443,211,10,812.26624,902.29443,974.0897
load_26,2013-11-11 10:00:00,1607.4,1583.5837,211,11,1473.6493,1583.5837,1699.3755
load_26,2013-11-11 11:00:00,2411.4,2302.8152,211,12,2201.2302,2302.8152,2366.3218
load_26,2013-11-11 12:00:00,2395.2,2355.838,211,13,2268.236,2355.838,2423.9604
load_26,2013-11-11 13:00:00,2390.1,2364.392,211,14,2277.854,2364.392,2433.9941
load_26,2013-11-11 14:00:00,2367.6,2374.563,211,15,2290.0413,2374.563,2440.2063
load_26,2013-11-11 15:00:00,2337.0,2343.1616,211,16,2263.582,2343.1616,2413.9438
load_26,2013-11-11 16:00:00,2365.8,2381.82,211,17,2272.9578,2381.82,2464.548
load_26,2013-11-11 17:00:00,2391.9,2366.9106,211,18,2264.8423,2366.9106,2462.3613
load_26,2013-11-11 18:00:00,2422.5,2359.2446,211,19,2251.1687,2359.2446,2468.031
load_26,2013-11-11 19:00:00,2325.3,2345.4502,211,20,2210.607,2345.4502,2454.3396
load_26,2013-11-11 20:00:00,1865.4,2025.9448,211,21,1822.3994,2025.9448,2180.32
load_26,2013-11-11 21:00:00,945.0,1047.4639,211,22,902.3508,1047.4639,1209.2242
load_26,2013-11-11 22:00:00,684.9,755.69745,211,23,659.17975,755.69745,898.09314
load_26,2013-11-11 23:00:00,448.2,526.3128,211,24,461.7882,526.3128,613.9986
load_26,2013-11-12 00:00:00,374.1,392.4489,212,1,346.05597,392.4489,442.18683
load_26,2013-11-12 01:00:00,389.4,376.6609,212,2,331.64655,376.6609,425.797
load_26,2013-11-12 02:00:00,364.8,363.7309,212,3,316.3996,363.7309,398.22357
load_26,2013-11-12 03:00:00,319.5,343.08496,212,4,299.74463,343.08496,380.42206
load_26,2013-11-12 04:00:00,347.4,344.43512,212,5,304.46716,344.43512,380.57318
load_26,2013-11-12 05:00:00,349.2,352.83026,212,6,310.39252,352.83026,385.5973
load_26,2013-11-12 06:00:00,336.3,358.49603,212,7,313.5536,358.49603,389.12732
load_26,2013-11-12 07:00:00,400.8,383.69788,212,8,335.3308,383.69788,420.5614
load_26,2013-11-12 08:00:00,451.2,488.1114,212,9,432.51367,488.1114,536.0183
load_26,2013-11-12 09:00:00,886.5,910.3369,212,10,833.53955,910.3369,969.9258
load_26,2013-11-12 10:00:00,1794.6,1549.9968,212,11,1456.0547,1549.9968,1648.3997
load_26,2013-11-12 11:00:00,2295.6,2297.456,212,12,2209.7803,2297.456,2354.5498
load_26,2013-11-12 12:00:00,2255.4,2364.311,212,13,2291.9521,2364.311,2426.522
load_26,2013-11-12 13:00:00,2276.1,2377.3774,212,14,2305.6797,2377.3774,2437.7798
load_26,2013-11-12 14:00:00,2262.6,2382.3613,212,15,2305.2417,2382.3613,2441.7114
load_26,2013-11-12 15:00:00,2229.3,2346.2607,212,16,2275.0154,2346.2607,2412.6675
load_26,2013-11-12 16:00:00,2277.9,2375.8994,212,17,2275.7473,2375.8994,2447.8374
load_26,2013-11-12 17:00:00,2285.7,2358.549,212,18,2266.2788,2358.549,2443.0479
load_26,2013-11-12 18:00:00,2312.7,2345.3735,212,19,2246.9175,2345.3735,2443.46
load_26,2013-11-12 19:00:00,2290.8,2329.5972,212,20,2208.8862,2329.5972,2423.069
load_26,2013-11-12 20:00:00,1797.9,1987.882,212,21,1800.305,1987.882,2141.6274
load_26,2013-11-12 21:00:00,963.3,1022.77246,212,22,892.5366,1022.77246,1164.5262
load_26,2013-11-12 22:00:00,688.8,741.9393,212,23,660.0635,741.9393,862.35504
load_26,2013-11-12 23:00:00,446.7,519.1288,212,24,462.63458,519.1288,592.3416
load_26,2013-11-13 00:00:00,358.2,386.25464,213,1,340.42114,386.25464,431.66498
load_26,2013-11-13 01:00:00,369.6,372.3739,213,2,331.50385,372.3739,417.99603
load_26,2013-11-13 02:00:00,414.0,361.78473,213,3,319.11987,361.78473,392.9939
load_26,2013-11-13 03:00:00,393.3,340.73615,213,4,301.56403,340.73615,372.64697
load_26,2013-11-13 04:00:00,423.0,342.9076,213,5,306.43652,342.9076,374.7907
load_26,2013-11-13 05:00:00,423.3,352.50018,213,6,313.48145,352.50018,381.82214
load_26,2013-11-13 06:00:00,426.3,355.9182,213,7,314.7038,355.9182,382.39038
load_26,2013-11-13 07:00:00,421.8,375.74133,213,8,332.68384,375.74133,411.3894
load_26,2013-11-13 08:00:00,425.7,467.27344,213,9,415.00305,467.27344,513.8554
load_26,2013-11-13 09:00:00,666.6,886.34534,213,10,799.23315,886.34534,951.3207
load_26,2013-11-13 10:00:00,1354.5,1584.573,213,11,1484.2876,1584.573,1683.3477
load_26,2013-11-13 11:00:00,1868.7,2282.6062,213,12,2188.8057,2282.6062,2345.3713
load_26,2013-11-13 12:00:00,1897.5,2316.4766,213,13,2231.0693,2316.4766,2382.4458
load_26,2013-11-13 13:00:00,1906.5,2324.8708,213,14,2241.4917,2324.8708,2393.641
load_26,2013-11-13 14:00:00,1981.8,2318.5828,213,15,2241.4592,2318.5828,2394.1719
load_26,2013-11-13 15:00:00,1958.7,2284.3323,213,16,2207.62,2284.3323,2358.0205
load_26,2013-11-13 16:00:00,1982.1,2315.1519,213,17,2219.4004,2315.1519,2388.195
load_26,2013-11-13 17:00:00,2006.4,2305.9543,213,18,2212.6853,2305.9543,2390.679
load_26,2013-11-13 18:00:00,2017.8,2299.6125,213,19,2204.869,2299.6125,2397.5007
load_26,2013-11-13 19:00:00,1979.7,2284.7703,213,20,2180.0732,2284.7703,2376.7407
load_26,2013-11-13 20:00:00,1544.4,1870.3569,213,21,1726.5504,1870.3569,2024.0955
load_26,2013-11-13 21:00:00,626.4,966.4076,213,22,862.6587,966.4076,1078.2393
load_26,2013-11-13 22:00:00,446.7,705.0998,213,23,635.11725,705.0998,811.23975
load_26,2013-11-13 23:00:00,409.5,493.32483,213,24,442.4295,493.32483,557.9272
load_26,2013-11-14 00:00:00,363.0,391.8993,214,1,346.2011,391.8993,435.5515
load_26,2013-11-14 01:00:00,378.0,383.7583,214,2,338.5381,383.7583,430.3824
load_26,2013-11-14 02:00:00,345.6,382.60742,214,3,336.1233,382.60742,421.99347
load_26,2013-11-14 03:00:00,324.3,375.16278,214,4,334.71326,375.16278,414.00616
load_26,2013-11-14 04:00:00,359.4,374.0573,214,5,331.40765,374.0573,414.7657
load_26,2013-11-14 05:00:00,361.8,379.79224,214,6,331.6175,379.79224,422.94897
load_26,2013-11-14 06:00:00,359.7,387.5041,214,7,339.8064,387.5041,433.17078
load_26,2013-11-14 07:00:00,403.8,382.61493,214,8,339.55298,382.61493,440.40668
load_26,2013-11-14 08:00:00,505.8,425.4129,214,9,367.93524,425.4129,476.62347
load_26,2013-11-14 09:00:00,922.5,730.4264,214,10,569.34296,730.4264,885.1901
load_26,2013-11-14 10:00:00,1710.6,1407.1637,214,11,1145.5917,1407.1637,1624.7125
load_26,2013-11-14 11:00:00,2302.8,1981.7444,214,12,1651.5637,1981.7444,2205.8682
load_26,2013-11-14 12:00:00,2428.8,2017.3168,214,13,1679.4803,2017.3168,2234.903
load_26,2013-11-14 13:00:00,2416.5,2042.342,214,14,1728.1112,2042.342,2263.0168
load_26,2013-11-14 14:00:00,2395.8,2050.7522,214,15,1754.5616,2050.7522,2264.9158
load_26,2013-11-14 15:00:00,2339.4,2046.794,214,16,1748.53,2046.794,2255.3706
load_26,2013-11-14 16:00:00,2298.9,2064.6206,214,17,1779.1277,2064.6206,2259.8433
load_26,2013-11-14 17:00:00,2340.0,2087.5452,214,18,1807.3025,2087.5452,2290.2065
load_26,2013-11-14 18:00:00,2343.0,2099.233,214,19,1787.8641,2099.233,2313.7578
load_26,2013-11-14 19:00:00,2285.4,2068.379,214,20,1753.4395,2068.379,2293.6724
load_26,2013-11-14 20:00:00,1808.1,1677.6704,214,21,1367.6747,1677.6704,1938.908
load_26,2013-11-14 21:00:00,951.3,789.55365,214,22,598.14124,789.55365,996.4452
load_26,2013-11-14 22:00:00,732.9,562.45905,214,23,462.1513,562.45905,733.3574
load_26,2013-11-14 23:00:00,510.9,433.76227,214,24,377.85126,433.76227,518.78894
load_26,2013-11-15 00:00:00,444.9,404.90448,215,1,359.56055,404.90448,453.40533
load_26,2013-11-15 01:00:00,453.3,384.44812,215,2,340.75476,384.44812,434.50244
load_26,2013-11-15 02:00:00,415.5,375.70935,215,3,328.31244,375.70935,413.5963
load_26,2013-11-15 03:00:00,326.1,359.43805,215,4,317.86902,359.43805,399.7235
load_26,2013-11-15 04:00:00,357.3,364.536,215,5,322.773,364.536,407.20758
load_26,2013-11-15 05:00:00,339.0,375.38214,215,6,331.09454,375.38214,416.38696
load_26,2013-11-15 06:00:00,334.5,383.3603,215,7,337.0393,383.3603,428.43854
load_26,2013-11-15 07:00:00,408.0,399.4934,215,8,345.70862,399.4934,449.38965
load_26,2013-11-15 08:00:00,489.6,491.021,215,9,424.0592,491.021,573.0879
load_26,2013-11-15 09:00:00,886.5,908.0362,215,10,782.9124,908.0362,1015.2867
load_26,2013-11-15 10:00:00,1566.6,1631.356,215,11,1478.6522,1631.356,1787.1877
load_26,2013-11-15 11:00:00,2304.9,2256.2825,215,12,2098.8003,2256.2825,2372.7148
load_26,2013-11-15 12:00:00,2347.5,2307.8013,215,13,2155.7886,2307.8013,2433.2432
load_26,2013-11-15 13:00:00,2356.2,2321.245,215,14,2146.8503,2321.245,2449.3408
load_26,2013-11-15 14:00:00,2346.3,2329.3284,215,15,2184.5918,2329.3284,2458.5498
load_26,2013-11-15 15:00:00,2309.7,2302.1448,215,16,2170.738,2302.1448,2429.1797
load_26,2013-11-15 16:00:00,2343.3,2313.065,215,17,2155.212,2313.065,2429.6072
load_26,2013-11-15 17:00:00,2380.5,2306.6006,215,18,2163.6216,2306.6006,2446.7117
load_26,2013-11-15 18:00:00,2402.7,2303.7122,215,19,2157.2573,2303.7122,2454.5083
load_26,2013-11-15 19:00:00,2352.0,2282.433,215,20,2091.4126,2282.433,2444.8955
load_26,2013-11-15 20:00:00,2310.6,1909.0302,215,21,1668.2167,1909.0302,2108.6323
load_26,2013-11-15 21:00:00,1349.4,977.8491,215,22,819.4457,977.8491,1141.2345
load_26,2013-11-15 22:00:00,755.1,713.3457,215,23,608.0832,713.3457,859.6406
load_26,2013-11-15 23:00:00,495.6,513.51605,215,24,441.36792,513.51605,602.87445
load_26,2013-11-18 00:00:00,433.2,405.99133,216,1,357.35364,405.99133,451.95886
load_26,2013-11-18 01:00:00,453.3,387.48798,216,2,343.78613,387.48798,436.57324
load_26,2013-11-18 02:00:00,411.9,380.23938,216,3,335.1419,380.23938,414.4198
load_26,2013-11-18 03:00:00,334.8,363.81738,216,4,325.72693,363.81738,397.15656
load_26,2013-11-18 04:00:00,367.8,360.96008,216,5,322.32935,360.96008,397.815
load_26,2013-11-18 05:00:00,364.5,369.36224,216,6,329.35852,369.36224,400.9237
load_26,2013-11-18 06:00:00,375.3,378.32892,216,7,336.61597,378.32892,411.53748
load_26,2013-11-18 07:00:00,432.6,391.7268,216,8,348.79907,391.7268,434.79742
load_26,2013-11-18 08:00:00,478.2,481.45746,216,9,427.82098,481.45746,544.3998
load_26,2013-11-18 09:00:00,909.3,918.63324,216,10,800.71326,918.63324,995.8446
load_26,2013-11-18 10:00:00,1766.4,1664.0842,216,11,1521.6809,1664.0842,1783.7866
load_26,2013-11-18 11:00:00,2219.4,2287.7935,216,12,2139.4482,2287.7935,2382.1143
load_26,2013-11-18 12:00:00,2203.8,2335.8481,216,13,2187.5962,2335.8481,2441.6606
load_26,2013-11-18 13:00:00,2392.2,2340.892,216,14,2174.6375,2340.892,2449.7808
load_26,2013-11-18 14:00:00,2423.4,2339.341,216,15,2208.004,2339.341,2445.709
load_26,2013-11-18 15:00:00,2376.9,2309.8643,216,16,2187.0745,2309.8643,2417.008
load_26,2013-11-18 16:00:00,2393.4,2331.154,216,17,2159.4177,2331.154,2439.2695
load_26,2013-11-18 17:00:00,2448.9,2317.5188,216,18,2175.1472,2317.5188,2443.6067
load_26,2013-11-18 18:00:00,2474.1,2310.532,216,19,2156.7754,2310.532,2450.895
load_26,2013-11-18 19:00:00,2409.0,2290.5947,216,20,2077.2625,2290.5947,2438.7646
load_26,2013-11-18 20:00:00,1897.2,1950.1036,216,21,1681.996,1950.1036,2140.0952
load_26,2013-11-18 21:00:00,948.9,1006.2938,216,22,828.66565,1006.2938,1175.7675
load_26,2013-11-18 22:00:00,732.3,711.14984,216,23,599.38666,711.14984,854.84814
load_26,2013-11-18 23:00:00,502.2,495.48645,216,24,424.27124,495.48645,565.6656
load_26,2013-11-19 00:00:00,386.4,398.36145,217,1,354.90375,398.36145,443.7107
load_26,2013-11-19 01:00:00,417.6,385.2323,217,2,343.00806,385.2323,433.0822
load_26,2013-11-19 02:00:00,373.5,378.69666,217,3,335.58105,378.69666,414.1905
load_26,2013-11-19 03:00:00,370.8,360.7959,217,4,325.88947,360.7959,394.6867
load_26,2013-11-19 04:00:00,366.9,363.8559,217,5,326.76727,363.8559,399.66473
load_26,2013-11-19 05:00:00,346.5,370.74878,217,6,332.46124,370.74878,404.23285
load_26,2013-11-19 06:00:00,348.6,384.37067,217,7,345.65723,384.37067,419.71918
load_26,2013-11-19 07:00:00,405.3,404.4884,217,8,360.6753,404.4884,450.05896
load_26,2013-11-19 08:00:00,461.4,484.75757,217,9,431.18713,484.75757,553.7268
load_26,2013-11-19 09:00:00,975.9,902.7062,217,10,774.32996,902.7062,1002.4194
load_26,2013-11-19 10:00:00,1924.2,1633.0385,217,11,1467.4988,1633.0385,1784.1804
load_26,2013-11-19 11:00:00,2236.8,2215.7402,217,12,2038.7017,2215.7402,2344.9526
load_26,2013-11-19 12:00:00,2201.7,2257.6616,217,13,2055.9895,2257.6616,2396.666
load_26,2013-11-19 13:00:00,2209.2,2281.6711,217,14,2075.7935,2281.6711,2418.9082
load_26,2013-11-19 14:00:00,2356.8,2307.605,217,15,2145.7534,2307.605,2436.981
load_26,2013-11-19 15:00:00,2343.0,2274.5835,217,16,2126.6467,2274.5835,2411.5566
load_26,2013-11-19 16:00:00,2350.2,2313.69,217,17,2118.6165,2313.69,2437.1929
load_26,2013-11-19 17:00:00,2386.5,2311.4321,217,18,2147.8496,2311.4321,2461.6965
load_26,2013-11-19 18:00:00,2406.3,2299.9602,217,19,2128.7573,2299.9602,2468.0505
load_26,2013-11-19 19:00:00,2372.1,2277.9844,217,20,2034.9633,2277.9844,2456.0889
load_26,2013-11-19 20:00:00,1752.3,1932.5444,217,21,1624.7468,1932.5444,2149.1384
load_26,2013-11-19 21:00:00,939.0,983.74023,217,22,792.0023,983.74023,1174.8342
load_26,2013-11-19 22:00:00,703.8,676.3893,217,23,558.56573,676.3893,834.6574
load_26,2013-11-19 23:00:00,459.3,483.4698,217,24,411.70898,483.4698,556.77954
load_26,2013-11-20 00:00:00,366.6,395.58777,218,1,356.0548,395.58777,435.0077
load_26,2013-11-20 01:00:00,374.7,381.8675,218,2,343.96478,381.8675,425.58838
load_26,2013-11-20 02:00:00,350.4,381.36053,218,3,343.98694,381.36053,409.37726
load_26,2013-11-20 03:00:00,351.0,363.49725,218,4,333.32654,363.49725,391.9574
load_26,2013-11-20 04:00:00,356.4,361.61,218,5,329.92822,361.61,391.3512
load_26,2013-11-20 05:00:00,351.3,369.88226,218,6,336.10315,369.88226,395.7508
load_26,2013-11-20 06:00:00,355.2,379.1681,218,7,344.22278,379.1681,405.12653
load_26,2013-11-20 07:00:00,424.5,387.96948,218,8,355.60345,387.96948,427.5822
load_26,2013-11-20 08:00:00,494.1,452.8518,218,9,409.09576,452.8518,513.2463
load_26,2013-11-20 09:00:00,875.7,901.099,218,10,769.2727,901.099,997.8719
load_26,2013-11-20 10:00:00,1791.9,1728.6937,218,11,1559.3627,1728.6937,1872.7617
load_26,2013-11-20 11:00:00,2239.5,2226.549,218,12,2072.161,2226.549,2332.3286
load_26,2013-11-20 12:00:00,2255.1,2245.7952,218,13,2069.437,2245.7952,2366.207
load_26,2013-11-20 13:00:00,2244.6,2280.2927,218,14,2096.3093,2280.2927,2394.2593
load_26,2013-11-20 14:00:00,2368.5,2316.7695,218,15,2171.067,2316.7695,2422.915
load_26,2013-11-20 15:00:00,2347.8,2277.2703,218,16,2147.307,2277.2703,2391.8545
load_26,2013-11-20 16:00:00,2352.0,2303.072,218,17,2122.507,2303.072,2410.7866
load_26,2013-11-20 17:00:00,2391.6,2297.2458,218,18,2149.7185,2297.2458,2424.405
load_26,2013-11-20 18:00:00,2339.4,2292.013,218,19,2138.629,2292.013,2432.596
load_26,2013-11-20 19:00:00,2257.8,2260.4675,218,20,2049.8513,2260.4675,2406.6982
load_26,2013-11-20 20:00:00,1839.9,1805.8955,218,21,1565.0146,1805.8955,2004.9553
load_26,2013-11-20 21:00:00,975.9,910.2855,218,22,751.78546,910.2855,1066.1353
load_26,2013-11-20 22:00:00,710.7,661.55084,218,23,556.73553,661.55084,794.3723
load_26,2013-11-20 23:00:00,491.7,470.3675,218,24,409.52502,470.3675,535.7743
load_26,2013-11-21 00:00:00,405.3,391.08765,219,1,348.68976,391.08765,433.63452
load_26,2013-11-21 01:00:00,426.6,371.58472,219,2,331.36414,371.58472,416.5688
load_26,2013-11-21 02:00:00,386.1,367.51813,219,3,325.6095,367.51813,399.38422
load_26,2013-11-21 03:00:00,384.9,355.9475,219,4,320.3521,355.9475,389.39856
load_26,2013-11-21 04:00:00,433.8,354.70984,219,5,319.0066,354.70984,388.1355
load_26,2013-11-21 05:00:00,432.3,362.0451,219,6,324.10706,362.0451,391.60992
load_26,2013-11-21 06:00:00,436.2,376.94507,219,7,338.3993,376.94507,409.1717
load_26,2013-11-21 07:00:00,485.4,399.16187,219,8,355.57043,399.16187,440.65448
load_26,2013-11-21 08:00:00,490.5,462.24182,219,9,410.60242,462.24182,523.7016
load_26,2013-11-21 09:00:00,889.8,891.6804,219,10,768.2916,891.6804,985.4282
load_26,2013-11-21 10:00:00,1640.4,1723.8914,219,11,1559.0393,1723.8914,1867.4553
load_26,2013-11-21 11:00:00,2313.3,2209.9448,219,12,2057.267,2209.9448,2314.3494
load_26,2013-11-21 12:00:00,2460.9,2232.2114,219,13,2073.7632,2232.2114,2344.873
load_26,2013-11-21 13:00:00,2484.6,2252.338,219,14,2076.983,2252.338,2366.1074
load_26,2013-11-21 14:00:00,2434.8,2293.354,219,15,2152.87,2293.354,2400.4978
load_26,2013-11-21 15:00:00,2401.8,2265.4912,219,16,2140.566,2265.4912,2381.57
load_26,2013-11-21 16:00:00,2445.3,2296.663,219,17,2121.8396,2296.663,2405.4517
load_26,2013-11-21 17:00:00,2491.8,2292.54,219,18,2145.772,2292.54,2424.489
load_26,2013-11-21 18:00:00,2491.5,2285.1792,219,19,2127.2473,2285.1792,2430.504
load_26,2013-11-21 19:00:00,2496.6,2253.2712,219,20,2034.4597,2253.2712,2407.5884
load_26,2013-11-21 20:00:00,2046.6,1834.7979,219,21,1584.5684,1834.7979,2038.0402
load_26,2013-11-21 21:00:00,1030.5,943.87964,219,22,780.4735,943.87964,1095.0018
load_26,2013-11-21 22:00:00,783.9,666.77026,219,23,558.9827,666.77026,801.16797
load_26,2013-11-21 23:00:00,594.3,478.8468,219,24,408.57135,478.8468,545.8356
load_26,2013-11-22 00:00:00,498.9,452.38586,220,1,397.98578,452.38586,509.43488
load_26,2013-11-22 01:00:00,515.7,430.81042,220,2,377.51886,430.81042,492.31427
load_26,2013-11-22 02:00:00,486.3,419.2791,220,3,365.37445,419.2791,463.5758
load_26,2013-11-22 03:00:00,451.2,395.9574,220,4,348.3064,395.9574,445.3239
load_26,2013-11-22 04:00:00,501.9,399.23383,220,5,353.82642,399.23383,448.31598
load_26,2013-11-22 05:00:00,496.8,410.04327,220,6,362.78754,410.04327,457.31628
load_26,2013-11-22 06:00:00,480.0,417.87054,220,7,365.85297,417.87054,468.49695
load_26,2013-11-22 07:00:00,553.8,449.78888,220,8,388.62433,449.78888,502.23267
load_26,2013-11-22 08:00:00,626.1,529.4303,220,9,459.30505,529.4303,609.5144
load_26,2013-11-22 09:00:00,1060.2,951.60474,220,10,832.4103,951.60474,1054.386
load_26,2013-11-22 10:00:00,1724.7,1792.8335,220,11,1633.5428,1792.8335,1944.9973
load_26,2013-11-22 11:00:00,2496.3,2317.729,220,12,2166.8906,2317.729,2433.8364
load_26,2013-11-22 12:00:00,2607.6,2370.7563,220,13,2224.0098,2370.7563,2493.2988
load_26,2013-11-22 13:00:00,2514.9,2394.4114,220,14,2232.6665,2394.4114,2517.9946
load_26,2013-11-22 14:00:00,2490.6,2430.462,220,15,2281.01,2430.462,2551.0327
load_26,2013-11-22 15:00:00,2448.6,2386.0693,220,16,2253.2666,2386.0693,2512.377
load_26,2013-11-22 16:00:00,2447.7,2409.3682,220,17,2246.6213,2409.3682,2548.2957
load_26,2013-11-22 17:00:00,2532.0,2409.1267,220,18,2253.6577,2409.1267,2569.3726
load_26,2013-11-22 18:00:00,2574.6,2406.8083,220,19,2241.4663,2406.8083,2578.88
load_26,2013-11-22 19:00:00,2527.8,2386.3457,220,20,2178.7017,2386.3457,2572.4868
load_26,2013-11-22 20:00:00,2445.0,2020.9707,220,21,1747.7003,2020.9707,2234.5986
load_26,2013-11-22 21:00:00,1649.7,1070.7322,220,22,880.4994,1070.7322,1272.4454
load_26,2013-11-22 22:00:00,933.9,766.20496,220,23,633.23914,766.20496,945.44727
load_26,2013-11-22 23:00:00,718.5,555.7249,220,24,464.97974,555.7249,670.7243
load_26,2013-11-25 00:00:00,360.9,577.94556,221,1,471.71252,577.94556,689.0273
load_26,2013-11-25 01:00:00,369.9,556.3871,221,2,448.48602,556.3871,703.0472
load_26,2013-11-25 02:00:00,354.6,516.8716,221,3,419.16388,516.8716,657.0183
load_26,2013-11-25 03:00:00,348.6,488.0299,221,4,390.89343,488.0299,617.1737
load_26,2013-11-25 04:00:00,365.7,496.3626,221,5,391.01044,496.3626,634.1388
load_26,2013-11-25 05:00:00,343.5,503.2738,221,6,401.299,503.2738,633.4501
load_26,2013-11-25 06:00:00,335.7,510.47565,221,7,407.72998,510.47565,649.3116
load_26,2013-11-25 07:00:00,399.3,560.29224,221,8,437.4301,560.29224,701.00635
load_26,2013-11-25 08:00:00,488.4,648.1965,221,9,515.85815,648.1965,828.0107
load_26,2013-11-25 09:00:00,870.9,1081.6499,221,10,898.1151,1081.6499,1293.4773
load_26,2013-11-25 10:00:00,1606.2,1901.3289,221,11,1683.1418,1901.3289,2148.2317
load_26,2013-11-25 11:00:00,2233.8,2433.337,221,12,2216.492,2433.337,2634.8015
load_26,2013-11-25 12:00:00,2452.5,2473.4062,221,13,2259.9434,2473.4062,2687.7515
load_26,2013-11-25 13:00:00,2496.6,2489.1724,221,14,2258.9038,2489.1724,2703.427
load_26,2013-11-25 14:00:00,2484.9,2520.1123,221,15,2315.2478,2520.1123,2728.3037
load_26,2013-11-25 15:00:00,2449.5,2479.9053,221,16,2293.516,2479.9053,2690.0232
load_26,2013-11-25 16:00:00,2464.8,2500.018,221,17,2307.1938,2500.018,2702.1348
load_26,2013-11-25 17:00:00,2517.0,2497.9124,221,18,2320.7485,2497.9124,2708.6152
load_26,2013-11-25 18:00:00,2484.9,2510.6768,221,19,2320.2266,2510.6768,2737.2417
load_26,2013-11-25 19:00:00,2422.2,2489.429,221,20,2265.763,2489.429,2737.079
load_26,2013-11-25 20:00:00,1965.0,2171.7673,221,21,1844.8881,2171.7673,2450.0566
load_26,2013-11-25 21:00:00,1009.5,1204.5399,221,22,962.75635,1204.5399,1516.8983
load_26,2013-11-25 22:00:00,788.1,855.47736,221,23,667.964,855.47736,1128.4312
load_26,2013-11-25 23:00:00,487.2,652.1814,221,24,510.04395,652.1814,873.68884
load_26,2013-11-26 00:00:00,393.3,407.0775,222,1,342.5188,407.0775,474.32672
load_26,2013-11-26 01:00:00,27.0,385.3274,222,2,327.08728,385.3274,454.9801
load_26,2013-11-26 02:00:00,704.1,377.44214,222,3,315.078,377.44214,429.1244
load_26,2013-11-26 03:00:00,336.6,363.14728,222,4,306.71716,363.14728,421.30334
load_26,2013-11-26 04:00:00,344.4,369.69385,222,5,314.65527,369.69385,427.2567
load_26,2013-11-26 05:00:00,380.4,379.198,222,6,321.76184,379.198,434.3908
load_26,2013-11-26 06:00:00,423.3,389.18494,222,7,328.06427,389.18494,444.61823
load_26,2013-11-26 07:00:00,480.0,434.19598,222,8,362.74298,434.19598,491.54944
load_26,2013-11-26 08:00:00,528.0,517.1001,222,9,435.05658,517.1001,593.91284
load_26,2013-11-26 09:00:00,940.8,944.391,222,10,828.9591,944.391,1042.2717
load_26,2013-11-26 10:00:00,1725.0,1758.708,222,11,1612.3423,1758.708,1895.0972
load_26,2013-11-26 11:00:00,2289.9,2286.6113,222,12,2155.0315,2286.6113,2395.329
load_26,2013-11-26 12:00:00,2543.7,2350.9612,222,13,2219.7786,2350.9612,2456.9766
load_26,2013-11-26 13:00:00,2506.2,2371.4385,222,14,2231.2722,2371.4385,2477.4917
load_26,2013-11-26 14:00:00,2443.5,2407.1807,222,15,2279.9373,2407.1807,2509.6216
load_26,2013-11-26 15:00:00,2425.8,2367.093,222,16,2251.7708,2367.093,2477.2578
load_26,2013-11-26 16:00:00,2426.7,2412.6436,222,17,2270.7334,2412.6436,2532.573
load_26,2013-11-26 17:00:00,2447.4,2403.4417,222,18,2271.743,2403.4417,2534.3442
load_26,2013-11-26 18:00:00,2591.7,2395.3042,222,19,2252.449,2395.3042,2542.421
load_26,2013-11-26 19:00:00,2536.2,2371.0762,222,20,2195.6787,2371.0762,2524.7349
load_26,2013-11-26 20:00:00,2014.5,1994.4778,222,21,1750.0215,1994.4778,2198.751
load_26,2013-11-26 21:00:00,1030.8,1073.1357,222,22,891.94543,1073.1357,1274.9884
load_26,2013-11-26 22:00:00,828.6,745.23645,222,23,612.42163,745.23645,922.5277
load_26,2013-11-26 23:00:00,663.9,532.8372,222,24,438.38208,532.8372,657.09064
load_26,2013-11-27 00:00:00,573.0,444.71802,223,1,335.51147,444.71802,531.1807
load_26,2013-11-27 01:00:00,539.4,409.23273,223,2,299.08386,409.23273,528.642
load_26,2013-11-27 02:00:00,545.7,418.9391,223,3,303.5221,418.9391,541.67535
load_26,2013-11-27 03:00:00,559.8,400.66022,223,4,286.6599,400.66022,512.83344
load_26,2013-11-27 04:00:00,572.1,412.318,223,5,300.4795,412.318,521.44885
load_26,2013-11-27 05:00:00,541.8,433.24963,223,6,319.0963,433.24963,535.23425
load_26,2013-11-27 06:00:00,558.6,441.17535,223,7,332.45917,441.17535,551.472
load_26,2013-11-27 07:00:00,607.8,485.50354,223,8,371.68225,485.50354,591.2906
load_26,2013-11-27 08:00:00,680.7,568.82874,223,9,432.8194,568.82874,685.4232
load_26,2013-11-27 09:00:00,1049.7,953.77435,223,10,819.9853,953.77435,1092.048
load_26,2013-11-27 10:00:00,1799.1,1769.5719,223,11,1599.8544,1769.5719,1940.7058
load_26,2013-11-27 11:00:00,2323.8,2313.6887,223,12,2152.8105,2313.6887,2447.521
load_26,2013-11-27 12:00:00,2264.7,2408.4116,223,13,2250.6826,2408.4116,2541.7021
load_26,2013-11-27 13:00:00,2275.5,2431.3313,223,14,2257.0176,2431.3313,2567.052
load_26,2013-11-27 14:00:00,2342.7,2445.857,223,15,2282.0842,2445.857,2583.0215
load_26,2013-11-27 15:00:00,2323.2,2407.769,223,16,2254.9521,2407.769,2546.3647
load_26,2013-11-27 16:00:00,2529.6,2445.9143,223,17,2275.3555,2445.9143,2587.69
load_26,2013-11-27 17:00:00,2531.1,2435.1094,223,18,2281.6748,2435.1094,2583.3516
load_26,2013-11-27 18:00:00,2562.9,2445.7192,223,19,2281.2383,2445.7192,2608.1519
load_26,2013-11-27 19:00:00,2567.1,2420.4502,223,20,2231.7542,2420.4502,2588.5627
load_26,2013-11-27 20:00:00,2023.5,1987.4752,223,21,1724.8745,1987.4752,2223.5083
load_26,2013-11-27 21:00:00,1143.6,1028.9662,223,22,836.0424,1028.9662,1242.5691
load_26,2013-11-27 22:00:00,815.4,779.6442,223,23,603.9594,779.6442,985.3584
load_26,2013-11-27 23:00:00,599.4,585.3252,223,24,434.03247,585.3252,768.37006
load_26,2013-11-28 00:00:00,488.1,468.90576,224,1,366.1687,468.90576,560.58673
load_26,2013-11-28 01:00:00,510.0,440.51007,224,2,338.8673,440.51007,549.82654
load_26,2013-11-28 02:00:00,460.2,451.3537,224,3,349.5514,451.3537,560.0271
load_26,2013-11-28 03:00:00,427.2,443.21625,224,4,341.2008,443.21625,549.6757
load_26,2013-11-28 04:00:00,441.3,453.3756,224,5,348.79388,453.3756,556.7111
load_26,2013-11-28 05:00:00,440.7,469.6773,224,6,360.9713,469.6773,568.60376
load_26,2013-11-28 06:00:00,438.0,481.93274,224,7,374.591,481.93274,587.3349
load_26,2013-11-28 07:00:00,490.8,531.7929,224,8,419.37,531.7929,637.4121
load_26,2013-11-28 08:00:00,591.6,621.0495,224,9,484.3883,621.0495,736.406
load_26,2013-11-28 09:00:00,1157.7,996.36816,224,10,857.1752,996.36816,1130.5292
load_26,2013-11-28 10:00:00,1836.0,1800.2821,224,11,1628.1416,1800.2821,1966.5657
load_26,2013-11-28 11:00:00,2394.3,2350.6482,224,12,2187.652,2350.6482,2475.7412
load_26,2013-11-28 12:00:00,2425.8,2410.041,224,13,2253.1863,2410.041,2540.871
load_26,2013-11-28 13:00:00,2445.6,2410.9666,224,14,2238.4502,2410.9666,2542.291
load_26,2013-11-28 14:00:00,2430.6,2422.0945,224,15,2271.7422,2422.0945,2564.9722
load_26,2013-11-28 15:00:00,2505.0,2405.0479,224,16,2258.1138,2405.0479,2539.481
load_26,2013-11-28 16:00:00,2598.6,2462.5977,224,17,2310.122,2462.5977,2599.1562
load_26,2013-11-28 17:00:00,2556.9,2452.8867,224,18,2309.6553,2452.8867,2596.1582
load_26,2013-11-28 18:00:00,2559.9,2469.5645,224,19,2315.9443,2469.5645,2626.6982
load_26,2013-11-28 19:00:00,2506.8,2443.8513,224,20,2285.317,2443.8513,2602.0752
load_26,2013-11-28 20:00:00,2187.0,2026.6765,224,21,1816.4077,2026.6765,2244.3877
load_26,2013-11-28 21:00:00,1103.7,1061.1372,224,22,896.55634,1061.1372,1248.1238
load_26,2013-11-28 22:00:00,768.3,788.7266,224,23,639.07,788.7266,971.9255
load_26,2013-11-28 23:00:00,531.3,619.7877,224,24,486.71832,619.7877,787.4845
load_26,2013-11-29 00:00:00,532.2,463.0669,225,1,374.86768,463.0669,546.2364
load_26,2013-11-29 01:00:00,539.4,444.10083,225,2,357.81726,444.10083,536.89935
load_26,2013-11-29 02:00:00,514.5,440.8932,225,3,350.34753,440.8932,520.1394
load_26,2013-11-29 03:00:00,476.7,441.02673,225,4,355.5271,441.02673,528.3345
load_26,2013-11-29 04:00:00,501.0,457.36438,225,5,371.75568,457.36438,539.6832
load_26,2013-11-29 05:00:00,492.6,479.0678,225,6,389.289,479.0678,554.64386
load_26,2013-11-29 06:00:00,478.2,486.8166,225,7,398.06805,486.8166,571.46344
load_26,2013-11-29 07:00:00,537.0,522.3228,225,8,426.59674,522.3228,603.67865
load_26,2013-11-29 08:00:00,532.8,614.8373,225,9,498.9696,614.8373,715.7569
load_26,2013-11-29 09:00:00,1004.7,1031.4883,225,10,899.3254,1031.4883,1139.3325
load_26,2013-11-29 10:00:00,1825.2,1770.4102,225,11,1626.345,1770.4102,1911.6267
load_26,2013-11-29 11:00:00,2352.3,2377.7715,225,12,2245.3628,2377.7715,2476.7703
load_26,2013-11-29 12:00:00,2488.2,2453.354,225,13,2329.332,2453.354,2556.9849
load_26,2013-11-29 13:00:00,2510.4,2465.2905,225,14,2332.1838,2465.2905,2566.7476
load_26,2013-11-29 14:00:00,2490.6,2468.229,225,15,2345.216,2468.229,2580.7817
load_26,2013-11-29 15:00:00,2421.3,2453.731,225,16,2334.4658,2453.731,2560.1182
load_26,2013-11-29 16:00:00,2397.6,2502.4412,225,17,2358.1396,2502.4412,2622.3716
load_26,2013-11-29 17:00:00,2461.5,2487.673,225,18,2351.024,2487.673,2613.9915
load_26,2013-11-29 18:00:00,2529.0,2486.6543,225,19,2341.3425,2486.6543,2626.7598
load_26,2013-11-29 19:00:00,2465.7,2470.2544,225,20,2304.291,2470.2544,2613.1938
load_26,2013-11-29 20:00:00,2402.4,2147.3857,225,21,1885.8201,2147.3857,2334.6938
load_26,2013-11-29 21:00:00,1281.6,1153.3002,225,22,950.13763,1153.3002,1362.7238
load_26,2013-11-29 22:00:00,784.8,808.90234,225,23,647.16956,808.90234,999.68524
load_26,2013-11-29 23:00:00,576.3,612.9929,225,24,480.5072,612.9929,772.4017
load_26,2013-12-02 00:00:00,487.5,460.94342,226,1,367.7517,460.94342,552.7031
load_26,2013-12-02 01:00:00,498.6,441.17462,226,2,349.19275,441.17462,540.7669
load_26,2013-12-02 02:00:00,478.2,435.3988,226,3,342.69092,435.3988,526.92883
load_26,2013-12-02 03:00:00,406.2,429.83868,226,4,339.37317,429.83868,520.7482
load_26,2013-12-02 04:00:00,396.9,424.84906,226,5,336.70862,424.84906,512.7793
load_26,2013-12-02 05:00:00,392.7,443.08038,226,6,356.13794,443.08038,532.4378
load_26,2013-12-02 06:00:00,401.7,454.81433,226,7,365.81372,454.81433,547.38666
load_26,2013-12-02 07:00:00,465.9,510.18182,226,8,408.07574,510.18182,596.75476
load_26,2013-12-02 08:00:00,557.7,604.6257,226,9,488.3258,604.6257,707.747
load_26,2013-12-02 09:00:00,912.0,1025.3303,226,10,891.9373,1025.3303,1133.1581
load_26,2013-12-02 10:00:00,1741.5,1746.1118,226,11,1597.799,1746.1118,1889.629
load_26,2013-12-02 11:00:00,2291.4,2372.8955,226,12,2246.2861,2372.8955,2465.9749
load_26,2013-12-02 12:00:00,2305.2,2452.91,226,13,2337.2295,2452.91,2551.3933
load_26,2013-12-02 13:00:00,2337.0,2454.1653,226,14,2331.4429,2454.1653,2550.5908
load_26,2013-12-02 14:00:00,2344.5,2445.838,226,15,2335.89,2445.838,2555.5103
load_26,2013-12-02 15:00:00,2313.9,2438.115,226,16,2327.7107,2438.115,2536.8997
load_26,2013-12-02 16:00:00,2229.9,2495.105,226,17,2370.7944,2495.105,2592.917
load_26,2013-12-02 17:00:00,2228.4,2481.6104,226,18,2365.4844,2481.6104,2584.2344
load_26,2013-12-02 18:00:00,2243.1,2482.5444,226,19,2360.9246,2482.5444,2598.3232
load_26,2013-12-02 19:00:00,2203.5,2452.2754,226,20,2310.0193,2452.2754,2570.441
load_26,2013-12-02 20:00:00,1742.4,2160.9355,226,21,1921.1006,2160.9355,2329.8567
load_26,2013-12-02 21:00:00,948.6,1102.4044,226,22,929.08264,1102.4044,1294.3068
load_26,2013-12-02 22:00:00,684.3,782.41486,226,23,641.1382,782.41486,953.4802
load_26,2013-12-02 23:00:00,489.6,605.7087,226,24,489.28046,605.7087,733.1878
load_26,2013-12-03 00:00:00,454.5,421.75354,227,1,323.80176,421.75354,510.47467
load_26,2013-12-03 01:00:00,506.7,406.3161,227,2,308.25195,406.3161,504.80737
load_26,2013-12-03 02:00:00,487.2,408.36005,227,3,303.2495,408.36005,502.45612
load_26,2013-12-03 03:00:00,523.8,400.63544,227,4,300.03613,400.63544,498.94702
load_26,2013-12-03 04:00:00,550.2,398.23505,227,5,299.18274,398.23505,491.09772
load_26,2013-12-03 05:00:00,550.5,413.77924,227,6,314.36133,413.77924,506.74567
load_26,2013-12-03 06:00:00,506.7,426.128,227,7,326.28735,426.128,521.5754
load_26,2013-12-03 07:00:00,490.8,472.7624,227,8,359.65295,472.7624,565.68994
load_26,2013-12-03 08:00:00,546.6,533.8598,227,9,414.3084,533.8598,629.1508
load_26,2013-12-03 09:00:00,953.7,912.1371,227,10,776.4019,912.1371,1037.9254
load_26,2013-12-03 10:00:00,1823.4,1668.4629,227,11,1493.5955,1668.4629,1820.5094
load_26,2013-12-03 11:00:00,2262.6,2202.138,227,12,2016.1477,2202.138,2360.586
load_26,2013-12-03 12:00:00,2240.1,2290.3735,227,13,2086.4783,2290.3735,2445.4731
load_26,2013-12-03 13:00:00,2212.8,2309.0977,227,14,2091.8525,2309.0977,2467.511
load_26,2013-12-03 14:00:00,2379.0,2300.731,227,15,2115.0005,2300.731,2480.234
load_26,2013-12-03 15:00:00,2358.6,2274.0823,227,16,2081.5874,2274.0823,2441.593
load_26,2013-12-03 16:00:00,2450.7,2290.2686,227,17,2040.5669,2290.2686,2458.6917
load_26,2013-12-03 17:00:00,2472.0,2312.4016,227,18,2093.238,2312.4016,2474.0684
load_26,2013-12-03 18:00:00,2482.5,2306.7698,227,19,2088.5576,2306.7698,2492.5503
load_26,2013-12-03 19:00:00,2421.6,2295.0073,227,20,2023.3777,2295.0073,2495.0603
load_26,2013-12-03 20:00:00,1937.4,1978.2097,227,21,1644.1753,1978.2097,2220.0632
load_26,2013-12-03 21:00:00,962.4,1009.6184,227,22,792.0281,1009.6184,1227.1359
load_26,2013-12-03 22:00:00,711.9,696.2455,227,23,540.0636,696.2455,882.0236
load_26,2013-12-03 23:00:00,523.5,546.18054,227,24,409.96973,546.18054,676.54987
load_26,2013-12-04 00:00:00,463.5,472.2854,228,1,397.50592,472.2854,544.196
load_26,2013-12-04 01:00:00,470.7,457.93396,228,2,385.63348,457.93396,535.53644
load_26,2013-12-04 02:00:00,448.2,461.0227,228,3,388.88403,461.0227,532.6957
load_26,2013-12-04 03:00:00,414.0,447.4478,228,4,376.71338,447.4478,518.78253
load_26,2013-12-04 04:00:00,421.8,449.91705,228,5,382.6704,449.91705,515.5997
load_26,2013-12-04 05:00:00,402.6,460.63757,228,6,392.9264,460.63757,527.1412
load_26,2013-12-04 06:00:00,383.1,462.69305,228,7,393.01294,462.69305,529.73456
load_26,2013-12-04 07:00:00,409.8,490.34595,228,8,409.75317,490.34595,557.85675
load_26,2013-12-04 08:00:00,483.0,582.5705,228,9,490.67657,582.5705,657.46045
load_26,2013-12-04 09:00:00,924.0,982.38513,228,10,872.5167,982.38513,1072.4717
load_26,2013-12-04 10:00:00,1932.6,1755.4329,228,11,1616.3313,1755.4329,1876.2878
load_26,2013-12-04 11:00:00,2306.7,2265.3835,228,12,2135.6763,2265.3835,2378.0225
load_26,2013-12-04 12:00:00,2390.7,2313.9473,228,13,2174.6536,2313.9473,2433.5708
load_26,2013-12-04 13:00:00,2428.8,2331.4768,228,14,2177.3938,2331.4768,2447.7212
load_26,2013-12-04 14:00:00,2329.2,2342.9216,228,15,2218.4165,2342.9216,2472.5054
load_26,2013-12-04 15:00:00,2311.8,2342.064,228,16,2219.2898,2342.064,2458.9941
load_26,2013-12-04 16:00:00,2329.5,2401.1624,228,17,2252.714,2401.1624,2516.1182
load_26,2013-12-04 17:00:00,2376.0,2392.6099,228,18,2256.0225,2392.6099,2518.5188
load_26,2013-12-04 18:00:00,2385.3,2392.6655,228,19,2250.0723,2392.6655,2534.8503
load_26,2013-12-04 19:00:00,2316.3,2367.8188,228,20,2191.96,2367.8188,2520.7798
load_26,2013-12-04 20:00:00,1826.4,1967.3523,228,21,1743.3036,1967.3523,2168.3916
load_26,2013-12-04 21:00:00,957.3,989.76184,228,22,847.8144,989.76184,1147.5298
load_26,2013-12-04 22:00:00,720.3,706.3017,228,23,601.4886,706.3017,848.4898
load_26,2013-12-04 23:00:00,499.2,560.82074,228,24,467.77142,560.82074,666.32605
load_26,2013-12-05 00:00:00,411.6,467.46808,229,1,401.2671,467.46808,531.7629
load_26,2013-12-05 01:00:00,396.6,445.96375,229,2,384.07495,445.96375,513.6335
load_26,2013-12-05 02:00:00,367.2,444.93427,229,3,378.04834,444.93427,497.9425
load_26,2013-12-05 03:00:00,346.8,431.7683,229,4,371.2611,431.7683,489.4146
load_26,2013-12-05 04:00:00,383.1,433.90747,229,5,377.62122,433.90747,486.77332
load_26,2013-12-05 05:00:00,435.6,445.59943,229,6,390.3559,445.59943,497.54724
load_26,2013-12-05 06:00:00,437.4,446.3731,229,7,388.0172,446.3731,495.74365
load_26,2013-12-05 07:00:00,428.1,467.9679,229,8,406.37524,467.9679,520.06244
load_26,2013-12-05 08:00:00,492.6,534.7557,229,9,467.1756,534.7557,584.5894
load_26,2013-12-05 09:00:00,944.7,948.1067,229,10,854.1902,948.1067,1032.3383
load_26,2013-12-05 10:00:00,1871.7,1800.6011,229,11,1661.78,1800.6011,1922.7422
load_26,2013-12-05 11:00:00,2258.7,2267.364,229,12,2128.9375,2267.364,2374.0098
load_26,2013-12-05 12:00:00,2399.1,2314.6924,229,13,2172.7275,2314.6924,2427.4858
load_26,2013-12-05 13:00:00,2489.7,2329.7585,229,14,2172.8523,2329.7585,2447.8787
load_26,2013-12-05 14:00:00,2387.1,2350.7466,229,15,2215.566,2350.7466,2472.8315
load_26,2013-12-05 15:00:00,2337.0,2325.9355,229,16,2201.7788,2325.9355,2446.6594
load_26,2013-12-05 16:00:00,2349.6,2375.648,229,17,2221.3997,2375.648,2493.969
load_26,2013-12-05 17:00:00,2395.2,2366.129,229,18,2225.4944,2366.129,2504.3042
load_26,2013-12-05 18:00:00,2423.7,2361.7463,229,19,2214.0085,2361.7463,2511.7222
load_26,2013-12-05 19:00:00,2371.8,2349.5952,229,20,2168.7927,2349.5952,2506.671
load_26,2013-12-05 20:00:00,1813.8,1961.125,229,21,1752.1206,1961.125,2150.754
load_26,2013-12-05 21:00:00,958.2,1002.58936,229,22,873.089,1002.58936,1143.0581
load_26,2013-12-05 22:00:00,723.0,710.73816,229,23,616.5435,710.73816,836.0927
load_26,2013-12-05 23:00:00,496.8,553.40894,229,24,473.28235,553.40894,646.49805
load_26,2013-12-06 00:00:00,426.3,433.98492,230,1,371.16956,433.98492,497.88647
load_26,2013-12-06 01:00:00,449.4,411.8001,230,2,352.92065,411.8001,479.20227
load_26,2013-12-06 02:00:00,416.1,408.8885,230,3,347.37976,408.8885,461.47772
load_26,2013-12-06 03:00:00,366.6,391.48828,230,4,334.55652,391.48828,448.648
load_26,2013-12-06 04:00:00,378.3,398.18353,230,5,343.43555,398.18353,453.99347
load_26,2013-12-06 05:00:00,420.6,415.83368,230,6,360.23322,415.83368,471.6878
load_26,2013-12-06 06:00:00,431.4,416.22412,230,7,357.9901,416.22412,472.3683
load_26,2013-12-06 07:00:00,450.9,440.04236,230,8,372.34924,440.04236,498.95245
load_26,2013-12-06 08:00:00,493.8,522.154,230,9,442.1989,522.154,603.64435
load_26,2013-12-06 09:00:00,966.6,959.4955,230,10,841.3093,959.4955,1059.3402
load_26,2013-12-06 10:00:00,1831.8,1820.0297,230,11,1673.2958,1820.0297,1955.0962
load_26,2013-12-06 11:00:00,2382.9,2268.0125,230,12,2139.2349,2268.0125,2370.3467
load_26,2013-12-06 12:00:00,2349.3,2331.4146,230,13,2202.6997,2331.4146,2436.0874
load_26,2013-12-06 13:00:00,2312.7,2351.3296,230,14,2213.073,2351.3296,2457.0635
load_26,2013-12-06 14:00:00,2195.4,2338.406,230,15,2222.015,2338.406,2456.7144
load_26,2013-12-06 15:00:00,2265.6,2322.4124,230,16,2208.3862,2322.4124,2430.203
load_26,2013-12-06 16:00:00,2485.5,2369.3608,230,17,2232.6199,2369.3608,2479.7397
load_26,2013-12-06 17:00:00,2567.7,2355.3647,230,18,2225.5322,2355.3647,2476.8499
load_26,2013-12-06 18:00:00,2628.0,2348.7788,230,19,2212.088,2348.7788,2487.4812
load_26,2013-12-06 19:00:00,2544.9,2323.9314,230,20,2151.9983,2323.9314,2470.0552
load_26,2013-12-06 20:00:00,2408.4,1914.844,230,21,1688.133,1914.844,2117.3823
load_26,2013-12-06 21:00:00,1292.7,980.0883,230,22,836.99664,980.0883,1135.6748
load_26,2013-12-06 22:00:00,759.3,690.8788,230,23,586.5454,690.8788,828.24414
load_26,2013-12-06 23:00:00,513.3,525.37866,230,24,444.05072,525.37866,619.83484
load_26,2013-12-09 00:00:00,409.2,463.4843,231,1,402.34088,463.4843,522.1822
load_26,2013-12-09 01:00:00,417.9,441.88153,231,2,386.0863,441.88153,505.05762
load_26,2013-12-09 02:00:00,380.1,440.10077,231,3,380.86902,440.10077,489.16827
load_26,2013-12-09 03:00:00,324.9,418.6609,231,4,366.5199,418.6609,471.0896
load_26,2013-12-09 04:00:00,346.2,416.91656,231,5,363.27484,416.91656,472.32574
load_26,2013-12-09 05:00:00,343.5,432.42938,231,6,379.54578,432.42938,486.0091
load_26,2013-12-09 06:00:00,342.6,440.93152,231,7,385.8225,440.93152,499.21094
load_26,2013-12-09 07:00:00,416.7,462.91913,231,8,400.18524,462.91913,524.1312
load_26,2013-12-09 08:00:00,588.3,530.3564,231,9,461.24377,530.3564,616.1518
load_26,2013-12-09 09:00:00,1049.4,963.4343,231,10,838.8554,963.4343,1069.7776
load_26,2013-12-09 10:00:00,1896.6,1826.0734,231,11,1649.8722,1826.0734,1992.2898
load_26,2013-12-09 11:00:00,2479.8,2289.652,231,12,2110.104,2289.652,2443.6294
load_26,2013-12-09 12:00:00,2634.6,2334.6309,231,13,2120.0771,2334.6309,2505.014
load_26,2013-12-09 13:00:00,2625.3,2355.3625,231,14,2126.7742,2355.3625,2523.6592
load_26,2013-12-09 14:00:00,2580.9,2340.697,231,15,2155.2825,2340.697,2525.5933
load_26,2013-12-09 15:00:00,2462.7,2339.4856,231,16,2148.0847,2339.4856,2507.1426
load_26,2013-12-09 16:00:00,2398.8,2405.5613,231,17,2161.3289,2405.5613,2573.9639
load_26,2013-12-09 17:00:00,2448.6,2410.3433,231,18,2211.7122,2410.3433,2604.837
load_26,2013-12-09 18:00:00,2499.6,2405.5356,231,19,2206.491,2405.5356,2616.717
load_26,2013-12-09 19:00:00,2454.9,2377.0166,231,20,2107.94,2377.0166,2600.6643
load_26,2013-12-09 20:00:00,1920.3,2014.0002,231,21,1688.086,2014.0002,2268.8337
load_26,2013-12-09 21:00:00,948.3,1024.4583,231,22,833.94226,1024.4583,1241.1191
load_26,2013-12-09 22:00:00,751.5,717.026,231,23,598.3301,717.026,893.73474
load_26,2013-12-09 23:00:00,561.6,539.356,231,24,455.19482,539.356,637.29767
load_26,2013-12-10 00:00:00,507.9,454.31055,232,1,388.54565,454.31055,516.66156
load_26,2013-12-10 01:00:00,485.1,430.41138,232,2,363.5993,430.41138,501.60614
load_26,2013-12-10 02:00:00,448.5,417.01514,232,3,347.26422,417.01514,476.10236
load_26,2013-12-10 03:00:00,435.0,392.51172,232,4,327.96338,392.51172,460.1471
load_26,2013-12-10 04:00:00,453.3,399.05365,232,5,336.26624,399.05365,463.89948
load_26,2013-12-10 05:00:00,437.4,414.9604,232,6,353.04327,414.9604,480.03247
load_26,2013-12-10 06:00:00,443.7,416.96875,232,7,352.50598,416.96875,484.11194
load_26,2013-12-10 07:00:00,506.4,450.20947,232,8,373.373,450.20947,516.8346
load_26,2013-12-10 08:00:00,548.1,556.5709,232,9,464.9021,556.5709,641.9866
load_26,2013-12-10 09:00:00,936.3,1001.5687,232,10,880.9889,1001.5687,1104.5874
load_26,2013-12-10 10:00:00,1901.7,1860.3767,232,11,1696.0958,1860.3767,2018.7717
load_26,2013-12-10 11:00:00,2352.9,2323.6482,232,12,2162.6401,2323.6482,2458.7832
load_26,2013-12-10 12:00:00,2411.4,2388.0503,232,13,2225.128,2388.0503,2531.3652
load_26,2013-12-10 13:00:00,2491.2,2401.1433,232,14,2215.2847,2401.1433,2548.2417
load_26,2013-12-10 14:00:00,2450.7,2382.0752,232,15,2228.0278,2382.0752,2545.0215
load_26,2013-12-10 15:00:00,2415.0,2359.3662,232,16,2204.3684,2359.3662,2507.2397
load_26,2013-12-10 16:00:00,2496.3,2407.704,232,17,2228.2808,2407.704,2546.8372
load_26,2013-12-10 17:00:00,2619.9,2410.9824,232,18,2253.2397,2410.9824,2573.8662
load_26,2013-12-10 18:00:00,2672.1,2409.8477,232,19,2244.0264,2409.8477,2588.1345
load_26,2013-12-10 19:00:00,2622.3,2382.6206,232,20,2166.0525,2382.6206,2577.6584
load_26,2013-12-10 20:00:00,2013.9,1981.9612,232,21,1705.0535,1981.9612,2219.9385
load_26,2013-12-10 21:00:00,1124.1,1015.1088,232,22,846.0763,1015.1088,1211.583
load_26,2013-12-10 22:00:00,827.1,719.3988,232,23,598.3271,719.3988,884.4154
load_26,2013-12-10 23:00:00,608.7,538.6066,232,24,450.31097,538.6066,644.20483
load_26,2013-12-11 00:00:00,512.7,480.31525,233,1,419.42596,480.31525,537.3009
load_26,2013-12-11 01:00:00,513.3,451.10333,233,2,392.5213,451.10333,517.574
load_26,2013-12-11 02:00:00,471.0,440.47827,233,3,379.4704,440.47827,491.04785
load_26,2013-12-11 03:00:00,505.2,415.98712,233,4,360.662,415.98712,474.39246
load_26,2013-12-11 04:00:00,554.7,420.3897,233,5,367.094,420.3897,477.7755
load_26,2013-12-11 05:00:00,553.8,438.60724,233,6,385.2118,438.60724,498.01855
load_26,2013-12-11 06:00:00,570.6,439.11823,233,7,380.9699,439.11823,500.8438
load_26,2013-12-11 07:00:00,588.3,465.39667,233,8,399.7331,465.39667,528.3749
load_26,2013-12-11 08:00:00,665.7,564.18195,233,9,484.4143,564.18195,652.58716
load_26,2013-12-11 09:00:00,1077.9,1005.2444,233,10,890.36395,1005.2444,1107.6316
load_26,2013-12-11 10:00:00,1962.3,1936.0908,233,11,1775.4841,1936.0908,2091.9316
load_26,2013-12-11 11:00:00,2477.4,2402.04,233,12,2246.5889,2402.04,2536.6716
load_26,2013-12-11 12:00:00,2418.6,2472.504,233,13,2315.8303,2472.504,2614.0486
load_26,2013-12-11 13:00:00,2371.5,2493.549,233,14,2320.5286,2493.549,2637.229
load_26,2013-12-11 14:00:00,2321.4,2475.1323,233,15,2326.6292,2475.1323,2631.689
load_26,2013-12-11 15:00:00,2406.3,2442.0093,233,16,2297.77,2442.0093,2585.2231
load_26,2013-12-11 16:00:00,2473.2,2487.143,233,17,2336.7415,2487.143,2621.4512
load_26,2013-12-11 17:00:00,2567.4,2497.2183,233,18,2347.9614,2497.2183,2657.9949
load_26,2013-12-11 18:00:00,2587.8,2518.4883,233,19,2362.6865,2518.4883,2689.9224
load_26,2013-12-11 19:00:00,2567.4,2488.1133,233,20,2307.5574,2488.1133,2669.0732
load_26,2013-12-11 20:00:00,2018.1,2020.2137,233,21,1816.5132,2020.2137,2229.631
load_26,2013-12-11 21:00:00,1097.1,1059.8152,233,22,919.17676,1059.8152,1215.7457
load_26,2013-12-11 22:00:00,811.2,772.5144,233,23,670.32666,772.5144,924.48035
load_26,2013-12-11 23:00:00,576.0,577.99567,233,24,496.7624,577.99567,684.0624
load_26,2013-12-12 00:00:00,496.2,505.28778,234,1,442.2785,505.28778,578.5073
load_26,2013-12-12 01:00:00,527.7,481.80548,234,2,413.29352,481.80548,557.8033
load_26,2013-12-12 02:00:00,492.6,473.91626,234,3,404.62915,473.91626,534.7209
load_26,2013-12-12 03:00:00,398.4,454.6947,234,4,390.31036,454.6947,525.57135
load_26,2013-12-12 04:00:00,402.3,470.36157,234,5,407.54004,470.36157,535.6887
load_26,2013-12-12 05:00:00,395.7,492.80536,234,6,427.9862,492.80536,557.6568
load_26,2013-12-12 06:00:00,411.3,494.72296,234,7,428.89996,494.72296,564.66437
load_26,2013-12-12 07:00:00,477.9,526.5757,234,8,453.3568,526.5757,595.2021
load_26,2013-12-12 08:00:00,552.3,617.73517,234,9,525.2875,617.73517,701.8924
load_26,2013-12-12 09:00:00,1208.1,1045.0372,234,10,934.6492,1045.0372,1141.3441
load_26,2013-12-12 10:00:00,1955.4,1970.0737,234,11,1817.3645,1970.0737,2104.7502
load_26,2013-12-12 11:00:00,2459.1,2416.6416,234,12,2272.6982,2416.6416,2521.053
load_26,2013-12-12 12:00:00,2478.9,2457.2954,234,13,2318.164,2457.2954,2574.0737
load_26,2013-12-12 13:00:00,2466.9,2460.1099,234,14,2308.6914,2460.1099,2577.885
load_26,2013-12-12 14:00:00,2695.5,2421.9048,234,15,2297.4912,2421.9048,2567.3945
load_26,2013-12-12 15:00:00,2723.4,2416.1987,234,16,2283.0115,2416.1987,2538.604
load_26,2013-12-12 16:00:00,2754.9,2478.9434,234,17,2340.7595,2478.9434,2602.9282
load_26,2013-12-12 17:00:00,2798.4,2499.5728,234,18,2368.7256,2499.5728,2633.7688
load_26,2013-12-12 18:00:00,2792.4,2523.16,234,19,2384.0693,2523.16,2668.595
load_26,2013-12-12 19:00:00,2684.4,2494.8928,234,20,2344.6873,2494.8928,2648.6802
load_26,2013-12-12 20:00:00,2131.5,2038.3624,234,21,1855.5518,2038.3624,2233.838
load_26,2013-12-12 21:00:00,1169.4,1068.854,234,22,935.2158,1068.854,1222.98
load_26,2013-12-12 22:00:00,835.2,795.92474,234,23,687.5229,795.92474,940.8059
load_26,2013-12-12 23:00:00,704.1,609.9949,234,24,517.4793,609.9949,727.1355
load_26,2013-12-13 00:00:00,633.9,536.982,235,1,472.65558,536.982,592.3878
load_26,2013-12-13 01:00:00,627.6,497.43695,235,2,428.31934,497.43695,571.689
load_26,2013-12-13 02:00:00,579.0,476.88684,235,3,404.7141,476.88684,539.2653
load_26,2013-12-13 03:00:00,552.6,452.891,235,4,385.17505,452.891,523.3288
load_26,2013-12-13 04:00:00,569.1,458.15167,235,5,391.8919,458.15167,527.75555
load_26,2013-12-13 05:00:00,562.5,472.22754,235,6,406.33026,472.22754,544.0965
load_26,2013-12-13 06:00:00,570.6,480.91406,235,7,410.57178,480.91406,559.1838
load_26,2013-12-13 07:00:00,609.9,515.02167,235,8,429.65424,515.02167,588.90094
load_26,2013-12-13 08:00:00,692.7,633.1124,235,9,529.8123,633.1124,742.4623
load_26,2013-12-13 09:00:00,1328.1,1124.1531,235,10,986.988,1124.1531,1247.8265
load_26,2013-12-13 10:00:00,1991.7,1981.4102,235,11,1807.8638,1981.4102,2155.301
load_26,2013-12-13 11:00:00,2613.6,2470.217,235,12,2296.389,2470.217,2625.747
load_26,2013-12-13 12:00:00,2660.1,2536.97,235,13,2354.2402,2536.97,2702.0225
load_26,2013-12-13 13:00:00,2664.6,2539.2983,235,14,2330.2046,2539.2983,2711.1982
load_26,2013-12-13 14:00:00,2645.1,2531.5178,235,15,2359.641,2531.5178,2728.9487
load_26,2013-12-13 15:00:00,2618.1,2529.959,235,16,2360.0527,2529.959,2697.8276
load_26,2013-12-13 16:00:00,2864.1,2607.439,235,17,2434.3325,2607.439,2764.5308
load_26,2013-12-13 17:00:00,2911.2,2622.7637,235,18,2454.3647,2622.7637,2808.2778
load_26,2013-12-13 18:00:00,2934.6,2638.7134,235,19,2463.378,2638.7134,2832.2803
load_26,2013-12-13 19:00:00,2861.1,2598.809,235,20,2394.6428,2598.809,2803.1047
load_26,2013-12-13 20:00:00,2702.1,2136.4614,235,21,1893.8645,2136.4614,2367.7488
load_26,2013-12-13 21:00:00,1486.8,1164.391,235,22,991.66284,1164.391,1352.6122
load_26,2013-12-13 22:00:00,930.0,822.65985,235,23,697.7589,822.65985,1002.61523
load_26,2013-12-13 23:00:00,750.6,628.4782,235,24,529.9269,628.4782,771.9336
load_26,2013-12-16 00:00:00,604.2,642.84064,236,1,551.5483,642.84064,714.82227
load_26,2013-12-16 01:00:00,660.0,601.8187,236,2,507.54675,601.8187,694.8225
load_26,2013-12-16 02:00:00,608.4,567.8836,236,3,476.16125,567.8836,655.92993
load_26,2013-12-16 03:00:00,554.4,541.7996,236,4,452.02075,541.7996,638.0996
load_26,2013-12-16 04:00:00,566.1,536.3984,236,5,445.94287,536.3984,632.0976
load_26,2013-12-16 05:00:00,559.2,553.1831,236,6,463.2386,553.1831,651.45355
load_26,2013-12-16 06:00:00,570.3,569.9667,236,7,477.10168,569.9667,676.5265
load_26,2013-12-16 07:00:00,626.1,614.38074,236,8,506.38165,614.38074,716.8317
load_26,2013-12-16 08:00:00,702.9,723.1763,236,9,598.66034,723.1763,861.1909
load_26,2013-12-16 09:00:00,1134.9,1268.823,236,10,1116.4346,1268.823,1421.7161
load_26,2013-12-16 10:00:00,1872.9,2128.4897,236,11,1920.3806,2128.4897,2339.0676
load_26,2013-12-16 11:00:00,2630.1,2674.909,236,12,2456.2573,2674.909,2869.6316
load_26,2013-12-16 12:00:00,2646.6,2724.08,236,13,2508.206,2724.08,2941.295
load_26,2013-12-16 13:00:00,2640.3,2724.6602,236,14,2484.5928,2724.6602,2942.7603
load_26,2013-12-16 14:00:00,2562.3,2737.7764,236,15,2522.6448,2737.7764,2970.8535
load_26,2013-12-16 15:00:00,2507.4,2704.8748,236,16,2500.395,2704.8748,2920.2043
load_26,2013-12-16 16:00:00,2540.4,2770.9556,236,17,2563.812,2770.9556,2983.2915
load_26,2013-12-16 17:00:00,2601.9,2788.916,236,18,2583.2798,2788.916,3027.685
load_26,2013-12-16 18:00:00,2659.2,2806.7585,236,19,2590.0566,2806.7585,3053.5476
load_26,2013-12-16 19:00:00,2575.5,2761.8005,236,20,2518.8896,2761.8005,3026.1294
load_26,2013-12-16 20:00:00,2096.1,2326.4429,236,21,2035.3826,2326.4429,2599.3662
load_26,2013-12-16 21:00:00,1258.2,1268.7441,236,22,1064.5662,1268.7441,1504.8799
load_26,2013-12-16 22:00:00,943.5,928.3822,236,23,770.42474,928.3822,1144.3969
load_26,2013-12-16 23:00:00,637.8,753.4677,236,24,622.44055,753.4677,935.4264
load_26,2013-12-17 00:00:00,564.9,571.17725,237,1,494.08093,571.17725,648.2083
load_26,2013-12-17 01:00:00,585.9,541.96387,237,2,459.39954,541.96387,628.32074
load_26,2013-12-17 02:00:00,585.6,525.5846,237,3,439.03918,525.5846,600.3937
load_26,2013-12-17 03:00:00,564.6,507.9358,237,4,426.3025,507.9358,592.963
load_26,2013-12-17 04:00:00,579.0,511.65326,237,5,430.6405,511.65326,593.97186
load_26,2013-12-17 05:00:00,579.3,521.95636,237,6,439.276,521.95636,605.1781
load_26,2013-12-17 06:00:00,572.1,532.5792,237,7,446.92004,532.5792,621.2965
load_26,2013-12-17 07:00:00,605.1,576.8148,237,8,481.37854,576.8148,663.90656
load_26,2013-12-17 08:00:00,705.6,687.6633,237,9,575.9008,687.6633,790.22876
load_26,2013-12-17 09:00:00,1282.5,1163.5898,237,10,1021.76935,1163.5898,1279.4088
load_26,2013-12-17 10:00:00,2050.2,1954.4214,237,11,1779.5232,1954.4214,2126.743
load_26,2013-12-17 11:00:00,2732.7,2503.1455,237,12,2320.4976,2503.1455,2660.734
load_26,2013-12-17 12:00:00,2772.0,2559.7544,237,13,2369.0288,2559.7544,2726.4678
load_26,2013-12-17 13:00:00,2704.5,2547.8691,237,14,2338.297,2547.8691,2718.043
load_26,2013-12-17 14:00:00,2727.6,2523.1338,237,15,2344.1235,2523.1338,2723.4531
load_26,2013-12-17 15:00:00,2500.5,2505.937,237,16,2314.6853,2505.937,2686.481
load_26,2013-12-17 16:00:00,2433.6,2586.397,237,17,2403.786,2586.397,2762.8232
load_26,2013-12-17 17:00:00,2464.2,2604.151,237,18,2427.3704,2604.151,2796.3906
load_26,2013-12-17 18:00:00,2486.4,2612.2053,237,19,2428.9297,2612.2053,2816.4512
load_26,2013-12-17 19:00:00,2514.6,2593.543,237,20,2387.3245,2593.543,2803.1636
load_26,2013-12-17 20:00:00,2084.1,2181.038,237,21,1941.0635,2181.038,2416.7693
load_26,2013-12-17 21:00:00,1139.1,1193.9926,237,22,1025.1158,1193.9926,1379.611
load_26,2013-12-17 22:00:00,850.5,863.8593,237,23,729.64734,863.8593,1043.9634
load_26,2013-12-17 23:00:00,733.5,688.615,237,24,572.58624,688.615,841.56366
load_26,2013-12-18 00:00:00,601.2,609.66394,238,1,537.6391,609.66394,683.837
load_26,2013-12-18 01:00:00,515.4,587.7613,238,2,513.55945,587.7613,668.5595
load_26,2013-12-18 02:00:00,475.5,578.0666,238,3,498.83258,578.0666,644.52026
load_26,2013-12-18 03:00:00,458.4,560.6361,238,4,486.56384,560.6361,636.73566
load_26,2013-12-18 04:00:00,533.1,563.152,238,5,490.56116,563.152,635.96356
load_26,2013-12-18 05:00:00,531.9,573.4845,238,6,500.35114,573.4845,648.30493
load_26,2013-12-18 06:00:00,514.8,579.8655,238,7,502.8543,579.8655,658.853
load_26,2013-12-18 07:00:00,524.7,608.93933,238,8,524.02454,608.93933,688.41644
load_26,2013-12-18 08:00:00,590.4,695.98706,238,9,599.1153,695.98706,790.64996
load_26,2013-12-18 09:00:00,1123.8,1198.9817,238,10,1066.7599,1198.9817,1324.6729
load_26,2013-12-18 10:00:00,2105.7,2004.6335,238,11,1838.1038,2004.6335,2176.5903
load_26,2013-12-18 11:00:00,2390.7,2548.7524,238,12,2374.2964,2548.7524,2695.2642
load_26,2013-12-18 12:00:00,2313.6,2581.2634,238,13,2408.7104,2581.2634,2741.6902
load_26,2013-12-18 13:00:00,2398.5,2578.1223,238,14,2383.7756,2578.1223,2742.7488
load_26,2013-12-18 14:00:00,2414.7,2567.374,238,15,2403.2861,2567.374,2749.8936
load_26,2013-12-18 15:00:00,2412.6,2514.758,238,16,2339.0083,2514.758,2688.2822
load_26,2013-12-18 16:00:00,2444.1,2536.0703,238,17,2349.653,2536.0703,2706.825
load_26,2013-12-18 17:00:00,2484.3,2570.8857,238,18,2397.8076,2570.8857,2749.874
load_26,2013-12-18 18:00:00,2564.1,2572.723,238,19,2402.695,2572.723,2763.8374
load_26,2013-12-18 19:00:00,2507.1,2561.8945,238,20,2374.4658,2561.8945,2754.988
load_26,2013-12-18 20:00:00,2021.7,2097.3372,238,21,1892.2931,2097.3372,2320.4695
load_26,2013-12-18 21:00:00,1160.4,1145.8157,238,22,1001.84204,1145.8157,1313.2004
load_26,2013-12-18 22:00:00,833.7,849.5536,238,23,733.743,849.5536,1003.453
load_26,2013-12-18 23:00:00,586.5,693.9672,238,24,597.61163,693.9672,815.6503
load_26,2013-12-19 00:00:00,505.8,529.8801,239,1,459.74255,529.8801,598.1569
load_26,2013-12-19 01:00:00,529.8,500.37427,239,2,434.4652,500.37427,569.75775
load_26,2013-12-19 02:00:00,535.5,489.96008,239,3,417.5924,489.96008,546.02655
load_26,2013-12-19 03:00:00,491.7,474.0974,239,4,407.72437,474.0974,535.3979
load_26,2013-12-19 04:00:00,535.5,483.78857,239,5,416.86853,483.78857,548.77277
load_26,2013-12-19 05:00:00,553.8,498.54565,239,6,430.26672,498.54565,562.79865
load_26,2013-12-19 06:00:00,554.7,509.9942,239,7,439.82544,509.9942,579.50256
load_26,2013-12-19 07:00:00,600.9,533.72974,239,8,453.60266,533.72974,603.587
load_26,2013-12-19 08:00:00,656.1,634.9372,239,9,544.6419,634.9372,720.63684
load_26,2013-12-19 09:00:00,1209.0,1138.5164,239,10,997.0471,1138.5164,1250.9438
load_26,2013-12-19 10:00:00,2087.1,1956.2288,239,11,1777.8676,1956.2288,2128.2449
load_26,2013-12-19 11:00:00,2521.2,2443.184,239,12,2263.0571,2443.184,2596.3193
load_26,2013-12-19 12:00:00,2576.1,2432.6653,239,13,2229.8672,2432.6653,2619.3503
load_26,2013-12-19 13:00:00,2463.6,2453.6729,239,14,2243.307,2453.6729,2627.4683
load_26,2013-12-19 14:00:00,2309.4,2452.0427,239,15,2284.002,2452.0427,2644.6523
load_26,2013-12-19 15:00:00,2313.9,2437.2651,239,16,2257.2437,2437.2651,2612.8586
load_26,2013-12-19 16:00:00,2389.8,2486.038,239,17,2302.9604,2486.038,2647.109
load_26,2013-12-19 17:00:00,2556.3,2519.5498,239,18,2348.3442,2519.5498,2690.8574
load_26,2013-12-19 18:00:00,2599.5,2524.6826,239,19,2356.6216,2524.6826,2708.1946
load_26,2013-12-19 19:00:00,2584.8,2512.9216,239,20,2319.9072,2512.9216,2701.0378
load_26,2013-12-19 20:00:00,2167.8,2062.065,239,21,1851.8547,2062.065,2278.781
load_26,2013-12-19 21:00:00,1292.4,1112.2476,239,22,968.977,1112.2476,1272.6803
load_26,2013-12-19 22:00:00,896.7,797.08936,239,23,683.9947,797.08936,947.15485
load_26,2013-12-19 23:00:00,639.3,641.9197,239,24,547.84393,641.9197,757.4711
load_26,2013-12-20 00:00:00,535.2,563.02924,240,1,502.80927,563.02924,623.586
load_26,2013-12-20 01:00:00,506.7,537.189,240,2,480.8141,537.189,600.4642
load_26,2013-12-20 02:00:00,529.2,533.38574,240,3,472.011,533.38574,583.22986
load_26,2013-12-20 03:00:00,583.2,518.34644,240,4,462.06787,518.34644,571.0651
load_26,2013-12-20 04:00:00,592.2,518.84515,240,5,463.07104,518.84515,571.6732
load_26,2013-12-20 05:00:00,594.9,532.4096,240,6,475.46558,532.4096,586.5876
load_26,2013-12-20 06:00:00,573.0,541.94653,240,7,482.60413,541.94653,600.1716
load_26,2013-12-20 07:00:00,553.8,564.9504,240,8,494.1363,564.9504,628.34937
load_26,2013-12-20 08:00:00,660.0,647.31226,240,9,568.2129,647.31226,744.9486
load_26,2013-12-20 09:00:00,1210.8,1215.1742,240,10,1088.9185,1215.1742,1337.3015
load_26,2013-12-20 10:00:00,2004.3,2016.8982,240,11,1849.9032,2016.8982,2189.6306
load_26,2013-12-20 11:00:00,2339.4,2495.044,240,12,2330.106,2495.044,2645.251
load_26,2013-12-20 12:00:00,2334.9,2514.3413,240,13,2336.8118,2514.3413,2679.5283
load_26,2013-12-20 13:00:00,2519.7,2507.3296,240,14,2309.737,2507.3296,2678.0256
load_26,2013-12-20 14:00:00,2467.8,2503.9546,240,15,2338.9832,2503.9546,2698.197
load_26,2013-12-20 15:00:00,2343.6,2516.7937,240,16,2345.872,2516.7937,2687.3027
load_26,2013-12-20 16:00:00,2503.5,2558.8188,240,17,2366.6519,2558.8188,2724.1248
load_26,2013-12-20 17:00:00,2550.0,2584.4556,240,18,2413.283,2584.4556,2768.8887
load_26,2013-12-20 18:00:00,2619.3,2606.3452,240,19,2432.1023,2606.3452,2803.3699
load_26,2013-12-20 19:00:00,2588.7,2587.7036,240,20,2386.0085,2587.7036,2793.859
load_26,2013-12-20 20:00:00,2518.8,2181.8494,240,21,1946.3076,2181.8494,2409.8638
load_26,2013-12-20 21:00:00,1407.3,1236.9458,240,22,1066.0244,1236.9458,1414.7911
load_26,2013-12-20 22:00:00,855.6,877.7689,240,23,758.902,877.7689,1044.6711
load_26,2013-12-20 23:00:00,591.9,688.0055,240,24,598.08124,688.0055,802.542
load_26,2013-12-23 00:00:00,475.2,553.0303,241,1,484.18164,553.0303,614.8674
load_26,2013-12-23 01:00:00,493.5,534.46765,241,2,471.77698,534.46765,599.34
load_26,2013-12-23 02:00:00,466.8,535.006,241,3,466.0299,535.006,588.5392
load_26,2013-12-23 03:00:00,441.3,522.2557,241,4,460.04224,522.2557,580.41455
load_26,2013-12-23 04:00:00,466.2,523.8724,241,5,461.59668,523.8724,584.54266
load_26,2013-12-23 05:00:00,460.2,542.5835,241,6,480.8766,542.5835,602.725
load_26,2013-12-23 06:00:00,451.2,554.56836,241,7,491.1432,554.56836,622.20544
load_26,2013-12-23 07:00:00,514.5,581.68286,241,8,501.49768,581.68286,645.6829
load_26,2013-12-23 08:00:00,607.8,669.70325,241,9,583.2026,669.70325,760.7169
load_26,2013-12-23 09:00:00,1029.6,1204.7207,241,10,1071.3691,1204.7207,1312.8961
load_26,2013-12-23 10:00:00,1817.4,1980.2277,241,11,1803.5645,1980.2277,2153.683
load_26,2013-12-23 11:00:00,2467.2,2447.8105,241,12,2270.4282,2447.8105,2611.074
load_26,2013-12-23 12:00:00,2536.2,2485.5552,241,13,2285.624,2485.5552,2666.1553
load_26,2013-12-23 13:00:00,2510.7,2494.692,241,14,2286.8174,2494.692,2667.6628
load_26,2013-12-23 14:00:00,2479.2,2444.5508,241,15,2267.0623,2444.5508,2641.2898
load_26,2013-12-23 15:00:00,2429.4,2402.1565,241,16,2215.2156,2402.1565,2589.3828
load_26,2013-12-23 16:00:00,2452.8,2460.1116,241,17,2262.777,2460.1116,2627.7053
load_26,2013-12-23 17:00:00,2466.9,2507.0532,241,18,2327.065,2507.0532,2682.207
load_26,2013-12-23 18:00:00,2487.0,2515.9326,241,19,2342.793,2515.9326,2708.2139
load_26,2013-12-23 19:00:00,2462.1,2520.0889,241,20,2302.4863,2520.0889,2725.6917
load_26,2013-12-23 20:00:00,2042.1,2202.7856,241,21,1939.614,2202.7856,2420.5771
load_26,2013-12-23 21:00:00,1159.8,1248.2999,241,22,1074.3453,1248.2999,1418.9143
load_26,2013-12-23 22:00:00,795.9,870.7565,241,23,755.30707,870.7565,1025.7913
load_26,2013-12-23 23:00:00,547.8,674.76434,241,24,584.2811,674.76434,777.86865
load_26,2013-12-24 00:00:00,522.6,502.74725,242,1,438.33716,502.74725,563.4201
load_26,2013-12-24 01:00:00,538.2,481.52478,242,2,423.20593,481.52478,541.84827
load_26,2013-12-24 02:00:00,504.0,481.70288,242,3,419.19702,481.70288,527.96027
load_26,2013-12-24 03:00:00,465.3,466.0514,242,4,410.0288,466.0514,517.83514
load_26,2013-12-24 04:00:00,477.9,473.92163,242,5,418.979,473.92163,524.8875
load_26,2013-12-24 05:00:00,476.4,491.58868,242,6,435.91394,491.58868,542.07574
load_26,2013-12-24 06:00:00,479.4,499.11316,242,7,440.3844,499.11316,550.14734
load_26,2013-12-24 07:00:00,532.8,515.3369,242,8,449.6836,515.3369,571.89154
load_26,2013-12-24 08:00:00,613.5,597.85956,242,9,525.9113,597.85956,671.13904
load_26,2013-12-24 09:00:00,1106.1,1114.0515,242,10,984.2242,1114.0515,1215.6548
load_26,2013-12-24 10:00:00,1979.7,1922.8933,242,11,1765.5273,1922.8933,2079.8127
load_26,2013-12-24 11:00:00,2304.0,2381.8982,242,12,2233.3286,2381.8982,2516.897
load_26,2013-12-24 12:00:00,2306.7,2418.4678,242,13,2262.9795,2418.4678,2566.9697
load_26,2013-12-24 13:00:00,2521.5,2440.7104,242,14,2277.562,2440.7104,2583.4783
load_26,2013-12-24 14:00:00,2473.5,2424.6733,242,15,2289.0674,2424.6733,2584.5005
load_26,2013-12-24 15:00:00,2491.5,2377.9492,242,16,2231.4053,2377.9492,2530.1323
load_26,2013-12-24 16:00:00,2522.1,2418.3296,242,17,2249.0325,2418.3296,2567.7632
load_26,2013-12-24 17:00:00,2703.0,2448.6611,242,18,2292.0237,2448.6611,2604.6562
load_26,2013-12-24 18:00:00,2732.1,2452.0627,242,19,2298.0063,2452.0627,2625.2888
load_26,2013-12-24 19:00:00,2691.9,2444.5793,242,20,2254.0444,2444.5793,2626.3193
load_26,2013-12-24 20:00:00,2628.6,2133.4858,242,21,1896.1041,2133.4858,2336.08
load_26,2013-12-24 21:00:00,1578.6,1178.9946,242,22,1016.6996,1178.9946,1345.554
load_26,2013-12-24 22:00:00,945.0,786.08026,242,23,680.2122,786.08026,936.4315
load_26,2013-12-24 23:00:00,807.9,595.3561,242,24,516.1081,595.3561,690.01245
load_26,2013-12-26 00:00:00,426.6,612.35266,243,1,517.6484,612.35266,694.237
load_26,2013-12-26 01:00:00,435.3,563.34357,243,2,477.26312,563.34357,665.93604
load_26,2013-12-26 02:00:00,424.2,548.44684,243,3,460.0647,548.44684,636.51917
load_26,2013-12-26 03:00:00,446.4,523.5882,243,4,442.15576,523.5882,622.8134
load_26,2013-12-26 04:00:00,587.7,531.176,243,5,446.24988,531.176,634.4366
load_26,2013-12-26 05:00:00,587.4,547.19495,243,6,464.073,547.19495,650.3145
load_26,2013-12-26 06:00:00,575.7,549.72705,243,7,463.75354,549.72705,660.1717
load_26,2013-12-26 07:00:00,622.5,581.2898,243,8,479.1322,581.2898,689.52673
load_26,2013-12-26 08:00:00,613.2,684.1619,243,9,567.4612,684.1619,832.84753
load_26,2013-12-26 09:00:00,1105.8,1182.4661,243,10,1018.2981,1182.4661,1356.1718
load_26,2013-12-26 10:00:00,1821.3,2021.7119,243,11,1823.1165,2021.7119,2236.8142
load_26,2013-12-26 11:00:00,2395.2,2478.0752,243,12,2283.357,2478.0752,2666.884
load_26,2013-12-26 12:00:00,2346.0,2529.4253,243,13,2324.3687,2529.4253,2726.8994
load_26,2013-12-26 13:00:00,2331.6,2528.9487,243,14,2312.4976,2528.9487,2725.8809
load_26,2013-12-26 14:00:00,2248.8,2498.116,243,15,2316.5063,2498.116,2718.3608
load_26,2013-12-26 15:00:00,2341.8,2469.7705,243,16,2274.769,2469.7705,2672.186
load_26,2013-12-26 16:00:00,2260.5,2528.6333,243,17,2337.4697,2528.6333,2714.2322
load_26,2013-12-26 17:00:00,2349.9,2560.8706,243,18,2387.609,2560.8706,2755.7324
load_26,2013-12-26 18:00:00,2368.5,2592.312,243,19,2410.5664,2592.312,2803.7842
load_26,2013-12-26 19:00:00,2354.4,2587.9797,243,20,2372.5837,2587.9797,2830.6318
load_26,2013-12-26 20:00:00,1871.1,2321.9678,243,21,2034.4934,2321.9678,2576.92
load_26,2013-12-26 21:00:00,1011.6,1343.8516,243,22,1116.8147,1343.8516,1601.9275
load_26,2013-12-26 22:00:00,801.3,903.569,243,23,738.4809,903.569,1141.3875
load_26,2013-12-26 23:00:00,584.7,696.9625,243,24,572.4101,696.9625,879.65094
load_26,2013-12-27 00:00:00,506.7,498.56024,244,1,433.1903,498.56024,556.82104
load_26,2013-12-27 01:00:00,536.4,482.72845,244,2,422.59802,482.72845,542.8727
load_26,2013-12-27 02:00:00,512.1,484.13617,244,3,420.56177,484.13617,531.2797
load_26,2013-12-27 03:00:00,470.1,472.71082,244,4,414.24072,472.71082,526.55005
load_26,2013-12-27 04:00:00,480.0,491.48962,244,5,435.1902,491.48962,548.3282
load_26,2013-12-27 05:00:00,481.5,512.87695,244,6,456.48914,512.87695,568.60236
load_26,2013-12-27 06:00:00,487.8,512.97644,244,7,453.78418,512.97644,570.6064
load_26,2013-12-27 07:00:00,534.9,533.01215,244,8,464.64087,533.01215,593.0613
load_26,2013-12-27 08:00:00,607.8,613.15356,244,9,537.6823,613.15356,689.64825
load_26,2013-12-27 09:00:00,1030.5,1123.477,244,10,997.2972,1123.477,1224.279
load_26,2013-12-27 10:00:00,1926.0,1936.9003,244,11,1773.5901,1936.9003,2093.2065
load_26,2013-12-27 11:00:00,2267.7,2318.6377,244,12,2166.393,2318.6377,2462.808
load_26,2013-12-27 12:00:00,2505.0,2336.6177,244,13,2159.491,2336.6177,2508.063
load_26,2013-12-27 13:00:00,2511.6,2383.65,244,14,2209.405,2383.65,2533.369
load_26,2013-12-27 14:00:00,2467.8,2366.0999,244,15,2215.0767,2366.0999,2539.2258
load_26,2013-12-27 15:00:00,2573.4,2352.6348,244,16,2192.5083,2352.6348,2510.4014
load_26,2013-12-27 16:00:00,2692.5,2357.8926,244,17,2171.9402,2357.8926,2521.7822
load_26,2013-12-27 17:00:00,2778.0,2426.1636,244,18,2258.4795,2426.1636,2588.6365
load_26,2013-12-27 18:00:00,2783.7,2434.7993,244,19,2272.42,2434.7993,2614.7214
load_26,2013-12-27 19:00:00,2711.4,2433.7747,244,20,2235.2798,2433.7747,2624.5469
load_26,2013-12-27 20:00:00,2589.9,2169.4526,244,21,1915.9124,2169.4526,2374.5332
load_26,2013-12-27 21:00:00,1440.0,1204.2463,244,22,1018.7715,1204.2463,1399.7695
load_26,2013-12-27 22:00:00,862.2,804.64606,244,23,678.2693,804.64606,978.2008
load_26,2013-12-27 23:00:00,605.1,610.0942,244,24,518.62177,610.0942,712.0537
load_26,2013-12-31 00:00:00,405.0,517.4213,245,1,464.9306,517.4213,566.02374
load_26,2013-12-31 01:00:00,401.1,495.24915,245,2,445.2918,495.24915,545.66766
load_26,2013-12-31 02:00:00,378.3,496.07788,245,3,443.19006,496.07788,537.2819
load_26,2013-12-31 03:00:00,392.1,487.8634,245,4,440.63605,487.8634,532.3658
load_26,2013-12-31 04:00:00,460.5,492.91553,245,5,444.19373,492.91553,544.8882
load_26,2013-12-31 05:00:00,452.7,511.52313,245,6,461.0432,511.52313,559.72424
load_26,2013-12-31 06:00:00,457.2,521.75616,245,7,469.2174,521.75616,577.04913
load_26,2013-12-31 07:00:00,512.1,542.38995,245,8,480.9076,542.38995,604.90045
load_26,2013-12-31 08:00:00,583.8,618.65674,245,9,543.92694,618.65674,725.7268
load_26,2013-12-31 09:00:00,994.8,1102.4763,245,10,949.3561,1102.4763,1234.8151
load_26,2013-12-31 10:00:00,1742.4,1922.8494,245,11,1735.2405,1922.8494,2106.483
load_26,2013-12-31 11:00:00,2316.0,2401.0464,245,12,2208.671,2401.0464,2566.4639
load_26,2013-12-31 12:00:00,2410.8,2474.694,245,13,2274.4587,2474.694,2637.525
load_26,2013-12-31 13:00:00,2544.6,2492.9766,245,14,2283.3032,2492.9766,2655.5625
load_26,2013-12-31 14:00:00,2490.0,2449.3713,245,15,2260.4272,2449.3713,2641.1406
load_26,2013-12-31 15:00:00,2393.1,2467.6794,245,16,2291.1223,2467.6794,2629.609
load_26,2013-12-31 16:00:00,2444.1,2539.0864,245,17,2312.6738,2539.0864,2692.9834
load_26,2013-12-31 17:00:00,2541.6,2559.1843,245,18,2381.0908,2559.1843,2734.23
load_26,2013-12-31 18:00:00,2607.9,2577.141,245,19,2392.1528,2577.141,2768.6143
load_26,2013-12-31 19:00:00,2514.0,2554.6245,245,20,2301.541,2554.6245,2776.6772
load_26,2013-12-31 20:00:00,2025.9,2303.1206,245,21,1960.0635,2303.1206,2542.3394
load_26,2013-12-31 21:00:00,1039.8,1303.9042,245,22,1060.897,1303.9042,1551.66
load_26,2013-12-31 22:00:00,749.7,860.8277,245,23,712.25464,860.8277,1057.5476
load_26,2013-12-31 23:00:00,517.2,642.00726,245,24,547.40045,642.00726,747.2124
load_26,2014-01-02 00:00:00,383.7,461.1181,246,1,399.63965,461.1181,517.2256
load_26,2014-01-02 01:00:00,441.6,447.61322,246,2,391.4027,447.61322,503.3476
load_26,2014-01-02 02:00:00,440.7,447.53033,246,3,390.90735,447.53033,490.01477
load_26,2014-01-02 03:00:00,437.1,437.6678,246,4,387.08118,437.6678,483.69617
load_26,2014-01-02 04:00:00,454.5,448.4887,246,5,398.97913,448.4887,499.49945
load_26,2014-01-02 05:00:00,452.7,476.18384,246,6,424.77368,476.18384,525.0886
load_26,2014-01-02 06:00:00,467.1,480.06946,246,7,427.1676,480.06946,531.61896
load_26,2014-01-02 07:00:00,513.9,515.4136,246,8,448.79956,515.4136,567.87024
load_26,2014-01-02 08:00:00,580.5,593.7504,246,9,519.64594,593.7504,668.4479
load_26,2014-01-02 09:00:00,1039.5,1054.3138,246,10,919.77966,1054.3138,1155.8739
load_26,2014-01-02 10:00:00,1788.6,1888.1891,246,11,1718.3206,1888.1891,2042.1255
load_26,2014-01-02 11:00:00,2312.4,2299.6047,246,12,2128.1238,2299.6047,2444.5203
load_26,2014-01-02 12:00:00,2427.3,2399.6453,246,13,2232.1584,2399.6453,2542.2764
load_26,2014-01-02 13:00:00,2372.1,2454.1245,246,14,2288.222,2454.1245,2580.0537
load_26,2014-01-02 14:00:00,2226.9,2427.6724,246,15,2292.3477,2427.6724,2575.6023
load_26,2014-01-02 15:00:00,2234.7,2426.4004,246,16,2285.7932,2426.4004,2556.7837
load_26,2014-01-02 16:00:00,2442.3,2478.5732,246,17,2280.227,2478.5732,2615.977
load_26,2014-01-02 17:00:00,2567.4,2512.3535,246,18,2359.4895,2512.3535,2654.0337
load_26,2014-01-02 18:00:00,2575.8,2510.28,246,19,2353.756,2510.28,2665.127
load_26,2014-01-02 19:00:00,2493.6,2490.2139,246,20,2287.449,2490.2139,2653.5527
load_26,2014-01-02 20:00:00,2037.6,2255.5015,246,21,1987.4955,2255.5015,2443.9905
load_26,2014-01-02 21:00:00,1005.3,1235.062,246,22,1043.8633,1235.062,1415.8127
load_26,2014-01-02 22:00:00,783.9,808.3649,246,23,687.1025,808.3649,964.5842
load_26,2014-01-02 23:00:00,555.0,601.13477,246,24,516.36755,601.13477,690.6658
load_26,2014-01-03 00:00:00,458.1,457.92664,247,1,399.5359,457.92664,512.3255
load_26,2014-01-03 01:00:00,477.3,436.52112,247,2,381.703,436.52112,494.12042
load_26,2014-01-03 02:00:00,434.1,437.42883,247,3,380.14722,437.42883,482.37708
load_26,2014-01-03 03:00:00,423.9,429.7094,247,4,379.02454,429.7094,478.82526
load_26,2014-01-03 04:00:00,431.1,440.52844,247,5,390.7141,440.52844,490.16864
load_26,2014-01-03 05:00:00,430.2,460.82404,247,6,408.31836,460.82404,510.38904
load_26,2014-01-03 06:00:00,428.4,470.91382,247,7,417.16016,470.91382,523.9986
load_26,2014-01-03 07:00:00,496.5,510.0031,247,8,438.46246,510.0031,561.1505
load_26,2014-01-03 08:00:00,591.6,582.6012,247,9,505.27136,582.6012,656.381
load_26,2014-01-03 09:00:00,999.3,1025.4668,247,10,901.7624,1025.4668,1116.9087
load_26,2014-01-03 10:00:00,1937.4,1779.9795,247,11,1624.5405,1779.9795,1909.2847
load_26,2014-01-03 11:00:00,2517.3,2279.7366,247,12,2117.6533,2279.7366,2424.7954
load_26,2014-01-03 12:00:00,2382.6,2362.8477,247,13,2188.3374,2362.8477,2506.892
load_26,2014-01-03 13:00:00,2455.2,2407.8867,247,14,2226.3179,2407.8867,2538.7205
load_26,2014-01-03 14:00:00,2459.1,2356.6,247,15,2193.1636,2356.6,2512.105
load_26,2014-01-03 15:00:00,2443.2,2355.9868,247,16,2197.0881,2355.9868,2496.1025
load_26,2014-01-03 16:00:00,2419.8,2441.7852,247,17,2241.9272,2441.7852,2577.2446
load_26,2014-01-03 17:00:00,2565.0,2486.4858,247,18,2328.2249,2486.4858,2631.3442
load_26,2014-01-03 18:00:00,2588.7,2496.5425,247,19,2330.7585,2496.5425,2657.9912
load_26,2014-01-03 19:00:00,2531.7,2469.4912,247,20,2238.6936,2469.4912,2649.4038
load_26,2014-01-03 20:00:00,2469.9,2152.5645,247,21,1839.5007,2152.5645,2362.753
load_26,2014-01-03 21:00:00,1304.7,1136.6772,247,22,931.1433,1136.6772,1351.9962
load_26,2014-01-03 22:00:00,752.4,763.359,247,23,636.26434,763.359,932.37854
load_26,2014-01-03 23:00:00,599.7,573.19293,247,24,486.32605,573.19293,660.93066
load_26,2014-01-06 00:00:00,516.0,468.14215,248,1,406.76306,468.14215,522.3766
load_26,2014-01-06 01:00:00,540.6,444.95465,248,2,390.32617,444.95465,501.25073
load_26,2014-01-06 02:00:00,523.8,441.2909,248,3,385.04224,441.2909,482.47827
load_26,2014-01-06 03:00:00,427.5,433.20898,248,4,382.66504,433.20898,477.36224
load_26,2014-01-06 04:00:00,424.5,447.38348,248,5,398.00232,447.38348,497.28613
load_26,2014-01-06 05:00:00,424.8,466.37354,248,6,417.4107,466.37354,513.05707
load_26,2014-01-06 06:00:00,436.2,476.52722,248,7,426.21954,476.52722,528.7203
load_26,2014-01-06 07:00:00,512.1,519.82776,248,8,453.6407,519.82776,571.10333
load_26,2014-01-06 08:00:00,602.1,596.9865,248,9,519.8418,596.9865,675.7586
load_26,2014-01-06 09:00:00,982.8,1058.3396,248,10,939.08813,1058.3396,1146.3734
load_26,2014-01-06 10:00:00,1883.4,1867.9421,248,11,1712.8976,1867.9421,2016.5696
load_26,2014-01-06 11:00:00,2355.3,2328.554,248,12,2181.4763,2328.554,2473.594
load_26,2014-01-06 12:00:00,2398.5,2397.6982,248,13,2231.3096,2397.6982,2548.0864
load_26,2014-01-06 13:00:00,2286.9,2421.1248,248,14,2249.3435,2421.1248,2563.8984
load_26,2014-01-06 14:00:00,2362.8,2367.9836,248,15,2215.585,2367.9836,2536.4
load_26,2014-01-06 15:00:00,2412.9,2388.0247,248,16,2235.9458,2388.0247,2534.8135
load_26,2014-01-06 16:00:00,2443.8,2432.4316,248,17,2234.7153,2432.4316,2582.419
load_26,2014-01-06 17:00:00,2558.4,2498.5974,248,18,2339.2063,2498.5974,2655.5637
load_26,2014-01-06 18:00:00,2588.1,2501.7217,248,19,2334.9436,2501.7217,2672.8013
load_26,2014-01-06 19:00:00,2543.4,2477.769,248,20,2254.8647,2477.769,2669.5474
load_26,2014-01-06 20:00:00,2020.8,2222.5688,248,21,1922.0546,2222.5688,2441.4692
load_26,2014-01-06 21:00:00,1032.9,1164.3907,248,22,965.4871,1164.3907,1377.7476
load_26,2014-01-06 22:00:00,726.3,790.4744,248,23,662.3517,790.4744,959.9728
load_26,2014-01-06 23:00:00,596.4,594.7537,248,24,511.49658,594.7537,691.62866
load_26,2014-01-07 00:00:00,510.0,470.7079,249,1,417.05756,470.7079,519.8729
load_26,2014-01-07 01:00:00,500.7,449.64575,249,2,399.7682,449.64575,501.51263
load_26,2014-01-07 02:00:00,496.8,453.97766,249,3,401.6775,453.97766,492.36078
load_26,2014-01-07 03:00:00,475.5,441.96716,249,4,396.078,441.96716,481.96796
load_26,2014-01-07 04:00:00,472.2,447.81146,249,5,402.80737,447.81146,489.78174
load_26,2014-01-07 05:00:00,478.8,463.42188,249,6,418.13568,463.42188,502.7401
load_26,2014-01-07 06:00:00,464.7,477.0952,249,7,430.26245,477.0952,520.49384
load_26,2014-01-07 07:00:00,518.7,513.8032,249,8,453.17737,513.8032,559.3399
load_26,2014-01-07 08:00:00,603.6,590.132,249,9,521.9246,590.132,660.06464
load_26,2014-01-07 09:00:00,968.1,1023.1882,249,10,903.5408,1023.1882,1113.9702
load_26,2014-01-07 10:00:00,1905.9,1840.0428,249,11,1682.8046,1840.0428,1981.4502
load_26,2014-01-07 11:00:00,2403.6,2326.353,249,12,2179.395,2326.353,2457.8276
load_26,2014-01-07 12:00:00,2419.5,2351.871,249,13,2178.0835,2351.871,2500.5132
load_26,2014-01-07 13:00:00,2406.3,2378.895,249,14,2191.526,2378.895,2519.3706
load_26,2014-01-07 14:00:00,2317.2,2357.5046,249,15,2201.4622,2357.5046,2521.4077
load_26,2014-01-07 15:00:00,2298.3,2362.4705,249,16,2206.0564,2362.4705,2505.1626
load_26,2014-01-07 16:00:00,2467.8,2433.171,249,17,2223.9756,2433.171,2575.3484
load_26,2014-01-07 17:00:00,2602.5,2496.555,249,18,2337.9453,2496.555,2647.1477
load_26,2014-01-07 18:00:00,2605.5,2498.086,249,19,2331.1978,2498.086,2665.1084
load_26,2014-01-07 19:00:00,2524.2,2473.4006,249,20,2231.2686,2473.4006,2667.4976
load_26,2014-01-07 20:00:00,1936.8,2192.6917,249,21,1840.6035,2192.6917,2424.9214
load_26,2014-01-07 21:00:00,972.3,1121.646,249,22,905.1068,1121.646,1366.29
load_26,2014-01-07 22:00:00,741.3,744.0719,249,23,627.5474,744.0719,924.4143
load_26,2014-01-07 23:00:00,515.7,579.8234,249,24,502.36023,579.8234,660.57935
load_26,2014-01-08 00:00:00,431.1,465.47174,250,1,409.3407,465.47174,516.80334
load_26,2014-01-08 01:00:00,520.5,445.65692,250,2,394.31683,445.65692,498.62225
load_26,2014-01-08 02:00:00,506.1,443.92218,250,3,390.5338,443.92218,483.71252
load_26,2014-01-08 03:00:00,498.0,432.26025,250,4,383.39368,432.26025,472.9298
load_26,2014-01-08 04:00:00,499.5,437.71234,250,5,391.58173,437.71234,481.0066
load_26,2014-01-08 05:00:00,474.3,455.72913,250,6,408.9478,455.72913,496.44806
load_26,2014-01-08 06:00:00,478.5,467.94073,250,7,419.8205,467.94073,511.3896
load_26,2014-01-08 07:00:00,539.7,516.6709,250,8,455.81604,516.6709,562.15765
load_26,2014-01-08 08:00:00,540.0,597.78864,250,9,524.9728,597.78864,667.7512
load_26,2014-01-08 09:00:00,956.7,1013.0604,250,10,905.1005,1013.0604,1099.3585
load_26,2014-01-08 10:00:00,1911.6,1836.6199,250,11,1688.1367,1836.6199,1976.6506
load_26,2014-01-08 11:00:00,2374.5,2304.0654,250,12,2159.8853,2304.0654,2445.0173
load_26,2014-01-08 12:00:00,2506.2,2388.5637,250,13,2232.201,2388.5637,2525.8237
load_26,2014-01-08 13:00:00,2587.8,2388.3464,250,14,2213.79,2388.3464,2529.4858
load_26,2014-01-08 14:00:00,2450.7,2342.7617,250,15,2187.0776,2342.7617,2509.1904
load_26,2014-01-08 15:00:00,2408.4,2368.6145,250,16,2222.4,2368.6145,2511.3962
load_26,2014-01-08 16:00:00,2449.2,2444.4475,250,17,2243.7363,2444.4475,2590.3455
load_26,2014-01-08 17:00:00,2517.3,2492.793,250,18,2332.6196,2492.793,2656.9172
load_26,2014-01-08 18:00:00,2596.2,2501.7637,250,19,2333.2737,2501.7637,2681.0542
load_26,2014-01-08 19:00:00,2518.8,2472.9497,250,20,2243.2285,2472.9497,2670.7776
load_26,2014-01-08 20:00:00,1894.5,2079.9785,250,21,1780.4004,2079.9785,2316.5322
load_26,2014-01-08 21:00:00,1039.2,1035.6398,250,22,861.2537,1035.6398,1243.6565
load_26,2014-01-08 22:00:00,822.9,739.77966,250,23,629.1332,739.77966,902.58545
load_26,2014-01-08 23:00:00,620.1,561.9882,250,24,487.56628,561.9882,645.2354
load_26,2014-01-09 00:00:00,534.3,485.75763,251,1,435.28424,485.75763,532.53033
load_26,2014-01-09 01:00:00,523.5,469.8844,251,2,423.0774,469.8844,519.7722
load_26,2014-01-09 02:00:00,502.5,472.42035,251,3,423.76184,472.42035,508.6471
load_26,2014-01-09 03:00:00,442.8,457.05273,251,4,412.32782,457.05273,495.56122
load_26,2014-01-09 04:00:00,470.1,456.3775,251,5,415.05817,456.3775,494.8238
load_26,2014-01-09 05:00:00,461.1,471.08374,251,6,428.4344,471.08374,506.23938
load_26,2014-01-09 06:00:00,464.4,476.18036,251,7,430.213,476.18036,512.93976
load_26,2014-01-09 07:00:00,512.4,507.96088,251,8,456.00946,507.96088,553.9464
load_26,2014-01-09 08:00:00,611.4,593.6613,251,9,530.58594,593.6613,664.6984
load_26,2014-01-09 09:00:00,1116.0,1005.05225,251,10,904.8652,1005.05225,1086.5787
load_26,2014-01-09 10:00:00,1844.4,1883.1149,251,11,1753.2666,1883.1149,2006.9526
load_26,2014-01-09 11:00:00,2208.3,2386.3645,251,12,2266.2737,2386.3645,2494.9893
load_26,2014-01-09 12:00:00,2375.7,2439.3772,251,13,2315.8098,2439.3772,2551.0542
load_26,2014-01-09 13:00:00,2429.4,2455.7166,251,14,2327.2856,2455.7166,2569.2075
load_26,2014-01-09 14:00:00,2363.4,2405.6086,251,15,2302.6924,2405.6086,2541.0618
load_26,2014-01-09 15:00:00,2308.8,2396.427,251,16,2280.3164,2396.427,2515.9487
load_26,2014-01-09 16:00:00,2271.9,2493.42,251,17,2362.9,2493.42,2611.7947
load_26,2014-01-09 17:00:00,2346.0,2524.392,251,18,2399.0635,2524.392,2655.9858
load_26,2014-01-09 18:00:00,2366.4,2541.4985,251,19,2409.7566,2541.4985,2684.8281
load_26,2014-01-09 19:00:00,2342.7,2505.7148,251,20,2335.7852,2505.7148,2666.9355
load_26,2014-01-09 20:00:00,1982.1,2108.1711,251,21,1863.7114,2108.1711,2318.344
load_26,2014-01-09 21:00:00,1113.0,1066.3618,251,22,901.26105,1066.3618,1264.5417
load_26,2014-01-09 22:00:00,824.4,755.3132,251,23,649.3216,755.3132,913.2583
load_26,2014-01-09 23:00:00,604.2,568.0075,251,24,500.40625,568.0075,646.9383
load_26,2014-01-10 00:00:00,504.3,489.12292,252,1,440.76105,489.12292,534.8822
load_26,2014-01-10 01:00:00,508.2,466.88757,252,2,422.35956,466.88757,516.47797
load_26,2014-01-10 02:00:00,481.8,465.77075,252,3,419.24976,465.77075,501.1377
load_26,2014-01-10 03:00:00,453.6,448.96014,252,4,407.56036,448.96014,484.3886
load_26,2014-01-10 04:00:00,453.0,448.78815,252,5,409.2729,448.78815,483.58868
load_26,2014-01-10 05:00:00,458.7,457.47186,252,6,416.27594,457.47186,490.31146
load_26,2014-01-10 06:00:00,461.4,464.7149,252,7,421.24884,464.7149,496.7309
load_26,2014-01-10 07:00:00,516.9,496.81982,252,8,446.865,496.81982,538.1534
load_26,2014-01-10 08:00:00,593.7,573.62683,252,9,516.40295,573.62683,633.885
load_26,2014-01-10 09:00:00,1127.1,999.88135,252,10,900.5518,999.88135,1073.3169
load_26,2014-01-10 10:00:00,1960.5,1832.1681,252,11,1700.2598,1832.1681,1951.8308
load_26,2014-01-10 11:00:00,2455.2,2304.0137,252,12,2179.509,2304.0137,2415.7617
load_26,2014-01-10 12:00:00,2516.4,2374.123,252,13,2244.671,2374.123,2485.3481
load_26,2014-01-10 13:00:00,2475.0,2382.4978,252,14,2237.8357,2382.4978,2497.6074
load_26,2014-01-10 14:00:00,2393.1,2344.323,252,15,2234.1797,2344.323,2479.879
load_26,2014-01-10 15:00:00,2407.2,2336.2148,252,16,2216.6372,2336.2148,2453.371
load_26,2014-01-10 16:00:00,2466.3,2379.964,252,17,2229.8396,2379.964,2501.288
load_26,2014-01-10 17:00:00,2581.2,2432.1943,252,18,2301.106,2432.1943,2560.3772
load_26,2014-01-10 18:00:00,2670.3,2453.6328,252,19,2314.9666,2453.6328,2595.6357
load_26,2014-01-10 19:00:00,2585.4,2426.3535,252,20,2246.5364,2426.3535,2578.3096
load_26,2014-01-10 20:00:00,2482.5,2006.8419,252,21,1783.5726,2006.8419,2199.478
load_26,2014-01-10 21:00:00,1428.6,1053.6584,252,22,910.8417,1053.6584,1199.7617
load_26,2014-01-10 22:00:00,846.9,750.19336,252,23,658.3976,750.19336,878.9477
load_26,2014-01-10 23:00:00,611.7,577.18536,252,24,512.7739,577.18536,649.7257
load_26,2014-01-13 00:00:00,407.1,517.8518,253,1,467.64478,517.8518,564.6847
load_26,2014-01-13 01:00:00,451.8,495.37463,253,2,449.6612,495.37463,544.22784
load_26,2014-01-13 02:00:00,448.5,490.50208,253,3,442.7177,490.50208,526.84955
load_26,2014-01-13 03:00:00,407.1,469.0387,253,4,427.60876,469.0387,502.8797
load_26,2014-01-13 04:00:00,436.5,460.05707,253,5,419.72437,460.05707,495.53918
load_26,2014-01-13 05:00:00,440.4,466.6361,253,6,425.4853,466.6361,496.0428
load_26,2014-01-13 06:00:00,443.1,478.612,253,7,434.78516,478.612,510.78528
load_26,2014-01-13 07:00:00,500.1,510.75513,253,8,461.01196,510.75513,554.11444
load_26,2014-01-13 08:00:00,585.0,599.9912,253,9,537.8664,599.9912,671.5638
load_26,2014-01-13 09:00:00,1095.6,1052.987,253,10,943.8967,1052.987,1131.3846
load_26,2014-01-13 10:00:00,1899.9,1912.6724,253,11,1772.2362,1912.6724,2048.9438
load_26,2014-01-13 11:00:00,2326.2,2383.3193,253,12,2255.2085,2383.3193,2490.9546
load_26,2014-01-13 12:00:00,2436.0,2426.5457,253,13,2297.768,2426.5457,2538.8982
load_26,2014-01-13 13:00:00,2431.5,2425.6267,253,14,2287.4082,2425.6267,2540.5955
load_26,2014-01-13 14:00:00,2369.7,2384.3896,253,15,2280.713,2384.3896,2519.2432
load_26,2014-01-13 15:00:00,2250.6,2390.295,253,16,2276.564,2390.295,2506.0684
load_26,2014-01-13 16:00:00,2243.7,2460.9172,253,17,2302.4666,2460.9172,2579.753
load_26,2014-01-13 17:00:00,2384.7,2506.103,253,18,2370.8088,2506.103,2638.5952
load_26,2014-01-13 18:00:00,2391.3,2531.165,253,19,2387.3472,2531.165,2673.9917
load_26,2014-01-13 19:00:00,2328.6,2494.357,253,20,2297.3633,2494.357,2660.1738
load_26,2014-01-13 20:00:00,1882.2,2154.7869,253,21,1874.7717,2154.7869,2353.4912
load_26,2014-01-13 21:00:00,1032.3,1133.2512,253,22,947.30774,1133.2512,1329.8237
load_26,2014-01-13 22:00:00,795.6,782.282,253,23,666.334,782.282,939.15234
load_26,2014-01-13 23:00:00,574.2,598.8986,253,24,527.9949,598.8986,673.3336
load_26,2014-01-14 00:00:00,503.1,486.58313,254,1,439.01105,486.58313,531.1072
load_26,2014-01-14 01:00:00,488.7,469.1562,254,2,426.23688,469.1562,516.07385
load_26,2014-01-14 02:00:00,486.6,469.7915,254,3,424.71082,469.7915,504.1535
load_26,2014-01-14 03:00:00,448.5,452.1219,254,4,412.70782,452.1219,486.15472
load_26,2014-01-14 04:00:00,467.1,449.23553,254,5,411.049,449.23553,482.61163
load_26,2014-01-14 05:00:00,464.1,459.60742,254,6,420.5573,459.60742,490.77728
load_26,2014-01-14 06:00:00,466.8,468.58734,254,7,427.46014,468.58734,498.87543
load_26,2014-01-14 07:00:00,505.8,501.70844,254,8,452.89532,501.70844,540.487
load_26,2014-01-14 08:00:00,606.3,576.73596,254,9,520.6738,576.73596,635.04785
load_26,2014-01-14 09:00:00,1092.3,1034.4152,254,10,931.5353,1034.4152,1108.3419
load_26,2014-01-14 10:00:00,1919.1,1875.8835,254,11,1739.887,1875.8835,2002.6785
load_26,2014-01-14 11:00:00,2313.9,2323.1096,254,12,2194.4888,2323.1096,2440.1375
load_26,2014-01-14 12:00:00,2456.7,2390.1008,254,13,2258.2007,2390.1008,2507.045
load_26,2014-01-14 13:00:00,2424.6,2392.3174,254,14,2246.2852,2392.3174,2511.9463
load_26,2014-01-14 14:00:00,2489.4,2339.656,254,15,2229.1143,2339.656,2476.6357
load_26,2014-01-14 15:00:00,2610.3,2321.768,254,16,2200.059,2321.768,2448.8887
load_26,2014-01-14 16:00:00,2616.9,2349.687,254,17,2192.31,2349.687,2485.6562
load_26,2014-01-14 17:00:00,2585.4,2423.4597,254,18,2285.27,2423.4597,2563.4502
load_26,2014-01-14 18:00:00,2578.8,2438.059,254,19,2291.741,2438.059,2594.4824
load_26,2014-01-14 19:00:00,2551.5,2411.746,254,20,2219.69,2411.746,2578.4197
load_26,2014-01-14 20:00:00,1992.3,2022.042,254,21,1782.1357,2022.042,2227.7026
load_26,2014-01-14 21:00:00,1307.7,1088.0746,254,22,936.4103,1088.0746,1245.1558
load_26,2014-01-14 22:00:00,867.6,763.8748,254,23,674.0133,763.8748,895.13416
load_26,2014-01-14 23:00:00,574.8,578.27435,254,24,518.4593,578.27435,646.6014
load_26,2014-01-15 00:00:00,475.2,491.00452,255,1,444.9734,491.00452,535.45123
load_26,2014-01-15 01:00:00,491.4,468.9596,255,2,427.1623,468.9596,513.31256
load_26,2014-01-15 02:00:00,469.2,471.9345,255,3,427.4447,471.9345,505.23114
load_26,2014-01-15 03:00:00,443.7,457.77747,255,4,419.05737,457.77747,490.62787
load_26,2014-01-15 04:00:00,452.4,453.87506,255,5,416.99487,453.87506,486.80975
load_26,2014-01-15 05:00:00,454.5,462.4804,255,6,424.57507,462.4804,490.54608
load_26,2014-01-15 06:00:00,455.7,471.62415,255,7,431.20026,471.62415,499.85663
load_26,2014-01-15 07:00:00,504.3,502.0022,255,8,455.5229,502.0022,539.8644
load_26,2014-01-15 08:00:00,593.4,593.0412,255,9,535.1832,593.0412,653.4588
load_26,2014-01-15 09:00:00,1062.3,1063.6208,255,10,966.32153,1063.6208,1132.77
load_26,2014-01-15 10:00:00,1825.5,1897.0454,255,11,1773.3444,1897.0454,2009.2136
load_26,2014-01-15 11:00:00,2363.1,2333.7314,255,12,2227.991,2333.7314,2436.6433
load_26,2014-01-15 12:00:00,2380.5,2426.6003,255,13,2317.576,2426.6003,2519.1348
load_26,2014-01-15 13:00:00,2481.0,2444.441,255,14,2325.0344,2444.441,2540.1675
load_26,2014-01-15 14:00:00,2495.4,2426.9895,255,15,2328.4583,2426.9895,2539.0103
load_26,2014-01-15 15:00:00,2495.7,2419.8203,255,16,2317.929,2419.8203,2519.3926
load_26,2014-01-15 16:00:00,2504.1,2468.189,255,17,2323.74,2468.189,2572.104
load_26,2014-01-15 17:00:00,2488.5,2479.3613,255,18,2352.948,2479.3613,2605.4556
load_26,2014-01-15 18:00:00,2584.2,2498.4585,255,19,2363.9543,2498.4585,2633.8193
load_26,2014-01-15 19:00:00,2522.7,2458.6064,255,20,2285.0522,2458.6064,2608.3809
load_26,2014-01-15 20:00:00,2010.3,2000.3169,255,21,1777.5433,2000.3169,2202.7446
load_26,2014-01-15 21:00:00,1117.5,1148.458,255,22,988.05566,1148.458,1310.0933
load_26,2014-01-15 22:00:00,873.6,803.39056,255,23,705.5863,803.39056,941.21313
load_26,2014-01-15 23:00:00,630.9,597.0615,255,24,533.4945,597.0615,667.9405
load_26,2014-01-16 00:00:00,518.4,501.42267,256,1,454.02502,501.42267,547.0369
load_26,2014-01-16 01:00:00,519.0,481.99695,256,2,439.76678,481.99695,528.0825
load_26,2014-01-16 02:00:00,472.5,479.89233,256,3,435.71313,479.89233,513.58655
load_26,2014-01-16 03:00:00,416.7,463.02173,256,4,424.7113,463.02173,495.92664
load_26,2014-01-16 04:00:00,417.3,458.28558,256,5,421.35626,458.28558,491.2069
load_26,2014-01-16 05:00:00,414.3,471.98804,256,6,434.32916,471.98804,500.7226
load_26,2014-01-16 06:00:00,426.9,478.8438,256,7,438.80347,478.8438,508.65277
load_26,2014-01-16 07:00:00,497.7,501.7799,256,8,457.7881,501.7799,541.99554
load_26,2014-01-16 08:00:00,594.0,584.3202,256,9,530.6958,584.3202,637.8604
load_26,2014-01-16 09:00:00,1068.9,1072.4429,256,10,977.66327,1072.4429,1139.1707
load_26,2014-01-16 10:00:00,1872.0,1910.9812,256,11,1778.7704,1910.9812,2030.6477
load_26,2014-01-16 11:00:00,2400.9,2357.1387,256,12,2235.247,2357.1387,2476.4941
load_26,2014-01-16 12:00:00,2456.7,2452.879,256,13,2323.7695,2452.879,2565.3296
load_26,2014-01-16 13:00:00,2444.1,2472.798,256,14,2332.8105,2472.798,2590.5718
load_26,2014-01-16 14:00:00,2391.3,2448.621,256,15,2330.2659,2448.621,2589.1616
load_26,2014-01-16 15:00:00,2325.3,2444.9932,256,16,2326.2288,2444.9932,2565.249
load_26,2014-01-16 16:00:00,2305.2,2492.2314,256,17,2344.1462,2492.2314,2605.8765
load_26,2014-01-16 17:00:00,2514.9,2491.52,256,18,2357.9165,2491.52,2630.4946
load_26,2014-01-16 18:00:00,2698.2,2511.6433,256,19,2371.2104,2511.6433,2659.0269
load_26,2014-01-16 19:00:00,2600.4,2476.54,256,20,2305.997,2476.54,2633.5842
load_26,2014-01-16 20:00:00,2005.2,2013.3796,256,21,1816.3378,2013.3796,2206.0684
load_26,2014-01-16 21:00:00,1014.0,1160.0464,256,22,1015.185,1160.0464,1297.0438
load_26,2014-01-16 22:00:00,732.0,830.0747,256,23,740.34607,830.0747,962.7434
load_26,2014-01-16 23:00:00,495.3,604.48615,256,24,543.63715,604.48615,674.03735
load_26,2014-01-17 00:00:00,492.9,477.3534,257,1,431.33643,477.3534,520.96893
load_26,2014-01-17 01:00:00,513.6,457.99298,257,2,416.2766,457.99298,502.67938
load_26,2014-01-17 02:00:00,480.9,460.20166,257,3,416.0913,460.20166,491.29248
load_26,2014-01-17 03:00:00,454.8,445.867,257,4,406.46588,445.867,478.8009
load_26,2014-01-17 04:00:00,473.1,443.4262,257,5,406.77942,443.4262,474.59857
load_26,2014-01-17 05:00:00,469.2,451.8996,257,6,414.6582,451.8996,480.2992
load_26,2014-01-17 06:00:00,479.1,460.35785,257,7,420.4267,460.35785,486.93243
load_26,2014-01-17 07:00:00,530.4,481.25793,257,8,436.61127,481.25793,519.01544
load_26,2014-01-17 08:00:00,615.3,572.584,257,9,517.6926,572.584,631.3778
load_26,2014-01-17 09:00:00,1040.1,1083.0718,257,10,983.30817,1083.0718,1151.8511
load_26,2014-01-17 10:00:00,1894.8,1858.9409,257,11,1732.7688,1858.9409,1964.8416
load_26,2014-01-17 11:00:00,2463.3,2331.5356,257,12,2220.7488,2331.5356,2433.9111
load_26,2014-01-17 12:00:00,2515.2,2421.7856,257,13,2304.123,2421.7856,2517.6345
load_26,2014-01-17 13:00:00,2502.9,2447.6008,257,14,2314.983,2447.6008,2549.2148
load_26,2014-01-17 14:00:00,2612.4,2431.6145,257,15,2319.2334,2431.6145,2546.3818
load_26,2014-01-17 15:00:00,2505.9,2411.5298,257,16,2298.6528,2411.5298,2517.4268
load_26,2014-01-17 16:00:00,2505.9,2437.965,257,17,2265.629,2437.965,2556.2178
load_26,2014-01-17 17:00:00,2607.9,2478.6714,257,18,2343.597,2478.6714,2606.5383
load_26,2014-01-17 18:00:00,2621.1,2523.8325,257,19,2380.1992,2523.8325,2665.3984
load_26,2014-01-17 19:00:00,2540.7,2487.9558,257,20,2291.6968,2487.9558,2647.3196
load_26,2014-01-17 20:00:00,2467.5,2030.0881,257,21,1775.5659,2030.0881,2239.7622
load_26,2014-01-17 21:00:00,1418.7,1134.76,257,22,963.7164,1134.76,1307.6929
load_26,2014-01-17 22:00:00,863.4,793.5273,257,23,691.705,793.5273,938.15515
load_26,2014-01-17 23:00:00,610.2,584.73376,257,24,519.10986,584.73376,654.66626
load_26,2014-01-20 00:00:00,397.5,496.18512,258,1,443.0791,496.18512,546.0169
load_26,2014-01-20 01:00:00,451.2,473.07648,258,2,427.04907,473.07648,521.72296
load_26,2014-01-20 02:00:00,558.0,469.4364,258,3,419.78058,469.4364,505.08276
load_26,2014-01-20 03:00:00,565.2,452.99316,258,4,409.99078,452.99316,487.92126
load_26,2014-01-20 04:00:00,593.4,447.73468,258,5,404.62317,447.73468,486.30566
load_26,2014-01-20 05:00:00,611.4,457.56714,258,6,414.14056,457.56714,490.73315
load_26,2014-01-20 06:00:00,616.5,473.81323,258,7,429.16913,473.81323,511.81
load_26,2014-01-20 07:00:00,684.0,507.5285,258,8,451.51947,507.5285,552.2781
load_26,2014-01-20 08:00:00,739.8,599.9465,258,9,535.55664,599.9465,677.27203
load_26,2014-01-20 09:00:00,1140.9,1114.6287,258,10,1009.15393,1114.6287,1200.7767
load_26,2014-01-20 10:00:00,2017.5,1901.3583,258,11,1751.3353,1901.3583,2050.24
load_26,2014-01-20 11:00:00,2601.6,2383.82,258,12,2234.2593,2383.82,2531.441
load_26,2014-01-20 12:00:00,2572.5,2468.424,258,13,2309.6292,2468.424,2614.4268
load_26,2014-01-20 13:00:00,2567.1,2476.641,258,14,2298.8237,2476.641,2627.1958
load_26,2014-01-20 14:00:00,2506.5,2467.484,258,15,2324.8435,2467.484,2628.8638
load_26,2014-01-20 15:00:00,2381.7,2449.559,258,16,2302.9014,2449.559,2599.6362
load_26,2014-01-20 16:00:00,2398.2,2452.1353,258,17,2248.5203,2452.1353,2611.5786
load_26,2014-01-20 17:00:00,2301.6,2499.9912,258,18,2336.527,2499.9912,2671.3374
load_26,2014-01-20 18:00:00,2318.7,2524.3896,258,19,2356.2036,2524.3896,2709.4268
load_26,2014-01-20 19:00:00,2344.5,2488.6304,258,20,2270.387,2488.6304,2687.3672
load_26,2014-01-20 20:00:00,1902.3,2077.2437,258,21,1808.9724,2077.2437,2312.1548
load_26,2014-01-20 21:00:00,1209.6,1172.1818,258,22,994.97375,1172.1818,1359.3127
load_26,2014-01-20 22:00:00,1054.8,807.6173,258,23,699.33405,807.6173,965.2102
load_26,2014-01-20 23:00:00,821.7,586.65015,258,24,516.9788,586.65015,667.4366
load_26,2014-01-21 00:00:00,745.8,560.5143,259,1,464.8911,560.5143,644.61694
load_26,2014-01-21 01:00:00,750.3,531.87946,259,2,433.93036,531.87946,639.9265
load_26,2014-01-21 02:00:00,721.2,520.0733,259,3,418.78046,520.0733,634.1151
load_26,2014-01-21 03:00:00,718.5,504.45734,259,4,399.34644,504.45734,617.0689
load_26,2014-01-21 04:00:00,845.7,517.1086,259,5,410.27698,517.1086,637.5751
load_26,2014-01-21 05:00:00,836.1,528.3491,259,6,422.15637,528.3491,637.6244
load_26,2014-01-21 06:00:00,799.5,538.9744,259,7,433.41315,538.9744,651.32635
load_26,2014-01-21 07:00:00,849.0,591.1611,259,8,474.03284,591.1611,707.4328
load_26,2014-01-21 08:00:00,952.5,690.2622,259,9,564.20966,690.2622,820.65454
load_26,2014-01-21 09:00:00,1319.1,1136.4622,259,10,982.06287,1136.4622,1268.0769
load_26,2014-01-21 10:00:00,2193.0,1937.651,259,11,1738.3197,1937.651,2122.415
load_26,2014-01-21 11:00:00,2623.5,2405.9553,259,12,2212.474,2405.9553,2554.6536
load_26,2014-01-21 12:00:00,2576.7,2452.973,259,13,2259.715,2452.973,2615.579
load_26,2014-01-21 13:00:00,2513.4,2462.1294,259,14,2245.547,2462.1294,2627.452
load_26,2014-01-21 14:00:00,2662.5,2487.7139,259,15,2285.1667,2487.7139,2656.4827
load_26,2014-01-21 15:00:00,2748.9,2435.1157,259,16,2217.0537,2435.1157,2613.4253
load_26,2014-01-21 16:00:00,2809.5,2457.834,259,17,2200.6174,2457.834,2634.0513
load_26,2014-01-21 17:00:00,2741.1,2460.1091,259,18,2224.4639,2460.1091,2660.604
load_26,2014-01-21 18:00:00,2654.4,2462.996,259,19,2249.9917,2462.996,2682.0479
load_26,2014-01-21 19:00:00,2628.9,2444.291,259,20,2164.8105,2444.291,2677.7388
load_26,2014-01-21 20:00:00,2332.5,2109.376,259,21,1758.4609,2109.376,2373.2932
load_26,2014-01-21 21:00:00,1419.0,1232.0502,259,22,994.283,1232.0502,1486.9935
load_26,2014-01-21 22:00:00,817.2,894.153,259,23,711.5946,894.153,1125.019
load_26,2014-01-21 23:00:00,594.6,650.5388,259,24,512.83966,650.5388,830.867
load_26,2014-01-22 00:00:00,509.4,586.0069,260,1,479.6667,586.0069,692.9665
load_26,2014-01-22 01:00:00,526.2,580.0896,260,2,469.8376,580.0896,695.6683
load_26,2014-01-22 02:00:00,493.2,580.24866,260,3,471.1646,580.24866,696.34534
load_26,2014-01-22 03:00:00,436.2,570.0604,260,4,458.02612,570.0604,689.0445
load_26,2014-01-22 04:00:00,438.6,599.2996,260,5,477.5252,599.2996,719.88586
load_26,2014-01-22 05:00:00,432.9,616.35913,260,6,488.01416,616.35913,726.1479
load_26,2014-01-22 06:00:00,445.2,609.5054,260,7,484.39734,609.5054,732.72455
load_26,2014-01-22 07:00:00,507.6,656.1536,260,8,523.3069,656.1536,784.51886
load_26,2014-01-22 08:00:00,592.8,772.91956,260,9,615.64606,772.91956,914.96014
load_26,2014-01-22 09:00:00,987.9,1200.1344,260,10,1036.9899,1200.1344,1343.1525
load_26,2014-01-22 10:00:00,1724.1,2054.894,260,11,1854.4648,2054.894,2239.4736
load_26,2014-01-22 11:00:00,2247.0,2543.9077,260,12,2351.354,2543.9077,2692.6372
load_26,2014-01-22 12:00:00,2482.8,2577.122,260,13,2391.294,2577.122,2739.032
load_26,2014-01-22 13:00:00,2522.4,2579.5125,260,14,2376.9297,2579.5125,2740.6367
load_26,2014-01-22 14:00:00,2529.0,2603.1777,260,15,2416.0996,2603.1777,2780.3684
load_26,2014-01-22 15:00:00,2583.3,2575.255,260,16,2394.5012,2575.255,2745.986
load_26,2014-01-22 16:00:00,2643.0,2596.7427,260,17,2400.8213,2596.7427,2776.7568
load_26,2014-01-22 17:00:00,2662.8,2589.576,260,18,2398.2383,2589.576,2778.4773
load_26,2014-01-22 18:00:00,2625.6,2610.3213,260,19,2411.6897,2610.3213,2814.4253
load_26,2014-01-22 19:00:00,2603.4,2587.9893,260,20,2366.1038,2587.9893,2796.2227
load_26,2014-01-22 20:00:00,2164.2,2179.1917,260,21,1905.0085,2179.1917,2421.2473
load_26,2014-01-22 21:00:00,968.1,1271.7103,260,22,1059.5249,1271.7103,1489.0935
load_26,2014-01-22 22:00:00,730.8,900.59064,260,23,716.8467,900.59064,1112.6011
load_26,2014-01-22 23:00:00,589.8,693.0622,260,24,529.7363,693.0622,871.1628
load_26,2014-01-23 00:00:00,472.5,495.66473,261,1,423.89062,495.66473,567.7078
load_26,2014-01-23 01:00:00,510.6,474.58514,261,2,406.28284,474.58514,555.40656
load_26,2014-01-23 02:00:00,487.5,465.75726,261,3,393.43286,465.75726,532.5439
load_26,2014-01-23 03:00:00,465.6,446.08154,261,4,377.22937,446.08154,520.1031
load_26,2014-01-23 04:00:00,470.4,448.7765,261,5,381.24512,448.7765,525.39026
load_26,2014-01-23 05:00:00,464.7,461.02856,261,6,389.4984,461.02856,536.55994
load_26,2014-01-23 06:00:00,465.6,470.61224,261,7,395.70923,470.61224,549.5529
load_26,2014-01-23 07:00:00,509.1,503.96106,261,8,419.82544,503.96106,585.5736
load_26,2014-01-23 08:00:00,588.6,612.4371,261,9,510.80713,612.4371,711.83997
load_26,2014-01-23 09:00:00,1054.5,1036.1499,261,10,905.66113,1036.1499,1158.1187
load_26,2014-01-23 10:00:00,1838.7,1841.0784,261,11,1686.0532,1841.0784,1998.2451
load_26,2014-01-23 11:00:00,2429.4,2384.6982,261,12,2249.191,2384.6982,2504.1772
load_26,2014-01-23 12:00:00,2405.1,2463.3943,261,13,2331.9546,2463.3943,2575.13
load_26,2014-01-23 13:00:00,2418.0,2492.7317,261,14,2349.4888,2492.7317,2597.2744
load_26,2014-01-23 14:00:00,2546.1,2518.5894,261,15,2389.2754,2518.5894,2628.0186
load_26,2014-01-23 15:00:00,2478.6,2501.6143,261,16,2378.9468,2501.6143,2613.7637
load_26,2014-01-23 16:00:00,2538.9,2585.5752,261,17,2426.7678,2585.5752,2716.599
load_26,2014-01-23 17:00:00,2578.5,2574.0234,261,18,2427.2844,2574.0234,2713.376
load_26,2014-01-23 18:00:00,2586.3,2574.6582,261,19,2421.9062,2574.6582,2729.23
load_26,2014-01-23 19:00:00,2553.3,2534.5835,261,20,2355.247,2534.5835,2690.071
load_26,2014-01-23 20:00:00,2010.6,2158.1084,261,21,1916.8967,2158.1084,2366.1355
load_26,2014-01-23 21:00:00,1071.9,1148.9778,261,22,971.1684,1148.9778,1364.8525
load_26,2014-01-23 22:00:00,832.8,785.75073,261,23,641.72656,785.75073,994.80176
load_26,2014-01-23 23:00:00,592.8,604.4182,261,24,485.38232,604.4182,760.58405
load_26,2014-01-24 00:00:00,472.2,497.5545,262,1,428.18298,497.5545,568.0314
load_26,2014-01-24 01:00:00,477.0,478.13177,262,2,411.5149,478.13177,557.7399
load_26,2014-01-24 02:00:00,448.5,478.21332,262,3,406.6842,478.21332,545.8016
load_26,2014-01-24 03:00:00,464.4,464.02148,262,4,395.39355,464.02148,540.66077
load_26,2014-01-24 04:00:00,529.5,464.4983,262,5,396.80627,464.4983,541.6139
load_26,2014-01-24 05:00:00,525.6,473.58978,262,6,403.39355,473.58978,551.48663
load_26,2014-01-24 06:00:00,525.6,486.3698,262,7,412.68457,486.3698,568.20044
load_26,2014-01-24 07:00:00,504.0,533.5318,262,8,441.9547,533.5318,614.6081
load_26,2014-01-24 08:00:00,598.2,637.74066,262,9,530.7866,637.74066,751.41144
load_26,2014-01-24 09:00:00,995.4,1087.2134,262,10,952.7152,1087.2134,1209.0786
load_26,2014-01-24 10:00:00,1809.6,1876.0023,262,11,1727.8544,1876.0023,2026.6024
load_26,2014-01-24 11:00:00,2395.8,2408.1428,262,12,2276.36,2408.1428,2523.0002
load_26,2014-01-24 12:00:00,2406.6,2470.2546,262,13,2336.0264,2470.2546,2582.166
load_26,2014-01-24 13:00:00,2448.3,2489.1045,262,14,2345.1448,2489.1045,2602.2456
load_26,2014-01-24 14:00:00,2503.8,2507.8276,262,15,2377.316,2507.8276,2627.9487
load_26,2014-01-24 15:00:00,2601.6,2476.544,262,16,2345.066,2476.544,2595.6733
load_26,2014-01-24 16:00:00,2645.4,2519.9014,262,17,2359.2412,2519.9014,2659.0193
load_26,2014-01-24 17:00:00,2676.3,2527.9424,262,18,2382.7844,2527.9424,2670.532
load_26,2014-01-24 18:00:00,2638.5,2536.3623,262,19,2384.1665,2536.3623,2695.6616
load_26,2014-01-24 19:00:00,1972.8,2515.271,262,20,2339.3584,2515.271,2677.0503
load_26,2014-01-24 20:00:00,2529.9,2131.7822,262,21,1876.7812,2131.7822,2347.8213
load_26,2014-01-24 21:00:00,1366.8,1116.6663,262,22,935.35944,1116.6663,1340.3502
load_26,2014-01-24 22:00:00,778.5,821.2364,262,23,670.1604,821.2364,1029.0684
load_26,2014-01-24 23:00:00,546.0,629.63,262,24,508.4342,629.63,785.36584
load_26,2014-01-27 00:00:00,492.9,491.6682,263,1,403.55078,491.6682,586.58527
load_26,2014-01-27 01:00:00,511.2,478.59802,263,2,390.50024,478.59802,590.62463
load_26,2014-01-27 02:00:00,478.2,488.26593,263,3,394.07874,488.26593,587.701
load_26,2014-01-27 03:00:00,427.5,483.5907,263,4,393.3656,483.5907,597.89166
load_26,2014-01-27 04:00:00,472.5,492.67816,263,5,394.9475,492.67816,617.09033
load_26,2014-01-27 05:00:00,450.0,513.4342,263,6,416.531,513.4342,636.25055
load_26,2014-01-27 06:00:00,419.7,532.21405,263,7,430.31702,532.21405,659.04767
load_26,2014-01-27 07:00:00,489.6,574.1575,263,8,455.46283,574.1575,710.0716
load_26,2014-01-27 08:00:00,618.6,670.5207,263,9,534.91815,670.5207,841.25757
load_26,2014-01-27 09:00:00,1091.7,1071.9211,263,10,885.3618,1071.9211,1260.4576
load_26,2014-01-27 10:00:00,1830.3,1929.5172,263,11,1702.6035,1929.5172,2141.144
load_26,2014-01-27 11:00:00,2413.2,2470.1584,263,12,2271.6143,2470.1584,2609.472
load_26,2014-01-27 12:00:00,2355.3,2484.381,263,13,2267.3103,2484.381,2634.6704
load_26,2014-01-27 13:00:00,2321.1,2508.5327,263,14,2279.6125,2508.5327,2655.0938
load_26,2014-01-27 14:00:00,2373.9,2541.7546,263,15,2355.041,2541.7546,2682.939
load_26,2014-01-27 15:00:00,2446.8,2525.6948,263,16,2339.3203,2525.6948,2677.0264
load_26,2014-01-27 16:00:00,2513.7,2595.5327,263,17,2340.893,2595.5327,2754.2014
load_26,2014-01-27 17:00:00,2630.4,2570.7021,263,18,2336.2358,2570.7021,2736.7476
load_26,2014-01-27 18:00:00,2587.2,2548.8691,263,19,2328.085,2548.8691,2735.9
load_26,2014-01-27 19:00:00,2570.1,2493.94,263,20,2159.747,2493.94,2709.8005
load_26,2014-01-27 20:00:00,2477.4,2239.0254,263,21,1814.0444,2239.0254,2495.2085
load_26,2014-01-27 21:00:00,1394.1,1189.4982,263,22,917.43964,1189.4982,1495.0669
load_26,2014-01-27 22:00:00,798.3,827.0665,263,23,643.1914,827.0665,1087.2589
load_26,2014-01-27 23:00:00,582.9,631.1249,263,24,491.6098,631.1249,820.74536
load_26,2014-01-28 00:00:00,496.8,513.31714,264,1,427.188,513.31714,599.4342
load_26,2014-01-28 01:00:00,535.8,497.0876,264,2,411.07434,497.0876,596.68524
load_26,2014-01-28 02:00:00,462.6,503.44714,264,3,412.57703,503.44714,592.9741
load_26,2014-01-28 03:00:00,455.7,497.57764,264,4,408.9984,497.57764,597.3433
load_26,2014-01-28 04:00:00,470.1,509.70795,264,5,412.87683,509.70795,621.1607
load_26,2014-01-28 05:00:00,461.4,524.7141,264,6,428.86243,524.7141,627.6938
load_26,2014-01-28 06:00:00,459.9,530.33014,264,7,436.66956,530.33014,643.5645
load_26,2014-01-28 07:00:00,519.0,575.33575,264,8,457.48425,575.33575,689.44025
load_26,2014-01-28 08:00:00,659.7,676.6234,264,9,542.4872,676.6234,825.6654
load_26,2014-01-28 09:00:00,1155.9,1100.2957,264,10,927.86743,1100.2957,1257.8556
load_26,2014-01-28 10:00:00,1986.3,1903.5505,264,11,1710.2173,1903.5505,2082.0498
load_26,2014-01-28 11:00:00,2527.5,2446.3735,264,12,2275.213,2446.3735,2574.5298
load_26,2014-01-28 12:00:00,2468.7,2478.0085,264,13,2293.9783,2478.0085,2618.267
load_26,2014-01-28 13:00:00,2494.2,2499.786,264,14,2300.9487,2499.786,2636.6292
load_26,2014-01-28 14:00:00,2606.1,2527.9092,264,15,2361.789,2527.9092,2673.2246
load_26,2014-01-28 15:00:00,2527.2,2526.3984,264,16,2368.9922,2526.3984,2670.88
load_26,2014-01-28 16:00:00,2577.3,2588.662,264,17,2398.043,2588.662,2735.127
load_26,2014-01-28 17:00:00,2675.4,2568.9722,264,18,2401.4485,2568.9722,2718.8809
load_26,2014-01-28 18:00:00,2712.0,2541.2974,264,19,2359.0674,2541.2974,2712.9326
load_26,2014-01-28 19:00:00,2679.0,2499.2666,264,20,2239.498,2499.2666,2681.3982
load_26,2014-01-28 20:00:00,2487.9,2341.42,264,21,1985.5544,2341.42,2564.9292
load_26,2014-01-28 21:00:00,1395.6,1255.9296,264,22,995.4017,1255.9296,1528.5232
load_26,2014-01-28 22:00:00,822.0,841.22845,264,23,658.11676,841.22845,1073.8069
load_26,2014-01-28 23:00:00,756.6,650.8282,264,24,506.4187,650.8282,820.97614
load_26,2014-01-29 00:00:00,545.4,574.1351,265,1,483.98596,574.1351,653.3307
load_26,2014-01-29 01:00:00,529.8,550.717,265,2,457.13245,550.717,652.67474
load_26,2014-01-29 02:00:00,503.7,517.3997,265,3,426.16675,517.3997,605.16876
load_26,2014-01-29 03:00:00,433.2,492.58112,265,4,406.26904,492.58112,593.4341
load_26,2014-01-29 04:00:00,426.6,499.36066,265,5,410.5382,499.36066,603.92914
load_26,2014-01-29 05:00:00,418.2,502.60687,265,6,414.8474,502.60687,604.3673
load_26,2014-01-29 06:00:00,428.7,508.38538,265,7,415.3346,508.38538,615.4571
load_26,2014-01-29 07:00:00,506.1,535.3884,265,8,433.30798,535.3884,642.11084
load_26,2014-01-29 08:00:00,584.7,655.4522,265,9,532.4291,655.4522,793.3256
load_26,2014-01-29 09:00:00,997.2,1086.9099,265,10,928.7892,1086.9099,1236.1492
load_26,2014-01-29 10:00:00,1811.7,1921.4624,265,11,1731.5312,1921.4624,2101.1282
load_26,2014-01-29 11:00:00,2333.7,2462.949,265,12,2294.2659,2462.949,2582.141
load_26,2014-01-29 12:00:00,2344.2,2464.9504,265,13,2283.517,2464.9504,2601.437
load_26,2014-01-29 13:00:00,2390.1,2492.2358,265,14,2298.0776,2492.2358,2623.3071
load_26,2014-01-29 14:00:00,2587.2,2533.8232,265,15,2373.0088,2533.8232,2657.7212
load_26,2014-01-29 15:00:00,2449.8,2529.059,265,16,2378.006,2529.059,2662.31
load_26,2014-01-29 16:00:00,2473.8,2627.8857,265,17,2417.7278,2627.8857,2774.7786
load_26,2014-01-29 17:00:00,2629.2,2614.1484,265,18,2437.838,2614.1484,2763.9424
load_26,2014-01-29 18:00:00,2602.5,2591.5742,265,19,2394.4678,2591.5742,2761.7432
load_26,2014-01-29 19:00:00,2541.0,2551.0986,265,20,2262.4153,2551.0986,2738.0544
load_26,2014-01-29 20:00:00,2045.4,2414.1333,265,21,2028.6577,2414.1333,2634.3726
load_26,2014-01-29 21:00:00,1105.2,1310.2236,265,22,1034.968,1310.2236,1601.7268
load_26,2014-01-29 22:00:00,846.0,831.6465,265,23,653.7929,831.6465,1082.0533
load_26,2014-01-29 23:00:00,711.9,667.91064,265,24,519.93286,667.91064,856.9302
load_26,2014-02-03 00:00:00,547.8,541.8111,266,1,451.8341,541.8111,623.68805
load_26,2014-02-03 01:00:00,554.4,512.5337,266,2,428.3451,512.5337,611.7725
load_26,2014-02-03 02:00:00,439.5,498.69928,266,3,412.26636,498.69928,583.23737
load_26,2014-02-03 03:00:00,450.6,478.22845,266,4,395.78516,478.22845,572.66754
load_26,2014-02-03 04:00:00,474.9,483.29346,266,5,400.8103,483.29346,578.09625
load_26,2014-02-03 05:00:00,469.5,489.9168,266,6,405.60437,489.9168,585.8158
load_26,2014-02-03 06:00:00,466.8,500.38654,266,7,413.9668,500.38654,598.45825
load_26,2014-02-03 07:00:00,521.1,543.56604,266,8,442.1433,543.56604,641.9491
load_26,2014-02-03 08:00:00,649.8,661.724,266,9,542.44965,661.724,790.29846
load_26,2014-02-03 09:00:00,953.7,1105.1094,266,10,956.2865,1105.1094,1241.5205
load_26,2014-02-03 10:00:00,1786.8,1903.7515,266,11,1731.2297,1903.7515,2075.1045
load_26,2014-02-03 11:00:00,2394.6,2432.7114,266,12,2273.3645,2432.7114,2567.3906
load_26,2014-02-03 12:00:00,2370.6,2452.282,266,13,2286.8472,2452.282,2604.557
load_26,2014-02-03 13:00:00,2402.4,2490.562,266,14,2313.7637,2490.562,2630.55
load_26,2014-02-03 14:00:00,2558.7,2545.4404,266,15,2385.5916,2545.4404,2681.4678
load_26,2014-02-03 15:00:00,2529.6,2525.947,266,16,2379.6147,2525.947,2671.401
load_26,2014-02-03 16:00:00,2550.6,2595.3347,266,17,2422.8264,2595.3347,2752.3745
load_26,2014-02-03 17:00:00,2437.2,2598.5776,266,18,2439.9036,2598.5776,2765.9165
load_26,2014-02-03 18:00:00,2351.4,2584.4167,266,19,2411.4763,2584.4167,2771.83
load_26,2014-02-03 19:00:00,2324.4,2539.8792,266,20,2316.1099,2539.8792,2744.3892
load_26,2014-02-03 20:00:00,1871.7,2368.6108,266,21,2047.1062,2368.6108,2613.2134
load_26,2014-02-03 21:00:00,1053.3,1271.4971,266,22,1032.0745,1271.4971,1548.0579
load_26,2014-02-03 22:00:00,811.2,836.8915,266,23,671.34686,836.8915,1072.0354
load_26,2014-02-03 23:00:00,540.6,684.6996,266,24,552.42096,684.6996,875.95575
load_26,2014-02-04 00:00:00,523.8,492.93054,267,1,444.3011,492.93054,540.9658
load_26,2014-02-04 01:00:00,541.8,478.26172,267,2,431.45648,478.26172,531.08344
load_26,2014-02-04 02:00:00,481.5,474.43628,267,3,426.61017,474.43628,509.84332
load_26,2014-02-04 03:00:00,459.6,455.27087,267,4,413.68054,455.27087,493.50665
load_26,2014-02-04 04:00:00,449.4,460.18848,267,5,417.68115,460.18848,497.63574
load_26,2014-02-04 05:00:00,449.7,465.02478,267,6,420.30457,465.02478,499.5318
load_26,2014-02-04 06:00:00,479.1,470.8913,267,7,426.85254,470.8913,503.52954
load_26,2014-02-04 07:00:00,510.3,490.28955,267,8,447.91864,490.28955,539.6593
load_26,2014-02-04 08:00:00,581.1,586.1909,267,9,525.9662,586.1909,657.81934
load_26,2014-02-04 09:00:00,977.4,1005.6629,267,10,878.71204,1005.6629,1093.8062
load_26,2014-02-04 10:00:00,1841.1,1784.1787,267,11,1618.2014,1784.1787,1919.3372
load_26,2014-02-04 11:00:00,2406.9,2322.8997,267,12,2150.4053,2322.8997,2454.6558
load_26,2014-02-04 12:00:00,2409.9,2335.8457,267,13,2139.2405,2335.8457,2489.9414
load_26,2014-02-04 13:00:00,2425.5,2390.6003,267,14,2181.213,2390.6003,2528.5903
load_26,2014-02-04 14:00:00,2404.2,2466.8337,267,15,2306.1636,2466.8337,2584.2905
load_26,2014-02-04 15:00:00,2307.0,2444.6963,267,16,2281.013,2444.6963,2574.4482
load_26,2014-02-04 16:00:00,2271.0,2509.8828,267,17,2277.4214,2509.8828,2633.3647
load_26,2014-02-04 17:00:00,2378.1,2493.7964,267,18,2281.0178,2493.7964,2648.482
load_26,2014-02-04 18:00:00,2412.6,2462.613,267,19,2206.2522,2462.613,2641.0732
load_26,2014-02-04 19:00:00,2316.9,2424.18,267,20,2104.7505,2424.18,2624.025
load_26,2014-02-04 20:00:00,1863.3,2130.6794,267,21,1742.9019,2130.6794,2366.451
load_26,2014-02-04 21:00:00,1089.0,1129.4824,267,22,900.1003,1129.4824,1359.8446
load_26,2014-02-04 22:00:00,771.6,769.4975,267,23,645.6592,769.4975,949.24036
load_26,2014-02-04 23:00:00,527.1,595.8327,267,24,514.72095,595.8327,677.3011
load_26,2014-02-05 00:00:00,502.8,501.07953,268,1,456.47455,501.07953,544.30304
load_26,2014-02-05 01:00:00,527.1,486.92578,268,2,445.55865,486.92578,534.2113
load_26,2014-02-05 02:00:00,498.3,483.50085,268,3,441.97003,483.50085,512.79956
load_26,2014-02-05 03:00:00,467.1,463.22644,268,4,425.80804,463.22644,496.36407
load_26,2014-02-05 04:00:00,474.6,468.8105,268,5,431.1339,468.8105,500.16003
load_26,2014-02-05 05:00:00,475.8,472.51038,268,6,432.3009,472.51038,502.04523
load_26,2014-02-05 06:00:00,481.8,480.67444,268,7,439.91724,480.67444,510.02686
load_26,2014-02-05 07:00:00,525.0,491.6178,268,8,452.65588,491.6178,536.5531
load_26,2014-02-05 08:00:00,571.8,576.0753,268,9,523.3657,576.0753,644.6786
load_26,2014-02-05 09:00:00,1009.2,984.79224,268,10,868.83466,984.79224,1070.2314
load_26,2014-02-05 10:00:00,1820.7,1792.5911,268,11,1647.8248,1792.5911,1915.3413
load_26,2014-02-05 11:00:00,2324.7,2353.3877,268,12,2216.9019,2353.3877,2456.0552
load_26,2014-02-05 12:00:00,2413.2,2338.207,268,13,2186.2515,2338.207,2470.1274
load_26,2014-02-05 13:00:00,2392.2,2377.9897,268,14,2214.1377,2377.9897,2493.2134
load_26,2014-02-05 14:00:00,2562.9,2432.3389,268,15,2297.139,2432.3389,2537.1729
load_26,2014-02-05 15:00:00,2565.6,2407.064,268,16,2279.4426,2407.064,2521.1208
load_26,2014-02-05 16:00:00,2494.2,2433.3828,268,17,2244.9119,2433.3828,2554.3682
load_26,2014-02-05 17:00:00,2625.0,2441.1133,268,18,2292.3196,2441.1133,2580.0898
load_26,2014-02-05 18:00:00,2661.3,2419.0068,268,19,2261.9163,2419.0068,2575.8564
load_26,2014-02-05 19:00:00,2596.5,2368.425,268,20,2120.7156,2368.425,2545.023
load_26,2014-02-05 20:00:00,2040.6,2070.2886,268,21,1764.2603,2070.2886,2292.5117
load_26,2014-02-05 21:00:00,1077.0,1134.2008,268,22,935.71375,1134.2008,1345.4852
load_26,2014-02-05 22:00:00,778.8,757.76324,268,23,646.3947,757.76324,928.9111
load_26,2014-02-05 23:00:00,551.1,582.1636,268,24,514.94574,582.1636,656.40875
load_26,2014-02-06 00:00:00,498.6,510.77502,269,1,467.27557,510.77502,554.0032
load_26,2014-02-06 01:00:00,514.8,494.1269,269,2,453.4093,494.1269,540.19946
load_26,2014-02-06 02:00:00,447.9,487.97894,269,3,446.15356,487.97894,517.79193
load_26,2014-02-06 03:00:00,431.1,471.12158,269,4,435.09418,471.12158,501.83685
load_26,2014-02-06 04:00:00,434.4,464.88538,269,5,428.23828,464.88538,495.5534
load_26,2014-02-06 05:00:00,456.0,467.4027,269,6,427.90955,467.4027,491.79163
load_26,2014-02-06 06:00:00,478.8,477.98187,269,7,437.96277,477.98187,502.516
load_26,2014-02-06 07:00:00,518.7,494.72876,269,8,456.36224,494.72876,537.45135
load_26,2014-02-06 08:00:00,606.6,578.1351,269,9,527.281,578.1351,643.5543
load_26,2014-02-06 09:00:00,1041.6,1001.948,269,10,884.60236,1001.948,1083.4087
load_26,2014-02-06 10:00:00,1779.6,1819.9524,269,11,1659.9573,1819.9524,1949.1956
load_26,2014-02-06 11:00:00,2258.7,2345.2952,269,12,2186.4758,2345.2952,2483.2993
load_26,2014-02-06 12:00:00,2372.4,2381.9844,269,13,2204.1748,2381.9844,2529.8757
load_26,2014-02-06 13:00:00,2289.6,2424.1514,269,14,2226.4136,2424.1514,2565.458
load_26,2014-02-06 14:00:00,2371.8,2489.5251,269,15,2331.0088,2489.5251,2617.835
load_26,2014-02-06 15:00:00,2493.9,2458.9517,269,16,2311.0513,2458.9517,2596.8628
load_26,2014-02-06 16:00:00,2605.2,2503.065,269,17,2265.4219,2503.065,2644.7124
load_26,2014-02-06 17:00:00,2660.7,2523.8745,269,18,2332.7363,2523.8745,2703.9731
load_26,2014-02-06 18:00:00,2594.1,2509.458,269,19,2287.4888,2509.458,2714.4512
load_26,2014-02-06 19:00:00,2489.1,2460.5142,269,20,2144.124,2460.5142,2692.953
load_26,2014-02-06 20:00:00,1879.2,2142.1323,269,21,1741.8059,2142.1323,2402.0537
load_26,2014-02-06 21:00:00,980.4,1154.2354,269,22,923.5671,1154.2354,1394.6812
load_26,2014-02-06 22:00:00,737.1,759.92926,269,23,642.4737,759.92926,949.15
load_26,2014-02-06 23:00:00,494.1,585.9699,269,24,519.8968,585.9699,663.21967
load_26,2014-02-07 00:00:00,503.1,497.23273,270,1,452.32,497.23273,541.197
load_26,2014-02-07 01:00:00,526.2,478.62927,270,2,434.11743,478.62927,529.0183
load_26,2014-02-07 02:00:00,409.5,472.87042,270,3,428.75342,472.87042,505.51617
load_26,2014-02-07 03:00:00,374.7,455.55286,270,4,417.71075,455.55286,491.06
load_26,2014-02-07 04:00:00,411.6,457.27368,270,5,418.1703,457.27368,491.93262
load_26,2014-02-07 05:00:00,527.4,464.22107,270,6,422.62006,464.22107,495.948
load_26,2014-02-07 06:00:00,514.5,477.51788,270,7,436.92188,477.51788,513.12286
load_26,2014-02-07 07:00:00,448.8,496.94135,270,8,452.34845,496.94135,544.1395
load_26,2014-02-07 08:00:00,543.3,586.8023,270,9,526.1238,586.8023,662.3649
load_26,2014-02-07 09:00:00,1017.0,1006.7456,270,10,875.5435,1006.7456,1103.0435
load_26,2014-02-07 10:00:00,1801.5,1786.5422,270,11,1623.8962,1786.5422,1924.6987
load_26,2014-02-07 11:00:00,2163.0,2305.8872,270,12,2133.6216,2305.8872,2440.5312
load_26,2014-02-07 12:00:00,2293.5,2331.9717,270,13,2140.4265,2331.9717,2483.1787
load_26,2014-02-07 13:00:00,2502.9,2370.999,270,14,2161.8376,2370.999,2513.8843
load_26,2014-02-07 14:00:00,2484.9,2456.5889,270,15,2299.2778,2456.5889,2574.8557
load_26,2014-02-07 15:00:00,2418.9,2441.156,270,16,2291.311,2441.156,2571.5015
load_26,2014-02-07 16:00:00,2436.9,2497.2834,270,17,2291.7107,2497.2834,2619.5132
load_26,2014-02-07 17:00:00,2554.5,2496.3403,270,18,2339.0059,2496.3403,2642.5864
load_26,2014-02-07 18:00:00,2495.4,2480.8018,270,19,2311.685,2480.8018,2642.3887
load_26,2014-02-07 19:00:00,2473.2,2445.951,270,20,2201.8994,2445.951,2619.3564
load_26,2014-02-07 20:00:00,2468.1,1978.9045,270,21,1678.3118,1978.9045,2219.0515
load_26,2014-02-07 21:00:00,1387.5,1054.9817,270,22,868.8267,1054.9817,1261.6709
load_26,2014-02-07 22:00:00,795.3,755.94806,270,23,641.46436,755.94806,921.93665
load_26,2014-02-07 23:00:00,604.2,581.681,270,24,510.53314,581.681,656.9124
load_26,2014-02-10 00:00:00,523.8,506.0946,271,1,447.8133,506.0946,564.94464
load_26,2014-02-10 01:00:00,530.1,479.26288,271,2,425.39752,479.26288,542.63916
load_26,2014-02-10 02:00:00,453.9,462.24854,271,3,407.4897,462.24854,505.06622
load_26,2014-02-10 03:00:00,441.9,440.51855,271,4,392.69116,440.51855,487.2318
load_26,2014-02-10 04:00:00,440.7,446.28998,271,5,397.458,446.28998,492.3238
load_26,2014-02-10 05:00:00,472.8,463.99573,271,6,413.67743,463.99573,510.64337
load_26,2014-02-10 06:00:00,480.3,481.99323,271,7,431.69086,481.99323,534.80896
load_26,2014-02-10 07:00:00,516.3,493.0874,271,8,436.0813,493.0874,549.8898
load_26,2014-02-10 08:00:00,628.5,579.29144,271,9,507.71484,579.29144,663.6385
load_26,2014-02-10 09:00:00,937.5,1014.1953,271,10,892.59326,1014.1953,1109.3873
load_26,2014-02-10 10:00:00,1675.8,1795.1973,271,11,1631.366,1795.1973,1938.7753
load_26,2014-02-10 11:00:00,2337.9,2275.1353,271,12,2098.9895,2275.1353,2432.4834
load_26,2014-02-10 12:00:00,2236.5,2354.7031,271,13,2165.3003,2354.7031,2512.777
load_26,2014-02-10 13:00:00,2218.5,2409.275,271,14,2207.6797,2409.275,2554.358
load_26,2014-02-10 14:00:00,2205.3,2456.8,271,15,2287.127,2456.8,2594.5923
load_26,2014-02-10 15:00:00,2206.2,2430.1118,271,16,2277.8765,2430.1118,2578.0254
load_26,2014-02-10 16:00:00,2258.7,2483.1704,271,17,2271.8848,2483.1704,2623.7837
load_26,2014-02-10 17:00:00,2289.6,2492.2083,271,18,2322.153,2492.2083,2662.5
load_26,2014-02-10 18:00:00,2276.4,2472.019,271,19,2288.7354,2472.019,2658.0955
load_26,2014-02-10 19:00:00,2229.3,2447.1077,271,20,2187.4836,2447.1077,2652.7812
load_26,2014-02-10 20:00:00,1829.4,2075.7021,271,21,1739.4808,2075.7021,2318.9004
load_26,2014-02-10 21:00:00,1042.8,1128.4585,271,22,917.28687,1128.4585,1345.5214
load_26,2014-02-10 22:00:00,749.1,758.92377,271,23,632.521,758.92377,935.7554
load_26,2014-02-10 23:00:00,583.5,581.3676,271,24,494.8615,581.3676,670.3084
load_26,2014-02-11 00:00:00,562.8,501.67206,272,1,453.28638,501.67206,548.38855
load_26,2014-02-11 01:00:00,551.1,481.2497,272,2,436.35797,481.2497,532.39514
load_26,2014-02-11 02:00:00,504.3,469.002,272,3,423.7282,469.002,500.67236
load_26,2014-02-11 03:00:00,481.5,446.8297,272,4,407.03894,446.8297,481.70135
load_26,2014-02-11 04:00:00,510.0,456.10822,272,5,416.8167,456.10822,487.43066
load_26,2014-02-11 05:00:00,492.9,469.06396,272,6,428.39166,469.06396,503.1469
load_26,2014-02-11 06:00:00,507.0,482.414,272,7,441.10614,482.414,518.1824
load_26,2014-02-11 07:00:00,555.9,489.4168,272,8,446.9287,489.4168,533.5701
load_26,2014-02-11 08:00:00,575.7,553.7361,272,9,503.15198,553.7361,609.1055
load_26,2014-02-11 09:00:00,1027.5,955.32495,272,10,857.9014,955.32495,1038.4794
load_26,2014-02-11 10:00:00,1726.8,1737.5333,272,11,1595.5684,1737.5333,1865.8976
load_26,2014-02-11 11:00:00,2270.1,2213.9436,272,12,2066.148,2213.9436,2364.6287
load_26,2014-02-11 12:00:00,2244.6,2243.417,272,13,2073.8428,2243.417,2415.7979
load_26,2014-02-11 13:00:00,2235.6,2302.5774,272,14,2114.4175,2302.5774,2454.5977
load_26,2014-02-11 14:00:00,2480.1,2348.6084,272,15,2193.3755,2348.6084,2499.4243
load_26,2014-02-11 15:00:00,2410.5,2329.6467,272,16,2175.9924,2329.6467,2486.3633
load_26,2014-02-11 16:00:00,2442.6,2340.908,272,17,2153.7886,2340.908,2494.8965
load_26,2014-02-11 17:00:00,2571.0,2371.8218,272,18,2210.602,2371.8218,2543.4775
load_26,2014-02-11 18:00:00,2578.8,2358.9592,272,19,2187.6343,2358.9592,2546.1958
load_26,2014-02-11 19:00:00,2475.3,2328.0,272,20,2119.3909,2328.0,2512.8164
load_26,2014-02-11 20:00:00,1923.3,1929.4138,272,21,1706.6388,1929.4138,2148.9414
load_26,2014-02-11 21:00:00,940.5,1052.8018,272,22,913.0205,1052.8018,1197.6035
load_26,2014-02-11 22:00:00,686.1,719.1695,272,23,629.60187,719.1695,851.37006
load_26,2014-02-11 23:00:00,449.1,558.9397,272,24,494.62268,558.9397,633.13416
load_26,2014-02-12 00:00:00,388.8,503.9245,273,1,457.22626,503.9245,549.0798
load_26,2014-02-12 01:00:00,391.8,482.75232,273,2,439.68097,482.75232,529.849
load_26,2014-02-12 02:00:00,338.1,476.41687,273,3,431.75415,476.41687,507.51526
load_26,2014-02-12 03:00:00,324.0,456.724,273,4,416.8639,456.724,490.88257
load_26,2014-02-12 04:00:00,318.9,462.90167,273,5,423.44653,462.90167,496.43115
load_26,2014-02-12 05:00:00,321.0,475.656,273,6,434.32043,475.656,508.66724
load_26,2014-02-12 06:00:00,327.3,490.22107,273,7,448.16705,490.22107,527.3112
load_26,2014-02-12 07:00:00,420.6,504.93542,273,8,456.97028,504.93542,547.44446
load_26,2014-02-12 08:00:00,546.9,583.2764,273,9,525.2539,583.2764,643.11664
load_26,2014-02-12 09:00:00,999.9,1006.4844,273,10,898.1166,1006.4844,1082.14
load_26,2014-02-12 10:00:00,1729.8,1734.6241,273,11,1595.7648,1734.6241,1859.4991
load_26,2014-02-12 11:00:00,2223.3,2255.2986,273,12,2110.5005,2255.2986,2394.6091
load_26,2014-02-12 12:00:00,2328.9,2290.721,273,13,2129.1833,2290.721,2442.5073
load_26,2014-02-12 13:00:00,2268.6,2310.1494,273,14,2129.469,2310.1494,2457.6892
load_26,2014-02-12 14:00:00,2248.2,2376.087,273,15,2231.8696,2376.087,2512.7944
load_26,2014-02-12 15:00:00,2400.0,2379.9602,273,16,2242.4336,2379.9602,2521.5366
load_26,2014-02-12 16:00:00,2426.4,2419.895,273,17,2228.6074,2419.895,2557.436
load_26,2014-02-12 17:00:00,2418.0,2450.6323,273,18,2296.8625,2450.6323,2616.126
load_26,2014-02-12 18:00:00,2431.2,2434.5781,273,19,2269.0347,2434.5781,2613.7935
load_26,2014-02-12 19:00:00,2346.3,2387.62,273,20,2174.9834,2387.62,2571.8506
load_26,2014-02-12 20:00:00,1837.5,1911.8835,273,21,1676.7955,1911.8835,2136.172
load_26,2014-02-12 21:00:00,1026.6,1005.4824,273,22,859.2655,1005.4824,1170.8132
load_26,2014-02-12 22:00:00,762.3,711.8585,273,23,621.3982,711.8585,849.7197
load_26,2014-02-12 23:00:00,507.3,550.1002,273,24,494.81366,550.1002,625.4919
load_26,2014-02-13 00:00:00,470.1,457.95917,274,1,397.06995,457.95917,522.87933
load_26,2014-02-13 01:00:00,464.1,430.71948,274,2,369.55426,430.71948,497.1449
load_26,2014-02-13 02:00:00,419.1,412.40283,274,3,349.2931,412.40283,462.39435
load_26,2014-02-13 03:00:00,431.1,390.781,274,4,333.432,390.781,445.27472
load_26,2014-02-13 04:00:00,445.8,401.40643,274,5,347.10364,401.40643,452.75452
load_26,2014-02-13 05:00:00,452.7,420.14996,274,6,364.948,420.14996,474.0478
load_26,2014-02-13 06:00:00,430.2,432.43036,274,7,375.026,432.43036,487.5714
load_26,2014-02-13 07:00:00,483.6,468.9372,274,8,407.3197,468.9372,525.7616
load_26,2014-02-13 08:00:00,604.8,555.67645,274,9,483.24664,555.67645,613.5225
load_26,2014-02-13 09:00:00,979.8,995.48816,274,10,902.13196,995.48816,1074.1256
load_26,2014-02-13 10:00:00,1690.5,1729.603,274,11,1606.933,1729.603,1841.9918
load_26,2014-02-13 11:00:00,2216.1,2206.4277,274,12,2082.1487,2206.4277,2340.0923
load_26,2014-02-13 12:00:00,2335.5,2265.3052,274,13,2127.6343,2265.3052,2407.0503
load_26,2014-02-13 13:00:00,2358.3,2309.5322,274,14,2154.7573,2309.5322,2437.484
load_26,2014-02-13 14:00:00,2524.8,2352.259,274,15,2222.555,2352.259,2485.5938
load_26,2014-02-13 15:00:00,2424.9,2351.0874,274,16,2226.0972,2351.0874,2478.3145
load_26,2014-02-13 16:00:00,2449.2,2392.9094,274,17,2250.394,2392.9094,2512.7217
load_26,2014-02-13 17:00:00,2510.7,2419.1387,274,18,2285.935,2419.1387,2560.3882
load_26,2014-02-13 18:00:00,2611.5,2410.7295,274,19,2270.9905,2410.7295,2559.4993
load_26,2014-02-13 19:00:00,2540.4,2356.5571,274,20,2200.8274,2356.5571,2505.3308
load_26,2014-02-13 20:00:00,1997.4,1910.3745,274,21,1743.9749,1910.3745,2093.3022
load_26,2014-02-13 21:00:00,1056.6,1019.79144,274,22,907.3622,1019.79144,1151.1077
load_26,2014-02-13 22:00:00,770.4,722.98834,274,23,636.2551,722.98834,846.27954
load_26,2014-02-13 23:00:00,514.2,540.3003,274,24,466.05365,540.3003,634.3392
load_26,2014-02-14 00:00:00,439.2,473.03088,275,1,418.49774,473.03088,532.5594
load_26,2014-02-14 01:00:00,440.1,440.80823,275,2,385.6527,440.80823,501.9781
load_26,2014-02-14 02:00:00,392.4,425.37695,275,3,366.44073,425.37695,470.62518
load_26,2014-02-14 03:00:00,386.1,402.50177,275,4,348.00073,402.50177,453.2215
load_26,2014-02-14 04:00:00,395.7,416.94922,275,5,366.94348,416.94922,464.8722
load_26,2014-02-14 05:00:00,389.4,429.50592,275,6,378.99286,429.50592,479.79218
load_26,2014-02-14 06:00:00,366.3,439.52563,275,7,385.53693,439.52563,490.3407
load_26,2014-02-14 07:00:00,402.0,465.31952,275,8,404.46307,465.31952,517.20807
load_26,2014-02-14 08:00:00,496.2,584.4138,275,9,511.04742,584.4138,652.15076
load_26,2014-02-14 09:00:00,927.6,1004.6553,275,10,914.61475,1004.6553,1078.1471
load_26,2014-02-14 10:00:00,1807.5,1722.6375,275,11,1611.7648,1722.6375,1827.285
load_26,2014-02-14 11:00:00,2328.6,2231.2375,275,12,2127.0957,2231.2375,2342.9507
load_26,2014-02-14 12:00:00,2346.6,2314.7134,275,13,2207.9346,2314.7134,2419.4294
load_26,2014-02-14 13:00:00,2465.7,2337.6135,275,14,2216.02,2337.6135,2437.2434
load_26,2014-02-14 14:00:00,2473.5,2369.2336,275,15,2263.726,2369.2336,2478.085
load_26,2014-02-14 15:00:00,2387.4,2378.3984,275,16,2275.1333,2378.3984,2481.2869
load_26,2014-02-14 16:00:00,2377.2,2435.372,275,17,2307.0852,2435.372,2542.6504
load_26,2014-02-14 17:00:00,2441.7,2456.545,275,18,2336.3274,2456.545,2578.5776
load_26,2014-02-14 18:00:00,2453.1,2460.7598,275,19,2331.2869,2460.7598,2593.5586
load_26,2014-02-14 19:00:00,2490.9,2424.5671,275,20,2272.018,2424.5671,2568.224
load_26,2014-02-14 20:00:00,2432.7,1980.7021,275,21,1785.9172,1980.7021,2172.1558
load_26,2014-02-14 21:00:00,1319.7,1054.744,275,22,917.1793,1054.744,1206.4232
load_26,2014-02-14 22:00:00,751.2,733.0955,275,23,630.7775,733.0955,871.2096
load_26,2014-02-14 23:00:00,502.2,554.0099,275,24,477.71057,554.0099,648.15985
load_26,2014-02-17 00:00:00,427.5,472.16882,276,1,402.75708,472.16882,539.3213
load_26,2014-02-17 01:00:00,429.6,449.64734,276,2,384.63214,449.64734,523.96576
load_26,2014-02-17 02:00:00,350.1,433.8858,276,3,367.07697,433.8858,489.29932
load_26,2014-02-17 03:00:00,321.9,410.4879,276,4,349.5797,410.4879,473.7801
load_26,2014-02-17 04:00:00,315.0,422.6582,276,5,362.875,422.6582,484.14746
load_26,2014-02-17 05:00:00,313.8,435.73505,276,6,376.56342,435.73505,501.40247
load_26,2014-02-17 06:00:00,316.2,445.34344,276,7,383.73053,445.34344,512.4208
load_26,2014-02-17 07:00:00,383.7,476.37842,276,8,403.7213,476.37842,542.4859
load_26,2014-02-17 08:00:00,503.1,574.3906,276,9,488.6576,574.3906,662.97235
load_26,2014-02-17 09:00:00,891.0,1002.52026,276,10,891.86035,1002.52026,1098.9995
load_26,2014-02-17 10:00:00,1599.9,1763.9857,276,11,1625.3351,1763.9857,1903.2251
load_26,2014-02-17 11:00:00,1971.3,2263.6562,276,12,2128.0203,2263.6562,2409.4502
load_26,2014-02-17 12:00:00,2210.4,2322.167,276,13,2167.1753,2322.167,2481.2944
load_26,2014-02-17 13:00:00,2196.3,2370.7385,276,14,2198.7732,2370.7385,2512.6104
load_26,2014-02-17 14:00:00,2372.1,2422.597,276,15,2266.423,2422.597,2560.1128
load_26,2014-02-17 15:00:00,2309.4,2378.3445,276,16,2238.993,2378.3445,2520.3838
load_26,2014-02-17 16:00:00,2298.0,2433.1172,276,17,2268.96,2433.1172,2566.6865
load_26,2014-02-17 17:00:00,2350.2,2432.8672,276,18,2284.354,2432.8672,2594.4084
load_26,2014-02-17 18:00:00,2438.7,2433.7524,276,19,2276.355,2433.7524,2605.4224
load_26,2014-02-17 19:00:00,2402.7,2411.6045,276,20,2217.2234,2411.6045,2597.4526
load_26,2014-02-17 20:00:00,1875.0,2058.5542,276,21,1805.2109,2058.5542,2272.775
load_26,2014-02-17 21:00:00,973.2,1100.3257,276,22,932.6619,1100.3257,1287.1647
load_26,2014-02-17 22:00:00,711.3,759.4522,276,23,648.4356,759.4522,919.0596
load_26,2014-02-17 23:00:00,473.1,565.6928,276,24,481.99408,565.6928,666.7845
load_26,2014-02-18 00:00:00,448.8,428.71466,277,1,357.49677,428.71466,489.65894
load_26,2014-02-18 01:00:00,465.3,395.8512,277,2,323.3025,395.8512,467.1958
load_26,2014-02-18 02:00:00,420.9,372.93823,277,3,299.57446,372.93823,433.74786
load_26,2014-02-18 03:00:00,434.7,348.9936,277,4,282.10962,348.9936,418.09753
load_26,2014-02-18 04:00:00,447.6,358.16632,277,5,291.85156,358.16632,423.3084
load_26,2014-02-18 05:00:00,438.9,367.21918,277,6,300.33105,367.21918,433.9508
load_26,2014-02-18 06:00:00,438.0,379.11554,277,7,311.3833,379.11554,447.11755
load_26,2014-02-18 07:00:00,481.8,430.21033,277,8,347.146,430.21033,496.9048
load_26,2014-02-18 08:00:00,574.2,539.7321,277,9,441.75122,539.7321,621.89294
load_26,2014-02-18 09:00:00,974.4,937.7677,277,10,816.92285,937.7677,1038.6968
load_26,2014-02-18 10:00:00,1559.4,1656.6296,277,11,1501.0775,1656.6296,1798.9775
load_26,2014-02-18 11:00:00,2085.0,2122.48,277,12,1936.0354,2122.48,2286.1465
load_26,2014-02-18 12:00:00,2225.4,2204.9028,277,13,2017.0159,2204.9028,2367.0247
load_26,2014-02-18 13:00:00,2331.3,2251.799,277,14,2049.0212,2251.799,2403.6116
load_26,2014-02-18 14:00:00,2468.4,2297.9646,277,15,2141.9795,2297.9646,2447.5366
load_26,2014-02-18 15:00:00,2447.7,2281.5288,277,16,2117.7732,2281.5288,2427.9697
load_26,2014-02-18 16:00:00,2424.6,2318.9475,277,17,2123.54,2318.9475,2465.3164
load_26,2014-02-18 17:00:00,2447.7,2351.03,277,18,2186.107,2351.03,2506.8032
load_26,2014-02-18 18:00:00,2460.6,2345.028,277,19,2176.5217,2345.028,2517.77
load_26,2014-02-18 19:00:00,2405.7,2330.3848,277,20,2108.5813,2330.3848,2517.6074
load_26,2014-02-18 20:00:00,1885.8,1972.4705,277,21,1697.3748,1972.4705,2194.2039
load_26,2014-02-18 21:00:00,944.4,1023.421,277,22,852.2608,1023.421,1206.731
load_26,2014-02-18 22:00:00,735.3,676.4031,277,23,553.89136,676.4031,834.8205
load_26,2014-02-18 23:00:00,483.9,507.50696,277,24,410.94983,507.50696,614.66846
load_26,2014-02-19 00:00:00,427.8,431.7613,278,1,369.28564,431.7613,497.79193
load_26,2014-02-19 01:00:00,430.8,410.87537,278,2,346.94928,410.87537,479.8277
load_26,2014-02-19 02:00:00,368.4,394.8266,278,3,328.1114,394.8266,447.1059
load_26,2014-02-19 03:00:00,416.4,375.4945,278,4,314.28613,375.4945,437.02246
load_26,2014-02-19 04:00:00,430.8,385.55896,278,5,329.40155,385.55896,442.7804
load_26,2014-02-19 05:00:00,417.6,396.67407,278,6,338.2027,396.67407,452.9756
load_26,2014-02-19 06:00:00,415.5,402.88763,278,7,342.10675,402.88763,460.63867
load_26,2014-02-19 07:00:00,483.6,454.28815,278,8,387.38507,454.28815,513.46014
load_26,2014-02-19 08:00:00,561.0,563.8431,278,9,485.1947,563.8431,631.68854
load_26,2014-02-19 09:00:00,917.7,960.5499,278,10,864.107,960.5499,1041.9568
load_26,2014-02-19 10:00:00,1659.0,1654.8676,278,11,1540.5542,1654.8676,1771.1016
load_26,2014-02-19 11:00:00,2169.0,2153.3848,278,12,2022.9374,2153.3848,2276.423
load_26,2014-02-19 12:00:00,2187.6,2255.9558,278,13,2131.879,2255.9558,2378.728
load_26,2014-02-19 13:00:00,2191.8,2323.502,278,14,2186.6538,2323.502,2431.5928
load_26,2014-02-19 14:00:00,2167.2,2388.6746,278,15,2265.3281,2388.6746,2491.36
load_26,2014-02-19 15:00:00,2131.8,2353.9727,278,16,2240.2861,2353.9727,2463.4836
load_26,2014-02-19 16:00:00,2148.3,2385.1626,278,17,2259.1252,2385.1626,2491.2065
load_26,2014-02-19 17:00:00,2193.6,2388.7756,278,18,2268.106,2388.7756,2507.617
load_26,2014-02-19 18:00:00,2214.6,2406.2627,278,19,2279.3862,2406.2627,2536.312
load_26,2014-02-19 19:00:00,2149.5,2375.1084,278,20,2235.544,2375.1084,2511.8296
load_26,2014-02-19 20:00:00,1764.0,1912.3579,278,21,1747.9307,1912.3579,2095.203
load_26,2014-02-19 21:00:00,968.4,994.7377,278,22,881.00745,994.7377,1131.3228
load_26,2014-02-19 22:00:00,771.6,718.05865,278,23,630.1586,718.05865,844.5636
load_26,2014-02-19 23:00:00,536.7,525.87823,278,24,449.51495,525.87823,621.5993
load_26,2014-02-20 00:00:00,443.4,439.4886,279,1,381.4934,439.4886,499.17383
load_26,2014-02-20 01:00:00,438.0,410.338,279,2,353.73724,410.338,475.45306
load_26,2014-02-20 02:00:00,377.7,403.6125,279,3,343.00098,403.6125,451.18353
load_26,2014-02-20 03:00:00,368.1,388.8493,279,4,331.80194,388.8493,445.5028
load_26,2014-02-20 04:00:00,374.7,399.6764,279,5,347.29736,399.6764,450.39014
load_26,2014-02-20 05:00:00,365.7,409.2788,279,6,355.02478,409.2788,460.75446
load_26,2014-02-20 06:00:00,393.6,417.03217,279,7,361.1814,417.03217,469.21777
load_26,2014-02-20 07:00:00,491.4,463.98657,279,8,400.74243,463.98657,520.0813
load_26,2014-02-20 08:00:00,578.7,559.44574,279,9,486.83923,559.44574,622.8317
load_26,2014-02-20 09:00:00,1037.7,947.6837,279,10,851.3281,947.6837,1025.0978
load_26,2014-02-20 10:00:00,1752.0,1625.5667,279,11,1501.113,1625.5667,1736.8555
load_26,2014-02-20 11:00:00,2271.9,2075.0618,279,12,1928.6482,2075.0618,2219.999
load_26,2014-02-20 12:00:00,2238.9,2157.9307,279,13,2007.5586,2157.9307,2313.4883
load_26,2014-02-20 13:00:00,2199.6,2212.314,279,14,2039.465,2212.314,2354.5122
load_26,2014-02-20 14:00:00,2229.6,2255.776,279,15,2106.9592,2255.776,2402.6245
load_26,2014-02-20 15:00:00,2206.2,2238.0256,279,16,2091.6692,2238.0256,2379.9705
load_26,2014-02-20 16:00:00,2296.5,2247.6338,279,17,2088.032,2247.6338,2380.626
load_26,2014-02-20 17:00:00,2477.4,2271.4004,279,18,2116.7573,2271.4004,2424.4258
load_26,2014-02-20 18:00:00,2567.7,2272.0923,279,19,2121.2305,2272.0923,2439.7544
load_26,2014-02-20 19:00:00,2497.8,2247.3625,279,20,2070.763,2247.3625,2412.6167
load_26,2014-02-20 20:00:00,1901.7,1829.1782,279,21,1654.0306,1829.1782,2010.6323
load_26,2014-02-20 21:00:00,993.6,950.54675,279,22,837.5635,950.54675,1081.8729
load_26,2014-02-20 22:00:00,717.0,697.4124,279,23,611.59045,697.4124,816.3409
load_26,2014-02-20 23:00:00,481.2,510.87762,279,24,437.39233,510.87762,600.24585
load_26,2014-02-21 00:00:00,477.9,437.33728,280,1,387.84155,437.33728,490.46735
load_26,2014-02-21 01:00:00,523.5,410.59253,280,2,356.24695,410.59253,466.3081
load_26,2014-02-21 02:00:00,452.1,397.06976,280,3,338.09473,397.06976,437.6458
load_26,2014-02-21 03:00:00,447.9,378.00848,280,4,323.79633,378.00848,428.86096
load_26,2014-02-21 04:00:00,462.3,385.48352,280,5,336.52966,385.48352,433.20837
load_26,2014-02-21 05:00:00,452.4,390.70068,280,6,340.5094,390.70068,437.14874
load_26,2014-02-21 06:00:00,450.0,399.0456,280,7,346.4677,399.0456,444.7259
load_26,2014-02-21 07:00:00,510.0,462.6869,280,8,401.2558,462.6869,512.78564
load_26,2014-02-21 08:00:00,599.1,577.5419,280,9,505.5581,577.5419,648.8515
load_26,2014-02-21 09:00:00,1083.0,985.0828,280,10,890.10925,985.0828,1059.8385
load_26,2014-02-21 10:00:00,1730.1,1687.86,280,11,1559.6987,1687.86,1806.8776
load_26,2014-02-21 11:00:00,2283.9,2155.4253,280,12,2015.6282,2155.4253,2299.7085
load_26,2014-02-21 12:00:00,2380.8,2231.0107,280,13,2079.195,2231.0107,2378.5522
load_26,2014-02-21 13:00:00,2424.3,2268.662,280,14,2092.4004,2268.662,2410.1675
load_26,2014-02-21 14:00:00,2453.1,2311.6646,280,15,2166.664,2311.6646,2451.1062
load_26,2014-02-21 15:00:00,2462.4,2291.7085,280,16,2142.396,2291.7085,2429.9438
load_26,2014-02-21 16:00:00,2467.8,2349.0195,280,17,2179.8628,2349.0195,2485.5383
load_26,2014-02-21 17:00:00,2504.4,2390.3484,280,18,2234.9912,2390.3484,2556.1597
load_26,2014-02-21 18:00:00,2530.5,2418.0322,280,19,2253.706,2418.0322,2597.566
load_26,2014-02-21 19:00:00,2428.8,2384.8987,280,20,2182.7249,2384.8987,2575.482
load_26,2014-02-21 20:00:00,2382.9,1950.1338,280,21,1716.2125,1950.1338,2166.4377
load_26,2014-02-21 21:00:00,1257.9,1037.806,280,22,890.78503,1037.806,1196.3154
load_26,2014-02-21 22:00:00,708.3,751.1263,280,23,653.2102,751.1263,892.00024
load_26,2014-02-21 23:00:00,461.4,543.05115,280,24,468.29694,543.05115,632.8143
load_26,2014-02-24 00:00:00,425.7,455.80444,281,1,399.13855,455.80444,510.81128
load_26,2014-02-24 01:00:00,426.6,428.70093,281,2,374.9624,428.70093,486.54993
load_26,2014-02-24 02:00:00,345.0,416.20483,281,3,358.16846,416.20483,457.74762
load_26,2014-02-24 03:00:00,338.7,396.9671,281,4,345.67743,396.9671,443.88306
load_26,2014-02-24 04:00:00,355.5,394.72626,281,5,343.86462,394.72626,442.69702
load_26,2014-02-24 05:00:00,340.5,401.7303,281,6,349.91852,401.7303,444.7777
load_26,2014-02-24 06:00:00,341.4,418.53552,281,7,365.12122,418.53552,466.68707
load_26,2014-02-24 07:00:00,409.8,465.89874,281,8,401.02014,465.89874,519.8723
load_26,2014-02-24 08:00:00,507.6,570.4022,281,9,494.39252,570.4022,652.0834
load_26,2014-02-24 09:00:00,908.4,1029.4451,281,10,924.3723,1029.4451,1115.8428
load_26,2014-02-24 10:00:00,1652.7,1711.9319,281,11,1567.559,1711.9319,1854.0703
load_26,2014-02-24 11:00:00,2316.3,2208.2827,281,12,2047.2146,2208.2827,2386.1836
load_26,2014-02-24 12:00:00,2352.9,2298.1494,281,13,2126.3281,2298.1494,2479.8682
load_26,2014-02-24 13:00:00,2395.8,2356.8281,281,14,2164.0342,2356.8281,2523.217
load_26,2014-02-24 14:00:00,2382.9,2401.67,281,15,2231.1992,2401.67,2563.996
load_26,2014-02-24 15:00:00,2370.6,2376.2642,281,16,2220.5386,2376.2642,2549.3433
load_26,2014-02-24 16:00:00,2361.3,2389.059,281,17,2207.2527,2389.059,2535.44
load_26,2014-02-24 17:00:00,2382.3,2420.6177,281,18,2256.8662,2420.6177,2600.691
load_26,2014-02-24 18:00:00,2391.9,2451.4229,281,19,2279.4917,2451.4229,2645.167
load_26,2014-02-24 19:00:00,2355.3,2413.892,281,20,2197.5457,2413.892,2623.2236
load_26,2014-02-24 20:00:00,1893.0,2042.8132,281,21,1782.807,2042.8132,2264.3484
load_26,2014-02-24 21:00:00,931.2,1054.1681,281,22,895.4757,1054.1681,1223.8126
load_26,2014-02-24 22:00:00,684.3,724.4268,281,23,625.4113,724.4268,866.95135
load_26,2014-02-24 23:00:00,449.1,525.7632,281,24,453.08997,525.7632,613.37195
load_26,2014-02-25 00:00:00,427.8,422.3604,282,1,368.7671,422.3604,474.898
load_26,2014-02-25 01:00:00,424.8,398.61255,282,2,348.0008,398.61255,452.9687
load_26,2014-02-25 02:00:00,356.4,387.37817,282,3,334.26093,387.37817,424.44122
load_26,2014-02-25 03:00:00,336.6,370.31158,282,4,322.44495,370.31158,418.1725
load_26,2014-02-25 04:00:00,365.7,377.4231,282,5,331.12885,377.4231,421.80896
load_26,2014-02-25 05:00:00,361.5,384.99164,282,6,336.67358,384.99164,426.55707
load_26,2014-02-25 06:00:00,347.4,393.74854,282,7,343.83514,393.74854,435.0761
load_26,2014-02-25 07:00:00,407.7,440.77325,282,8,381.39453,440.77325,487.84564
load_26,2014-02-25 08:00:00,507.9,545.00934,282,9,475.66522,545.00934,608.2332
load_26,2014-02-25 09:00:00,915.0,973.38354,282,10,870.18994,973.38354,1047.2026
load_26,2014-02-25 10:00:00,1774.8,1665.9281,282,11,1536.8052,1665.9281,1782.1669
load_26,2014-02-25 11:00:00,2316.6,2178.2156,282,12,2040.8126,2178.2156,2310.7122
load_26,2014-02-25 12:00:00,2534.1,2274.2761,282,13,2130.0251,2274.2761,2400.1377
load_26,2014-02-25 13:00:00,2437.8,2313.4075,282,14,2150.023,2313.4075,2437.3682
load_26,2014-02-25 14:00:00,2383.8,2347.2363,282,15,2203.5718,2347.2363,2469.1748
load_26,2014-02-25 15:00:00,2344.5,2313.7468,282,16,2184.0825,2313.7468,2442.3237
load_26,2014-02-25 16:00:00,2333.4,2338.7952,282,17,2157.2036,2338.7952,2474.3306
load_26,2014-02-25 17:00:00,2367.9,2351.6997,282,18,2195.3604,2351.6997,2509.6553
load_26,2014-02-25 18:00:00,2400.3,2351.8445,282,19,2190.3037,2351.8445,2525.179
load_26,2014-02-25 19:00:00,2339.7,2330.4724,282,20,2115.519,2330.4724,2519.207
load_26,2014-02-25 20:00:00,1785.6,2001.1012,282,21,1719.0171,2001.1012,2218.3965
load_26,2014-02-25 21:00:00,936.3,1007.0534,282,22,841.29755,1007.0534,1190.533
load_26,2014-02-25 22:00:00,680.7,692.8629,282,23,587.8355,692.8629,840.93005
load_26,2014-02-25 23:00:00,472.2,494.70905,282,24,419.46204,494.70905,583.20264
load_26,2014-02-26 00:00:00,422.4,422.1385,283,1,373.10504,422.1385,475.6067
load_26,2014-02-26 01:00:00,450.9,391.74103,283,2,343.14636,391.74103,445.84406
load_26,2014-02-26 02:00:00,379.5,381.1183,283,3,328.51453,381.1183,417.66504
load_26,2014-02-26 03:00:00,384.0,363.10394,283,4,314.86133,363.10394,409.77844
load_26,2014-02-26 04:00:00,462.6,369.23474,283,5,322.57385,369.23474,413.57135
load_26,2014-02-26 05:00:00,418.5,375.47717,283,6,327.13275,375.47717,417.4026
load_26,2014-02-26 06:00:00,368.7,381.82928,283,7,331.1164,381.82928,421.77155
load_26,2014-02-26 07:00:00,435.6,424.778,283,8,367.69855,424.778,473.23083
load_26,2014-02-26 08:00:00,523.8,528.5373,283,9,461.77124,528.5373,593.697
load_26,2014-02-26 09:00:00,993.6,962.6814,283,10,868.5748,962.6814,1039.3099
load_26,2014-02-26 10:00:00,1798.2,1688.521,283,11,1559.067,1688.521,1811.1172
load_26,2014-02-26 11:00:00,2260.8,2246.677,283,12,2111.2302,2246.677,2368.8054
load_26,2014-02-26 12:00:00,2276.1,2322.6274,283,13,2184.3022,2322.6274,2445.8633
load_26,2014-02-26 13:00:00,2423.4,2340.367,283,14,2181.0293,2340.367,2468.5552
load_26,2014-02-26 14:00:00,2411.1,2351.17,283,15,2212.2876,2351.17,2480.8174
load_26,2014-02-26 15:00:00,2399.1,2315.3735,283,16,2185.8542,2315.3735,2445.173
load_26,2014-02-26 16:00:00,2368.2,2321.8066,283,17,2162.4111,2321.8066,2452.932
load_26,2014-02-26 17:00:00,2404.2,2346.649,283,18,2203.6855,2346.649,2496.999
load_26,2014-02-26 18:00:00,2409.3,2355.8135,283,19,2206.686,2355.8135,2518.3467
load_26,2014-02-26 19:00:00,2375.4,2338.4277,283,20,2160.6116,2338.4277,2509.2505
load_26,2014-02-26 20:00:00,1827.3,1863.0537,283,21,1667.9825,1863.0537,2062.174
load_26,2014-02-26 21:00:00,924.6,935.78735,283,22,819.6592,935.78735,1073.1096
load_26,2014-02-26 22:00:00,706.2,677.5621,283,23,598.2148,677.5621,796.35443
load_26,2014-02-26 23:00:00,482.1,493.1751,283,24,430.1598,493.1751,575.48364
load_26,2014-02-27 00:00:00,431.1,424.8908,284,1,376.8376,424.8908,470.95074
load_26,2014-02-27 01:00:00,426.9,396.12195,284,2,353.1006,396.12195,444.08417
load_26,2014-02-27 02:00:00,381.3,383.83124,284,3,337.50507,383.83124,413.32166
load_26,2014-02-27 03:00:00,360.3,371.85986,284,4,330.32593,371.85986,409.25995
load_26,2014-02-27 04:00:00,384.9,385.91504,284,5,346.12897,385.91504,426.46515
load_26,2014-02-27 05:00:00,379.2,393.6175,284,6,352.02515,393.6175,427.56885
load_26,2014-02-27 06:00:00,363.9,395.3526,284,7,350.67517,395.3526,426.16724
load_26,2014-02-27 07:00:00,425.7,434.38104,284,8,381.07642,434.38104,473.48175
load_26,2014-02-27 08:00:00,513.3,535.4249,284,9,473.40656,535.4249,591.1626
load_26,2014-02-27 09:00:00,954.9,972.75977,284,10,874.19214,972.75977,1040.3237
load_26,2014-02-27 10:00:00,1659.6,1729.8296,284,11,1598.6498,1729.8296,1842.7656
load_26,2014-02-27 11:00:00,2221.5,2257.8203,284,12,2129.1758,2257.8203,2366.165
load_26,2014-02-27 12:00:00,2466.6,2336.6611,284,13,2204.2769,2336.6611,2444.252
load_26,2014-02-27 13:00:00,2400.0,2354.6025,284,14,2206.9556,2354.6025,2466.4995
load_26,2014-02-27 14:00:00,2348.4,2367.0557,284,15,2236.62,2367.0557,2482.8625
load_26,2014-02-27 15:00:00,2322.6,2336.4438,284,16,2216.7678,2336.4438,2451.838
load_26,2014-02-27 16:00:00,2326.5,2349.8203,284,17,2191.9087,2349.8203,2459.2046
load_26,2014-02-27 17:00:00,2347.2,2362.7695,284,18,2225.6084,2362.7695,2499.7656
load_26,2014-02-27 18:00:00,2336.7,2364.6648,284,19,2219.9297,2364.6648,2512.8276
load_26,2014-02-27 19:00:00,2284.8,2331.5957,284,20,2150.0317,2331.5957,2487.109
load_26,2014-02-27 20:00:00,1896.0,1882.0026,284,21,1678.3853,1882.0026,2074.9258
load_26,2014-02-27 21:00:00,937.8,947.6636,284,22,823.59357,947.6636,1080.3834
load_26,2014-02-27 22:00:00,730.8,681.989,284,23,597.91077,681.989,800.9507
load_26,2014-02-27 23:00:00,496.8,497.11298,284,24,434.13977,497.11298,570.51404
load_26,2014-02-28 00:00:00,471.0,433.13135,285,1,384.86346,433.13135,482.94434
load_26,2014-02-28 01:00:00,471.6,405.16687,285,2,360.8551,405.16687,457.19672
load_26,2014-02-28 02:00:00,393.3,394.84467,285,3,347.37378,394.84467,427.8247
load_26,2014-02-28 03:00:00,328.2,380.4499,285,4,337.50964,380.4499,419.39746
load_26,2014-02-28 04:00:00,333.3,390.09644,285,5,350.2516,390.09644,430.19727
load_26,2014-02-28 05:00:00,328.2,397.91724,285,6,356.40564,397.91724,434.26575
load_26,2014-02-28 06:00:00,339.3,400.85706,285,7,355.33636,400.85706,434.779
load_26,2014-02-28 07:00:00,409.2,437.2909,285,8,384.17456,437.2909,479.40186
load_26,2014-02-28 08:00:00,497.1,536.2222,285,9,476.72662,536.2222,599.0495
load_26,2014-02-28 09:00:00,1010.4,991.2479,285,10,905.20667,991.2479,1066.8119
load_26,2014-02-28 10:00:00,1677.9,1720.9645,285,11,1603.3518,1720.9645,1829.1239
load_26,2014-02-28 11:00:00,2211.9,2266.073,285,12,2149.8994,2266.073,2364.0034
load_26,2014-02-28 12:00:00,2385.9,2329.7466,285,13,2214.6284,2329.7466,2427.2861
load_26,2014-02-28 13:00:00,2371.2,2354.2834,285,14,2229.0935,2354.2834,2455.0063
load_26,2014-02-28 14:00:00,2376.0,2355.2627,285,15,2243.5435,2355.2627,2462.886
load_26,2014-02-28 15:00:00,2372.1,2329.9136,285,16,2222.2913,2329.9136,2434.935
load_26,2014-02-28 16:00:00,2386.2,2340.849,285,17,2216.4365,2340.849,2451.4385
load_26,2014-02-28 17:00:00,2354.4,2347.4768,285,18,2225.4502,2347.4768,2470.7017
load_26,2014-02-28 18:00:00,2388.3,2350.7214,285,19,2222.4026,2350.7214,2486.7646
load_26,2014-02-28 19:00:00,2361.6,2331.1394,285,20,2177.065,2331.1394,2472.989
load_26,2014-02-28 20:00:00,2321.1,1902.4443,285,21,1714.203,1902.4443,2092.8315
load_26,2014-02-28 21:00:00,1397.4,959.6206,285,22,841.5895,959.6206,1092.533
load_26,2014-02-28 22:00:00,715.8,683.5863,285,23,604.1932,683.5863,805.6709
load_26,2014-02-28 23:00:00,474.3,501.12354,285,24,440.4403,501.12354,580.99384
load_26,2014-03-03 00:00:00,444.6,430.0041,286,1,377.0069,430.0041,484.5547
load_26,2014-03-03 01:00:00,448.8,398.36072,286,2,346.4018,398.36072,456.34857
load_26,2014-03-03 02:00:00,359.4,381.33978,286,3,328.41492,381.33978,422.18634
load_26,2014-03-03 03:00:00,350.1,363.7649,286,4,316.8579,363.7649,409.7624
load_26,2014-03-03 04:00:00,360.6,365.21704,286,5,318.7033,365.21704,413.4065
load_26,2014-03-03 05:00:00,351.0,370.4524,286,6,322.00726,370.4524,412.21503
load_26,2014-03-03 06:00:00,348.6,381.6123,286,7,331.33185,381.6123,425.08356
load_26,2014-03-03 07:00:00,404.7,425.32593,286,8,362.9123,425.32593,473.15253
load_26,2014-03-03 08:00:00,488.7,526.3385,286,9,452.72174,526.3385,603.1726
load_26,2014-03-03 09:00:00,870.0,969.3011,286,10,859.3624,969.3011,1051.3293
load_26,2014-03-03 10:00:00,1612.2,1702.0245,286,11,1576.2327,1702.0245,1821.7255
load_26,2014-03-03 11:00:00,2254.2,2271.0198,286,12,2151.8936,2271.0198,2367.6562
load_26,2014-03-03 12:00:00,2367.0,2364.4648,286,13,2250.5718,2364.4648,2456.0862
load_26,2014-03-03 13:00:00,2376.3,2375.7388,286,14,2247.3914,2375.7388,2468.4473
load_26,2014-03-03 14:00:00,2355.0,2368.729,286,15,2258.2178,2368.729,2466.2327
load_26,2014-03-03 15:00:00,2350.8,2344.563,286,16,2238.8577,2344.563,2440.673
load_26,2014-03-03 16:00:00,2319.3,2375.3682,286,17,2230.2256,2375.3682,2477.2878
load_26,2014-03-03 17:00:00,2287.2,2366.8745,286,18,2239.647,2366.8745,2481.5493
load_26,2014-03-03 18:00:00,2319.9,2364.7808,286,19,2229.2666,2364.7808,2495.395
load_26,2014-03-03 19:00:00,2267.7,2339.501,286,20,2152.3906,2339.501,2484.0347
load_26,2014-03-03 20:00:00,1745.4,2000.5801,286,21,1736.5735,2000.5801,2190.4941
load_26,2014-03-03 21:00:00,894.0,1020.83484,286,22,848.6288,1020.83484,1212.2438
load_26,2014-03-03 22:00:00,654.6,693.47546,286,23,579.8924,693.47546,850.0426
load_26,2014-03-03 23:00:00,446.1,505.12604,286,24,427.75195,505.12604,591.50214
load_26,2014-03-04 00:00:00,416.4,417.0121,287,1,371.7072,417.0121,469.3944
load_26,2014-03-04 01:00:00,432.0,392.4157,287,2,346.2718,392.4157,444.20117
load_26,2014-03-04 02:00:00,386.4,378.3318,287,3,330.58124,378.3318,412.7406
load_26,2014-03-04 03:00:00,368.7,359.00012,287,4,315.60925,359.00012,398.99457
load_26,2014-03-04 04:00:00,375.6,364.50714,287,5,323.7365,364.50714,403.8742
load_26,2014-03-04 05:00:00,501.9,370.39233,287,6,327.5088,370.39233,405.9405
load_26,2014-03-04 06:00:00,500.1,373.4173,287,7,327.77502,373.4173,404.17755
load_26,2014-03-04 07:00:00,410.1,402.9558,287,8,352.50543,402.9558,443.70294
load_26,2014-03-04 08:00:00,488.7,496.7658,287,9,438.34747,496.7658,552.6924
load_26,2014-03-04 09:00:00,894.0,952.97205,287,10,873.1013,952.97205,1015.05334
load_26,2014-03-04 10:00:00,1589.4,1685.8491,287,11,1584.3126,1685.8491,1777.4073
load_26,2014-03-04 11:00:00,2098.8,2237.1265,287,12,2144.4785,2237.1265,2318.3547
load_26,2014-03-04 12:00:00,2145.0,2321.1377,287,13,2233.746,2321.1377,2397.024
load_26,2014-03-04 13:00:00,2367.6,2346.142,287,14,2260.0557,2346.142,2421.7258
load_26,2014-03-04 14:00:00,2317.2,2346.4595,287,15,2259.7153,2346.4595,2426.589
load_26,2014-03-04 15:00:00,2265.6,2310.7861,287,16,2227.6033,2310.7861,2392.772
load_26,2014-03-04 16:00:00,2277.3,2326.4434,287,17,2213.8816,2326.4434,2412.7876
load_26,2014-03-04 17:00:00,2275.8,2310.3896,287,18,2203.8035,2310.3896,2409.6729
load_26,2014-03-04 18:00:00,2305.2,2293.6426,287,19,2180.3696,2293.6426,2409.046
load_26,2014-03-04 19:00:00,2252.7,2277.2283,287,20,2130.811,2277.2283,2393.475
load_26,2014-03-04 20:00:00,1740.9,1888.3589,287,21,1685.0127,1888.3589,2068.9832
load_26,2014-03-04 21:00:00,888.9,958.67224,287,22,824.2106,958.67224,1108.6079
load_26,2014-03-04 22:00:00,677.4,639.26117,287,23,549.0638,639.26117,768.1854
load_26,2014-03-04 23:00:00,463.8,474.93323,287,24,411.3191,474.93323,550.52167
load_26,2014-03-05 00:00:00,429.0,416.3023,288,1,362.58722,416.3023,469.19678
load_26,2014-03-05 01:00:00,416.7,390.54987,288,2,341.23474,390.54987,447.23743
load_26,2014-03-05 02:00:00,376.2,381.5357,288,3,331.20984,381.5357,421.17078
load_26,2014-03-05 03:00:00,366.3,363.63824,288,4,319.05267,363.63824,408.96088
load_26,2014-03-05 04:00:00,409.8,372.5158,288,5,327.77325,372.5158,419.56573
load_26,2014-03-05 05:00:00,396.9,384.47455,288,6,338.30676,384.47455,431.70117
load_26,2014-03-05 06:00:00,370.8,389.6048,288,7,342.7746,389.6048,438.26068
load_26,2014-03-05 07:00:00,424.8,408.42316,288,8,354.542,408.42316,458.53723
load_26,2014-03-05 08:00:00,512.7,499.5503,288,9,433.95074,499.5503,572.3688
load_26,2014-03-05 09:00:00,915.9,919.1737,288,10,808.5002,919.1737,1004.1403
load_26,2014-03-05 10:00:00,1705.8,1618.802,288,11,1486.7686,1618.802,1745.5626
load_26,2014-03-05 11:00:00,2255.4,2176.1892,288,12,2030.756,2176.1892,2286.4385
load_26,2014-03-05 12:00:00,2306.4,2294.5378,288,13,2158.5767,2294.5378,2390.1736
load_26,2014-03-05 13:00:00,2349.9,2322.618,288,14,2171.6616,2322.618,2421.6255
load_26,2014-03-05 14:00:00,2335.8,2314.1367,288,15,2193.166,2314.1367,2416.416
load_26,2014-03-05 15:00:00,2311.2,2280.8052,288,16,2166.187,2280.8052,2380.3965
load_26,2014-03-05 16:00:00,2314.8,2297.102,288,17,2148.7402,2297.102,2391.4648
load_26,2014-03-05 17:00:00,2336.4,2283.552,288,18,2152.4272,2283.552,2393.7207
load_26,2014-03-05 18:00:00,2385.6,2266.164,288,19,2133.0173,2266.164,2393.8032
load_26,2014-03-05 19:00:00,2357.7,2251.1304,288,20,2072.9482,2251.1304,2382.3618
load_26,2014-03-05 20:00:00,1866.0,1799.3611,288,21,1578.2957,1799.3611,1992.9387
load_26,2014-03-05 21:00:00,941.4,899.3774,288,22,761.43884,899.3774,1045.7816
load_26,2014-03-05 22:00:00,718.2,655.5891,288,23,555.3315,655.5891,789.4762
load_26,2014-03-05 23:00:00,492.9,485.97992,288,24,410.354,485.97992,567.39435
load_26,2014-03-06 00:00:00,444.9,428.0572,289,1,384.69135,428.0572,472.86267
load_26,2014-03-06 01:00:00,468.6,403.5799,289,2,361.87988,403.5799,451.12585
load_26,2014-03-06 02:00:00,453.9,390.94794,289,3,348.1753,390.94794,420.41376
load_26,2014-03-06 03:00:00,438.9,370.87146,289,4,333.05695,370.87146,402.42688
load_26,2014-03-06 04:00:00,438.3,380.1693,289,5,344.68878,380.1693,412.92432
load_26,2014-03-06 05:00:00,428.7,391.69183,289,6,355.17767,391.69183,421.54114
load_26,2014-03-06 06:00:00,429.9,392.51923,289,7,352.66772,392.51923,419.8744
load_26,2014-03-06 07:00:00,498.0,406.6413,289,8,364.82434,406.6413,443.22296
load_26,2014-03-06 08:00:00,595.2,494.85022,289,9,442.92725,494.85022,548.2377
load_26,2014-03-06 09:00:00,985.8,954.65454,289,10,873.6209,954.65454,1009.94446
load_26,2014-03-06 10:00:00,1684.8,1696.9482,289,11,1590.755,1696.9482,1786.9679
load_26,2014-03-06 11:00:00,2286.0,2223.9326,289,12,2130.6611,2223.9326,2297.8997
load_26,2014-03-06 12:00:00,2308.2,2308.2026,289,13,2218.951,2308.2026,2377.7551
load_26,2014-03-06 13:00:00,2410.2,2338.9329,289,14,2254.289,2338.9329,2407.8145
load_26,2014-03-06 14:00:00,2401.5,2345.0283,289,15,2257.8774,2345.0283,2412.5098
load_26,2014-03-06 15:00:00,2343.0,2309.9082,289,16,2231.9504,2309.9082,2383.3643
load_26,2014-03-06 16:00:00,2342.7,2323.2097,289,17,2219.8691,2323.2097,2397.3887
load_26,2014-03-06 17:00:00,2375.1,2311.8188,289,18,2214.47,2311.8188,2397.1162
load_26,2014-03-06 18:00:00,2447.7,2304.0227,289,19,2200.7188,2304.0227,2403.8975
load_26,2014-03-06 19:00:00,2406.3,2278.7852,289,20,2148.309,2278.7852,2379.817
load_26,2014-03-06 20:00:00,1844.4,1858.7678,289,21,1686.5282,1858.7678,2022.2983
load_26,2014-03-06 21:00:00,927.3,951.0043,289,22,833.2139,951.0043,1068.3662
load_26,2014-03-06 22:00:00,658.2,678.28265,289,23,598.17334,678.28265,791.617
load_26,2014-03-06 23:00:00,482.7,489.99835,289,24,432.28613,489.99835,552.75116
load_26,2014-03-07 00:00:00,480.9,440.54236,290,1,387.91528,440.54236,492.4729
load_26,2014-03-07 01:00:00,482.4,421.52222,290,2,371.92047,421.52222,476.47998
load_26,2014-03-07 02:00:00,544.5,413.15558,290,3,361.94653,413.15558,451.5699
load_26,2014-03-07 03:00:00,524.4,394.82007,290,4,347.6482,394.82007,438.86725
load_26,2014-03-07 04:00:00,480.0,400.87775,290,5,357.75256,400.87775,443.8105
load_26,2014-03-07 05:00:00,426.6,408.8239,290,6,364.47705,408.8239,451.3537
load_26,2014-03-07 06:00:00,441.6,413.45587,290,7,365.5279,413.45587,456.6369
load_26,2014-03-07 07:00:00,553.8,441.82257,290,8,387.88953,441.82257,486.74054
load_26,2014-03-07 08:00:00,634.8,543.05145,290,9,481.91968,543.05145,609.722
load_26,2014-03-07 09:00:00,1036.2,974.8827,290,10,895.82385,974.8827,1045.0415
load_26,2014-03-07 10:00:00,1719.6,1691.306,290,11,1589.6558,1691.306,1793.0206
load_26,2014-03-07 11:00:00,2338.8,2250.8613,290,12,2156.345,2250.8613,2333.5366
load_26,2014-03-07 12:00:00,2472.6,2340.5916,290,13,2252.2678,2340.5916,2418.94
load_26,2014-03-07 13:00:00,2468.4,2367.3687,290,14,2284.4727,2367.3687,2444.5469
load_26,2014-03-07 14:00:00,2527.2,2374.3464,290,15,2282.4375,2374.3464,2452.8257
load_26,2014-03-07 15:00:00,2484.3,2334.5347,290,16,2250.8447,2334.5347,2418.0317
load_26,2014-03-07 16:00:00,2464.5,2347.3335,290,17,2236.108,2347.3335,2435.6748
load_26,2014-03-07 17:00:00,2424.3,2336.8594,290,18,2232.332,2336.8594,2437.8667
load_26,2014-03-07 18:00:00,2442.6,2338.912,290,19,2228.721,2338.912,2453.8809
load_26,2014-03-07 19:00:00,2502.9,2323.895,290,20,2192.9866,2323.895,2446.3462
load_26,2014-03-07 20:00:00,2486.1,1883.2722,290,21,1696.7023,1883.2722,2068.029
load_26,2014-03-07 21:00:00,1334.7,953.2064,290,22,829.70276,953.2064,1101.1453
load_26,2014-03-07 22:00:00,720.0,679.5308,290,23,592.2233,679.5308,807.996
load_26,2014-03-07 23:00:00,464.7,508.53674,290,24,444.28864,508.53674,590.81085
load_26,2014-03-10 00:00:00,458.7,461.73413,291,1,396.95294,461.73413,526.18896
load_26,2014-03-10 01:00:00,478.5,454.37256,291,2,392.7904,454.37256,525.57935
load_26,2014-03-10 02:00:00,410.4,440.46063,291,3,377.0672,440.46063,497.25177
load_26,2014-03-10 03:00:00,413.4,420.7967,291,4,360.75195,420.7967,484.91388
load_26,2014-03-10 04:00:00,435.3,422.5213,291,5,366.44983,422.5213,484.0827
load_26,2014-03-10 05:00:00,430.5,429.49457,291,6,374.16284,429.49457,489.5121
load_26,2014-03-10 06:00:00,421.5,441.12622,291,7,383.90173,441.12622,504.72888
load_26,2014-03-10 07:00:00,482.1,476.03406,291,8,409.5254,476.03406,539.1895
load_26,2014-03-10 08:00:00,607.5,583.3413,291,9,502.29102,583.3413,675.3068
load_26,2014-03-10 09:00:00,980.7,1003.4182,291,10,908.5877,1003.4182,1092.4473
load_26,2014-03-10 10:00:00,1725.6,1714.0078,291,11,1593.1758,1714.0078,1845.8303
load_26,2014-03-10 11:00:00,2181.3,2296.2625,291,12,2172.5388,2296.2625,2412.4438
load_26,2014-03-10 12:00:00,2252.7,2381.6995,291,13,2260.0967,2381.6995,2496.642
load_26,2014-03-10 13:00:00,2306.7,2403.0781,291,14,2287.5034,2403.0781,2517.5825
load_26,2014-03-10 14:00:00,2405.7,2433.171,291,15,2311.3818,2433.171,2546.9077
load_26,2014-03-10 15:00:00,2330.4,2382.4634,291,16,2272.574,2382.4634,2501.2847
load_26,2014-03-10 16:00:00,2270.4,2386.2036,291,17,2248.2393,2386.2036,2511.643
load_26,2014-03-10 17:00:00,2290.8,2374.8267,291,18,2242.461,2374.8267,2514.3884
load_26,2014-03-10 18:00:00,2420.7,2375.9026,291,19,2235.3855,2375.9026,2534.6428
load_26,2014-03-10 19:00:00,2391.0,2365.0664,291,20,2189.8594,2365.0664,2539.588
load_26,2014-03-10 20:00:00,1911.9,1993.2847,291,21,1733.9891,1993.2847,2213.1528
load_26,2014-03-10 21:00:00,947.1,1012.8119,291,22,843.87854,1012.8119,1220.1638
load_26,2014-03-10 22:00:00,693.6,682.3069,291,23,568.4323,682.3069,851.3336
load_26,2014-03-10 23:00:00,460.5,505.02686,291,24,422.4973,505.02686,613.49554
load_26,2014-03-11 00:00:00,414.0,436.03375,292,1,375.97046,436.03375,494.43066
load_26,2014-03-11 01:00:00,410.1,419.85303,292,2,364.13995,419.85303,482.22357
load_26,2014-03-11 02:00:00,341.7,416.3529,292,3,358.8155,416.3529,462.19983
load_26,2014-03-11 03:00:00,339.6,397.66266,292,4,344.1598,397.66266,451.2874
load_26,2014-03-11 04:00:00,363.9,408.58038,292,5,358.33075,408.58038,459.1053
load_26,2014-03-11 05:00:00,353.7,415.51697,292,6,364.4165,415.51697,465.5528
load_26,2014-03-11 06:00:00,343.5,423.57214,292,7,370.3244,423.57214,474.25134
load_26,2014-03-11 07:00:00,390.0,454.7304,292,8,394.24908,454.7304,507.55444
load_26,2014-03-11 08:00:00,546.6,558.8863,292,9,485.52435,558.8863,627.63385
load_26,2014-03-11 09:00:00,982.2,953.3219,292,10,859.5055,953.3219,1036.2582
load_26,2014-03-11 10:00:00,1638.6,1663.7845,292,11,1547.0278,1663.7845,1774.1804
load_26,2014-03-11 11:00:00,2214.6,2220.1477,292,12,2106.2876,2220.1477,2332.5327
load_26,2014-03-11 12:00:00,2121.3,2316.0884,292,13,2197.5059,2316.0884,2419.7515
load_26,2014-03-11 13:00:00,2279.1,2341.2207,292,14,2218.4985,2341.2207,2442.7148
load_26,2014-03-11 14:00:00,2329.5,2373.1143,292,15,2254.3428,2373.1143,2473.5266
load_26,2014-03-11 15:00:00,2291.4,2323.1233,292,16,2216.2402,2323.1233,2430.033
load_26,2014-03-11 16:00:00,2285.4,2328.023,292,17,2199.385,2328.023,2439.6777
load_26,2014-03-11 17:00:00,2302.5,2323.4592,292,18,2193.7646,2323.4592,2449.0713
load_26,2014-03-11 18:00:00,2300.7,2322.5498,292,19,2190.632,2322.5498,2466.014
load_26,2014-03-11 19:00:00,2264.7,2327.2505,292,20,2158.8994,2327.2505,2482.3499
load_26,2014-03-11 20:00:00,1801.2,1956.9475,292,21,1720.8105,1956.9475,2152.9697
load_26,2014-03-11 21:00:00,894.0,971.86743,292,22,826.75464,971.86743,1141.0658
load_26,2014-03-11 22:00:00,655.2,645.66046,292,23,549.4455,645.66046,781.9014
load_26,2014-03-11 23:00:00,417.0,482.58398,292,24,409.4231,482.58398,576.51056
load_26,2014-03-12 00:00:00,378.0,398.07062,293,1,341.5785,398.07062,452.22144
load_26,2014-03-12 01:00:00,382.2,385.12622,293,2,332.4203,385.12622,441.58124
load_26,2014-03-12 02:00:00,355.2,375.1479,293,3,321.25104,375.1479,415.66467
load_26,2014-03-12 03:00:00,342.6,352.1673,293,4,302.15192,352.1673,398.21143
load_26,2014-03-12 04:00:00,357.0,369.89032,293,5,322.97028,369.89032,413.7469
load_26,2014-03-12 05:00:00,340.5,378.52966,293,6,329.94598,378.52966,421.73132
load_26,2014-03-12 06:00:00,350.1,380.09198,293,7,330.09314,380.09198,422.3426
load_26,2014-03-12 07:00:00,388.5,403.13977,293,8,346.36066,403.13977,450.4972
load_26,2014-03-12 08:00:00,474.6,512.7555,293,9,444.32178,512.7555,574.9034
load_26,2014-03-12 09:00:00,871.8,913.2611,293,10,818.6343,913.2611,987.26843
load_26,2014-03-12 10:00:00,1520.4,1600.4263,293,11,1493.6635,1600.4263,1702.591
load_26,2014-03-12 11:00:00,2188.8,2149.1562,293,12,2045.6991,2149.1562,2253.8306
load_26,2014-03-12 12:00:00,2319.9,2177.3728,293,13,2049.9868,2177.3728,2297.485
load_26,2014-03-12 13:00:00,2322.3,2261.7344,293,14,2144.7576,2261.7344,2357.7556
load_26,2014-03-12 14:00:00,2306.1,2303.4692,293,15,2190.927,2303.4692,2396.0273
load_26,2014-03-12 15:00:00,2280.9,2255.3062,293,16,2153.5022,2255.3062,2353.8296
load_26,2014-03-12 16:00:00,2288.1,2243.6482,293,17,2117.0454,2243.6482,2351.602
load_26,2014-03-12 17:00:00,2289.0,2256.2676,293,18,2131.6367,2256.2676,2367.2422
load_26,2014-03-12 18:00:00,2327.4,2256.4194,293,19,2133.5178,2256.4194,2383.4392
load_26,2014-03-12 19:00:00,2302.2,2259.6465,293,20,2112.9993,2259.6465,2388.7544
load_26,2014-03-12 20:00:00,2037.9,1778.0887,293,21,1593.2622,1778.0887,1953.1223
load_26,2014-03-12 21:00:00,987.0,853.3772,293,22,728.9837,853.3772,990.2758
load_26,2014-03-12 22:00:00,684.0,612.42554,293,23,525.69403,612.42554,729.8015
load_26,2014-03-12 23:00:00,451.5,457.5348,293,24,388.27185,457.5348,541.5127
load_26,2014-03-13 00:00:00,409.5,408.48413,294,1,346.67725,408.48413,468.0923
load_26,2014-03-13 01:00:00,400.2,395.91125,294,2,339.70984,395.91125,458.6673
load_26,2014-03-13 02:00:00,358.5,388.88373,294,3,330.156,388.88373,437.17505
load_26,2014-03-13 03:00:00,332.1,368.6767,294,4,314.0418,368.6767,422.11194
load_26,2014-03-13 04:00:00,333.0,378.4395,294,5,326.89642,378.4395,430.45184
load_26,2014-03-13 05:00:00,329.4,387.3661,294,6,334.8626,387.3661,437.39
load_26,2014-03-13 06:00:00,335.1,392.62903,294,7,337.61517,392.62903,443.99963
load_26,2014-03-13 07:00:00,386.4,426.4671,294,8,363.8994,426.4671,481.25922
load_26,2014-03-13 08:00:00,485.7,540.6854,294,9,465.77588,540.6854,616.71277
load_26,2014-03-13 09:00:00,885.6,948.12415,294,10,845.58813,948.12415,1028.4531
load_26,2014-03-13 10:00:00,1615.8,1645.4563,294,11,1529.0494,1645.4563,1762.2244
load_26,2014-03-13 11:00:00,2105.7,2210.7637,294,12,2094.2756,2210.7637,2305.454
load_26,2014-03-13 12:00:00,2216.1,2262.1182,294,13,2150.033,2262.1182,2366.6838
load_26,2014-03-13 13:00:00,2172.9,2293.4546,294,14,2180.713,2293.4546,2389.2812
load_26,2014-03-13 14:00:00,2130.6,2320.1016,294,15,2207.6707,2320.1016,2413.1802
load_26,2014-03-13 15:00:00,2262.3,2286.6785,294,16,2183.7385,2286.6785,2386.3936
load_26,2014-03-13 16:00:00,2329.2,2293.3823,294,17,2161.3557,2293.3823,2398.8262
load_26,2014-03-13 17:00:00,2309.4,2290.8892,294,18,2167.4038,2290.8892,2406.282
load_26,2014-03-13 18:00:00,2338.8,2293.349,294,19,2167.5796,2293.349,2423.9346
load_26,2014-03-13 19:00:00,2296.2,2291.1692,294,20,2137.9,2291.1692,2428.4624
load_26,2014-03-13 20:00:00,1800.3,1926.386,294,21,1720.1383,1926.386,2105.2285
load_26,2014-03-13 21:00:00,944.1,935.2008,294,22,802.36127,935.2008,1082.724
load_26,2014-03-13 22:00:00,734.7,654.3766,294,23,556.9047,654.3766,790.28235
load_26,2014-03-13 23:00:00,483.3,483.9983,294,24,409.05908,483.9983,574.64514
load_26,2014-03-14 00:00:00,468.3,405.1292,295,1,344.399,405.1292,466.06085
load_26,2014-03-14 01:00:00,457.5,390.09332,295,2,332.78284,390.09332,455.1399
load_26,2014-03-14 02:00:00,358.2,384.78723,295,3,325.34778,384.78723,434.90637
load_26,2014-03-14 03:00:00,355.5,368.64172,295,4,313.581,368.64172,425.80066
load_26,2014-03-14 04:00:00,378.3,370.11957,295,5,319.51825,370.11957,423.06665
load_26,2014-03-14 05:00:00,368.4,373.5788,295,6,320.06805,373.5788,424.47522
load_26,2014-03-14 06:00:00,343.5,379.5769,295,7,323.18994,379.5769,430.4131
load_26,2014-03-14 07:00:00,387.6,416.31854,295,8,352.58606,416.31854,472.60144
load_26,2014-03-14 08:00:00,497.1,524.58954,295,9,451.13678,524.58954,601.99445
load_26,2014-03-14 09:00:00,981.9,924.8069,295,10,831.5141,924.8069,1008.09753
load_26,2014-03-14 10:00:00,1631.4,1606.4963,295,11,1503.9442,1606.4963,1718.6011
load_26,2014-03-14 11:00:00,2168.1,2181.933,295,12,2076.8887,2181.933,2280.892
load_26,2014-03-14 12:00:00,2283.3,2257.5364,295,13,2151.4106,2257.5364,2355.6301
load_26,2014-03-14 13:00:00,2372.4,2284.8613,295,14,2173.8477,2284.8613,2379.5823
load_26,2014-03-14 14:00:00,2370.3,2299.6255,295,15,2195.8074,2299.6255,2399.708
load_26,2014-03-14 15:00:00,2322.6,2275.2195,295,16,2174.7302,2275.2195,2373.5808
load_26,2014-03-14 16:00:00,2376.6,2310.296,295,17,2188.9402,2310.296,2413.1362
load_26,2014-03-14 17:00:00,2407.2,2301.2358,295,18,2184.2693,2301.2358,2417.0842
load_26,2014-03-14 18:00:00,2389.8,2305.7273,295,19,2185.1694,2305.7273,2435.919
load_26,2014-03-14 19:00:00,2304.3,2305.7285,295,20,2164.5386,2305.7285,2443.2236
load_26,2014-03-14 20:00:00,2264.4,1926.3296,295,21,1720.5608,1926.3296,2106.166
load_26,2014-03-14 21:00:00,1242.9,942.4492,295,22,806.3662,942.4492,1103.7572
load_26,2014-03-14 22:00:00,752.4,657.47955,295,23,556.47565,657.47955,801.6068
load_26,2014-03-14 23:00:00,461.7,481.1391,295,24,403.18585,481.1391,580.0483
load_26,2014-03-17 00:00:00,387.3,425.16956,296,1,358.8731,425.16956,484.96313
load_26,2014-03-17 01:00:00,393.9,394.0498,296,2,331.41016,394.0498,462.10504
load_26,2014-03-17 02:00:00,350.4,375.85992,296,3,310.13928,375.85992,428.35388
load_26,2014-03-17 03:00:00,337.5,354.39557,296,4,294.10852,354.39557,413.1214
load_26,2014-03-17 04:00:00,337.2,358.39557,296,5,299.6678,358.39557,417.42548
load_26,2014-03-17 05:00:00,336.0,360.72943,296,6,300.72784,360.72943,415.28314
load_26,2014-03-17 06:00:00,346.2,371.01794,296,7,308.32324,371.01794,428.00232
load_26,2014-03-17 07:00:00,407.1,411.24292,296,8,339.4875,411.24292,474.74725
load_26,2014-03-17 08:00:00,493.2,532.4545,296,9,447.06396,532.4545,622.66296
load_26,2014-03-17 09:00:00,866.4,959.9988,296,10,846.708,959.9988,1054.4062
load_26,2014-03-17 10:00:00,1486.2,1640.2783,296,11,1504.6045,1640.2783,1778.9038
load_26,2014-03-17 11:00:00,1874.1,2171.4736,296,12,2032.4463,2171.4736,2310.3271
load_26,2014-03-17 12:00:00,2031.9,2237.1768,296,13,2086.4004,2237.1768,2382.3906
load_26,2014-03-17 13:00:00,2142.6,2269.1462,296,14,2108.7556,2269.1462,2407.254
load_26,2014-03-17 14:00:00,2287.5,2298.222,296,15,2156.2522,2298.222,2436.4644
load_26,2014-03-17 15:00:00,2271.6,2282.1355,296,16,2150.1147,2282.1355,2421.5981
load_26,2014-03-17 16:00:00,2299.5,2306.0251,296,17,2157.8416,2306.0251,2434.0552
load_26,2014-03-17 17:00:00,2245.5,2300.1787,296,18,2155.8625,2300.1787,2443.9658
load_26,2014-03-17 18:00:00,2275.8,2297.3054,296,19,2148.578,2297.3054,2459.2773
load_26,2014-03-17 19:00:00,2264.7,2298.8066,296,20,2108.4636,2298.8066,2479.4485
load_26,2014-03-17 20:00:00,1754.4,2011.1814,296,21,1754.3157,2011.1814,2211.1592
load_26,2014-03-17 21:00:00,889.5,1000.40955,296,22,834.48145,1000.40955,1186.9797
load_26,2014-03-17 22:00:00,674.7,676.9529,296,23,557.884,676.9529,840.0617
load_26,2014-03-17 23:00:00,444.6,484.67297,296,24,397.07483,484.67297,587.54694
load_26,2014-03-18 00:00:00,412.2,386.80414,297,1,331.79742,386.80414,443.464
load_26,2014-03-18 01:00:00,403.8,364.20044,297,2,313.42242,364.20044,422.13177
load_26,2014-03-18 02:00:00,346.2,355.64105,297,3,303.02246,355.64105,397.43237
load_26,2014-03-18 03:00:00,344.4,337.1447,297,4,290.34106,337.1447,385.44055
load_26,2014-03-18 04:00:00,366.3,343.83112,297,5,296.79962,343.83112,389.80957
load_26,2014-03-18 05:00:00,342.3,350.41034,297,6,299.90894,350.41034,394.7403
load_26,2014-03-18 06:00:00,342.3,358.34448,297,7,307.21997,358.34448,401.0573
load_26,2014-03-18 07:00:00,389.7,391.66687,297,8,332.13812,391.66687,443.05908
load_26,2014-03-18 08:00:00,478.5,489.6095,297,9,416.18378,489.6095,560.1747
load_26,2014-03-18 09:00:00,880.2,886.8113,297,10,774.62695,886.8113,977.90515
load_26,2014-03-18 10:00:00,1585.5,1525.2466,297,11,1392.0033,1525.2466,1653.2131
load_26,2014-03-18 11:00:00,2107.2,2053.3257,297,12,1901.0186,2053.3257,2185.8608
load_26,2014-03-18 12:00:00,2260.2,2148.3894,297,13,1993.5151,2148.3894,2285.2468
load_26,2014-03-18 13:00:00,2261.1,2219.1047,297,14,2061.0142,2219.1047,2333.1724
load_26,2014-03-18 14:00:00,2250.3,2255.697,297,15,2121.668,2255.697,2365.4517
load_26,2014-03-18 15:00:00,2248.5,2223.8823,297,16,2102.7542,2223.8823,2341.0781
load_26,2014-03-18 16:00:00,2256.9,2263.313,297,17,2119.8135,2263.313,2370.5562
load_26,2014-03-18 17:00:00,2241.9,2247.9634,297,18,2115.1392,2247.9634,2370.813
load_26,2014-03-18 18:00:00,2272.2,2231.9285,297,19,2098.6775,2231.9285,2371.5862
load_26,2014-03-18 19:00:00,2253.3,2230.6982,297,20,2062.0276,2230.6982,2375.3215
load_26,2014-03-18 20:00:00,1778.1,1912.2572,297,21,1690.1368,1912.2572,2089.8833
load_26,2014-03-18 21:00:00,889.2,932.97504,297,22,791.909,932.97504,1089.5095
load_26,2014-03-18 22:00:00,684.6,643.02527,297,23,543.2475,643.02527,781.03705
load_26,2014-03-18 23:00:00,472.8,454.4585,297,24,380.93427,454.4585,541.6478
load_26,2014-03-19 00:00:00,436.8,391.75458,298,1,345.3996,391.75458,439.305
load_26,2014-03-19 01:00:00,447.0,362.78052,298,2,320.09216,362.78052,411.5699
load_26,2014-03-19 02:00:00,352.5,352.25464,298,3,307.13104,352.25464,383.46216
load_26,2014-03-19 03:00:00,342.0,335.46442,298,4,295.51447,335.46442,370.85583
load_26,2014-03-19 04:00:00,371.1,341.48096,298,5,302.49847,341.48096,376.51947
load_26,2014-03-19 05:00:00,351.3,344.51843,298,6,303.06848,344.51843,375.6883
load_26,2014-03-19 06:00:00,338.1,348.984,298,7,306.63013,348.984,378.40857
load_26,2014-03-19 07:00:00,400.8,373.10657,298,8,326.53052,373.10657,414.17847
load_26,2014-03-19 08:00:00,485.7,478.43054,298,9,418.6944,478.43054,537.54694
load_26,2014-03-19 09:00:00,873.9,903.0487,298,10,813.11316,903.0487,969.3443
load_26,2014-03-19 10:00:00,1585.5,1565.9104,298,11,1458.0154,1565.9104,1670.2211
load_26,2014-03-19 11:00:00,2034.9,2066.292,298,12,1953.8196,2066.292,2175.6655
load_26,2014-03-19 12:00:00,2067.0,2157.4126,298,13,2043.8423,2157.4126,2255.324
load_26,2014-03-19 13:00:00,2067.6,2198.4934,298,14,2071.783,2198.4934,2292.4172
load_26,2014-03-19 14:00:00,2113.8,2223.1843,298,15,2115.3027,2223.1843,2316.916
load_26,2014-03-19 15:00:00,2208.6,2210.3882,298,16,2111.6108,2210.3882,2307.8125
load_26,2014-03-19 16:00:00,2256.9,2244.1257,298,17,2122.7817,2244.1257,2331.7927
load_26,2014-03-19 17:00:00,2253.6,2235.782,298,18,2123.74,2235.782,2335.34
load_26,2014-03-19 18:00:00,2296.8,2229.0715,298,19,2113.8718,2229.0715,2343.9956
load_26,2014-03-19 19:00:00,2226.6,2226.8547,298,20,2077.481,2226.8547,2350.9417
load_26,2014-03-19 20:00:00,1768.2,1838.5933,298,21,1640.4998,1838.5933,2010.9851
load_26,2014-03-19 21:00:00,940.5,911.7903,298,22,787.0543,911.7903,1046.3961
load_26,2014-03-19 22:00:00,701.7,651.2682,298,23,567.16644,651.2682,772.94275
load_26,2014-03-19 23:00:00,486.6,462.89484,298,24,401.59192,462.89484,533.6863
load_26,2014-03-20 00:00:00,426.9,404.5224,299,1,365.99634,404.5224,444.036
load_26,2014-03-20 01:00:00,415.8,375.24402,299,2,340.0583,375.24402,415.0697
load_26,2014-03-20 02:00:00,359.1,368.1814,299,3,332.13776,368.1814,392.75983
load_26,2014-03-20 03:00:00,350.4,351.9237,299,4,320.992,351.9237,378.54736
load_26,2014-03-20 04:00:00,343.8,352.15887,299,5,321.7126,352.15887,379.2793
load_26,2014-03-20 05:00:00,336.6,358.94385,299,6,326.0381,358.94385,381.4632
load_26,2014-03-20 06:00:00,340.5,365.76013,299,7,331.53888,365.76013,387.49225
load_26,2014-03-20 07:00:00,413.1,382.50854,299,8,346.29437,382.50854,416.51874
load_26,2014-03-20 08:00:00,509.4,471.99353,299,9,425.34247,471.99353,519.06415
load_26,2014-03-20 09:00:00,888.3,891.40515,299,10,806.2715,891.40515,945.46765
load_26,2014-03-20 10:00:00,1551.9,1551.9053,299,11,1452.8215,1551.9053,1639.9678
load_26,2014-03-20 11:00:00,2071.8,2071.296,299,12,1969.9851,2071.296,2157.2898
load_26,2014-03-20 12:00:00,2304.0,2164.9514,299,13,2066.6118,2164.9514,2242.9333
load_26,2014-03-20 13:00:00,2351.4,2197.1765,299,14,2084.3804,2197.1765,2272.877
load_26,2014-03-20 14:00:00,2357.1,2202.1409,299,15,2113.426,2202.1409,2284.6216
load_26,2014-03-20 15:00:00,2380.5,2196.8572,299,16,2111.2656,2196.8572,2275.538
load_26,2014-03-20 16:00:00,2382.9,2243.6536,299,17,2135.794,2243.6536,2315.3662
load_26,2014-03-20 17:00:00,2387.7,2231.3228,299,18,2134.0813,2231.3228,2314.546
load_26,2014-03-20 18:00:00,2406.9,2220.2703,299,19,2121.062,2220.2703,2315.9688
load_26,2014-03-20 19:00:00,2358.0,2200.9363,299,20,2074.4814,2200.9363,2294.9937
load_26,2014-03-20 20:00:00,2053.2,1855.6179,299,21,1691.1143,1855.6179,2001.5422
load_26,2014-03-20 21:00:00,950.7,934.24445,299,22,820.229,934.24445,1044.8783
load_26,2014-03-20 22:00:00,703.2,665.42224,299,23,589.1543,665.42224,775.989
load_26,2014-03-20 23:00:00,476.4,467.01178,299,24,413.52332,467.01178,524.17633
load_26,2014-03-21 00:00:00,428.7,418.08984,300,1,377.01788,418.08984,459.35016
load_26,2014-03-21 01:00:00,414.0,387.42975,300,2,344.56433,387.42975,431.74683
load_26,2014-03-21 02:00:00,370.2,367.3239,300,3,322.62933,367.3239,394.81097
load_26,2014-03-21 03:00:00,380.7,350.6823,300,4,311.2766,350.6823,382.6151
load_26,2014-03-21 04:00:00,393.6,353.4281,300,5,317.15222,353.4281,384.99097
load_26,2014-03-21 05:00:00,384.6,354.54712,300,6,315.6668,354.54712,382.52344
load_26,2014-03-21 06:00:00,372.9,356.2912,300,7,313.98218,356.2912,380.82507
load_26,2014-03-21 07:00:00,411.9,378.54883,300,8,333.18793,378.54883,414.1938
load_26,2014-03-21 08:00:00,499.5,488.85577,300,9,434.22308,488.85577,547.5655
load_26,2014-03-21 09:00:00,896.4,922.75494,300,10,845.57776,922.75494,985.8573
load_26,2014-03-21 10:00:00,1528.2,1598.4564,300,11,1500.5228,1598.4564,1695.958
load_26,2014-03-21 11:00:00,1963.5,2089.2715,300,12,1987.829,2089.2715,2195.1958
load_26,2014-03-21 12:00:00,2314.8,2212.155,300,13,2112.799,2212.155,2300.6584
load_26,2014-03-21 13:00:00,2296.2,2251.2544,300,14,2142.7034,2251.2544,2343.2222
load_26,2014-03-21 14:00:00,2340.9,2289.4932,300,15,2185.1233,2289.4932,2378.4294
load_26,2014-03-21 15:00:00,2335.2,2280.2554,300,16,2192.2795,2280.2554,2379.3286
load_26,2014-03-21 16:00:00,2334.3,2329.4985,300,17,2217.8696,2329.4985,2425.7285
load_26,2014-03-21 17:00:00,2336.4,2316.6504,300,18,2208.6926,2316.6504,2426.4854
load_26,2014-03-21 18:00:00,2387.4,2314.5176,300,19,2203.3528,2314.5176,2435.3735
load_26,2014-03-21 19:00:00,2350.8,2289.872,300,20,2155.3154,2289.872,2419.8467
load_26,2014-03-21 20:00:00,2337.9,1983.6626,300,21,1796.7708,1983.6626,2132.4746
load_26,2014-03-21 21:00:00,1386.3,1021.78735,300,22,881.63464,1021.78735,1162.8384
load_26,2014-03-21 22:00:00,682.8,709.4927,300,23,625.3891,709.4927,836.91406
load_26,2014-03-21 23:00:00,431.7,489.68048,300,24,430.6089,489.68048,559.1888
load_26,2014-03-24 00:00:00,435.9,405.5495,301,1,363.3199,405.5495,443.22357
load_26,2014-03-24 01:00:00,444.9,378.71027,301,2,341.79523,378.71027,418.77502
load_26,2014-03-24 02:00:00,341.1,375.80548,301,3,338.3152,375.80548,399.27777
load_26,2014-03-24 03:00:00,348.0,366.28052,301,4,333.99023,366.28052,392.2072
load_26,2014-03-24 04:00:00,360.3,361.78735,301,5,328.5567,361.78735,391.01074
load_26,2014-03-24 05:00:00,358.2,365.90845,301,6,329.24805,365.90845,389.26776
load_26,2014-03-24 06:00:00,348.3,377.17914,301,7,339.91412,377.17914,403.2879
load_26,2014-03-24 07:00:00,417.9,397.25073,301,8,355.98633,397.25073,434.64746
load_26,2014-03-24 08:00:00,507.0,482.02258,301,9,429.7249,482.02258,551.0979
load_26,2014-03-24 09:00:00,851.4,904.23004,301,10,795.01526,904.23004,983.66504
load_26,2014-03-24 10:00:00,1521.3,1573.3586,301,11,1454.5854,1573.3586,1691.163
load_26,2014-03-24 11:00:00,2055.0,2065.818,301,12,1918.3706,2065.818,2188.1946
load_26,2014-03-24 12:00:00,2189.1,2229.8389,301,13,2106.885,2229.8389,2329.2869
load_26,2014-03-24 13:00:00,2271.0,2268.3955,301,14,2129.4783,2268.3955,2370.4429
load_26,2014-03-24 14:00:00,2249.7,2300.3076,301,15,2182.3806,2300.3076,2394.7917
load_26,2014-03-24 15:00:00,2224.8,2282.6802,301,16,2178.809,2282.6802,2388.507
load_26,2014-03-24 16:00:00,2253.3,2317.8706,301,17,2186.28,2317.8706,2418.8806
load_26,2014-03-24 17:00:00,2244.9,2299.4937,301,18,2177.4756,2299.4937,2414.62
load_26,2014-03-24 18:00:00,2282.1,2284.185,301,19,2158.43,2284.185,2415.808
load_26,2014-03-24 19:00:00,2247.6,2265.3184,301,20,2087.2651,2265.3184,2412.262
load_26,2014-03-24 20:00:00,1782.6,1988.04,301,21,1714.5914,1988.04,2174.997
load_26,2014-03-24 21:00:00,909.6,995.83777,301,22,822.7477,995.83777,1190.2903
load_26,2014-03-24 22:00:00,657.3,670.3547,301,23,569.7192,670.3547,817.1125
load_26,2014-03-24 23:00:00,427.2,477.42975,301,24,416.78247,477.42975,543.091
load_26,2014-03-25 00:00:00,402.0,392.43976,302,1,346.90094,392.43976,435.76276
load_26,2014-03-25 01:00:00,406.5,366.5943,302,2,326.68384,366.5943,411.92786
load_26,2014-03-25 02:00:00,360.0,358.34302,302,3,315.90918,358.34302,385.46283
load_26,2014-03-25 03:00:00,340.2,346.33917,302,4,308.24908,346.33917,378.41376
load_26,2014-03-25 04:00:00,354.6,347.96973,302,5,311.31964,347.96973,378.62024
load_26,2014-03-25 05:00:00,337.8,353.98883,302,6,314.7953,353.98883,381.3001
load_26,2014-03-25 06:00:00,326.7,358.19727,302,7,317.88312,358.19727,382.98572
load_26,2014-03-25 07:00:00,420.9,381.97498,302,8,339.37335,381.97498,418.56958
load_26,2014-03-25 08:00:00,507.0,472.92023,302,9,418.11792,472.92023,524.23926
load_26,2014-03-25 09:00:00,862.5,872.07227,302,10,781.78174,872.07227,935.5105
load_26,2014-03-25 10:00:00,1540.2,1529.8,302,11,1424.4019,1529.8,1628.219
load_26,2014-03-25 11:00:00,2186.1,1988.7725,302,12,1854.2614,1988.7725,2103.7664
load_26,2014-03-25 12:00:00,2322.0,2129.8115,302,13,2012.6776,2129.8115,2241.718
load_26,2014-03-25 13:00:00,2316.9,2184.4678,302,14,2049.7136,2184.4678,2289.4846
load_26,2014-03-25 14:00:00,2293.5,2217.1372,302,15,2102.1475,2217.1372,2323.8276
load_26,2014-03-25 15:00:00,2286.6,2202.2495,302,16,2097.3677,2202.2495,2313.609
load_26,2014-03-25 16:00:00,2308.2,2246.3516,302,17,2125.0806,2246.3516,2346.9126
load_26,2014-03-25 17:00:00,2297.4,2234.081,302,18,2113.1196,2234.081,2350.1558
load_26,2014-03-25 18:00:00,2319.9,2219.0574,302,19,2095.5798,2219.0574,2351.8767
load_26,2014-03-25 19:00:00,2261.4,2208.0347,302,20,2043.7966,2208.0347,2352.6108
load_26,2014-03-25 20:00:00,1783.2,1868.9763,302,21,1648.1417,1868.9763,2054.713
load_26,2014-03-25 21:00:00,918.6,946.6876,302,22,803.49945,946.6876,1104.6154
load_26,2014-03-25 22:00:00,667.2,640.87964,302,23,551.36383,640.87964,772.9881
load_26,2014-03-25 23:00:00,436.2,451.64044,302,24,395.03638,451.64044,520.7003
load_26,2014-03-26 00:00:00,386.4,403.74774,303,1,363.99707,403.74774,443.30304
load_26,2014-03-26 01:00:00,376.8,376.57996,303,2,341.71716,376.57996,416.95526
load_26,2014-03-26 02:00:00,347.4,369.54053,303,3,332.33527,369.54053,392.30078
load_26,2014-03-26 03:00:00,323.7,355.26416,303,4,321.97797,355.26416,382.38507
load_26,2014-03-26 04:00:00,321.9,355.86182,303,5,323.70355,355.86182,383.80328
load_26,2014-03-26 05:00:00,322.8,360.77673,303,6,325.91772,360.77673,383.77362
load_26,2014-03-26 06:00:00,323.7,364.08197,303,7,327.25323,364.08197,384.81732
load_26,2014-03-26 07:00:00,442.5,396.39062,303,8,354.02472,396.39062,427.7389
load_26,2014-03-26 08:00:00,639.0,492.18982,303,9,441.7921,492.18982,543.5608
load_26,2014-03-26 09:00:00,1073.1,884.2953,303,10,803.4436,884.2953,944.381
load_26,2014-03-26 10:00:00,1632.9,1563.978,303,11,1468.4125,1563.978,1656.6993
load_26,2014-03-26 11:00:00,2106.0,2091.1357,303,12,1985.5479,2091.1357,2183.9102
load_26,2014-03-26 12:00:00,2088.9,2220.7563,303,13,2123.7327,2220.7563,2299.3967
load_26,2014-03-26 13:00:00,2039.1,2257.8442,303,14,2150.213,2257.8442,2339.9814
load_26,2014-03-26 14:00:00,2331.9,2273.6084,303,15,2177.1343,2273.6084,2355.4668
load_26,2014-03-26 15:00:00,2320.5,2251.0159,303,16,2164.835,2251.0159,2337.8267
load_26,2014-03-26 16:00:00,2351.7,2282.3516,303,17,2174.496,2282.3516,2369.7285
load_26,2014-03-26 17:00:00,2331.6,2267.9692,303,18,2163.835,2267.9692,2368.317
load_26,2014-03-26 18:00:00,2378.1,2262.8608,303,19,2156.1963,2262.8608,2375.521
load_26,2014-03-26 19:00:00,2338.8,2244.3584,303,20,2111.387,2244.3584,2364.8674
load_26,2014-03-26 20:00:00,1899.3,1837.1208,303,21,1658.848,1837.1208,2011.4471
load_26,2014-03-26 21:00:00,983.7,914.9918,303,22,798.6799,914.9918,1046.4148
load_26,2014-03-26 22:00:00,726.9,657.9227,303,23,583.6813,657.9227,773.7113
load_26,2014-03-26 23:00:00,495.0,467.5468,303,24,417.45215,467.5468,529.4779
load_26,2014-03-27 00:00:00,419.4,406.63354,304,1,363.4729,406.63354,455.5935
load_26,2014-03-27 01:00:00,414.3,374.638,304,2,331.6068,374.638,424.5888
load_26,2014-03-27 02:00:00,352.2,358.66138,304,3,312.51355,358.66138,390.80603
load_26,2014-03-27 03:00:00,352.5,340.51862,304,4,300.13086,340.51862,377.364
load_26,2014-03-27 04:00:00,365.4,344.76923,304,5,305.69818,344.76923,381.27118
load_26,2014-03-27 05:00:00,344.7,351.68176,304,6,310.0088,351.68176,384.26886
load_26,2014-03-27 06:00:00,343.2,357.0448,304,7,314.03528,357.0448,387.3985
load_26,2014-03-27 07:00:00,400.2,408.69556,304,8,355.42096,408.69556,447.84802
load_26,2014-03-27 08:00:00,485.4,524.74817,304,9,461.49017,524.74817,591.5939
load_26,2014-03-27 09:00:00,889.2,939.0951,304,10,851.6339,939.0951,1006.1509
load_26,2014-03-27 10:00:00,1547.1,1584.2705,304,11,1473.3373,1584.2705,1695.2012
load_26,2014-03-27 11:00:00,2287.5,2095.3037,304,12,1970.9417,2095.3037,2217.6145
load_26,2014-03-27 12:00:00,2279.7,2210.5215,304,13,2088.8296,2210.5215,2313.5928
load_26,2014-03-27 13:00:00,2290.5,2238.262,304,14,2097.2136,2238.262,2345.6401
load_26,2014-03-27 14:00:00,2315.4,2279.2407,304,15,2159.2039,2279.2407,2380.933
load_26,2014-03-27 15:00:00,2304.0,2266.48,304,16,2160.9128,2266.48,2377.5503
load_26,2014-03-27 16:00:00,2303.1,2296.7202,304,17,2179.6143,2296.7202,2396.9521
load_26,2014-03-27 17:00:00,2270.7,2288.015,304,18,2172.071,2288.015,2405.9495
load_26,2014-03-27 18:00:00,2320.2,2286.7725,304,19,2167.8416,2286.7725,2412.9824
load_26,2014-03-27 19:00:00,2299.8,2256.394,304,20,2112.9644,2256.394,2391.1438
load_26,2014-03-27 20:00:00,1794.6,1887.925,304,21,1707.5876,1887.925,2058.5176
load_26,2014-03-27 21:00:00,939.9,974.87805,304,22,851.40674,974.87805,1098.1738
load_26,2014-03-27 22:00:00,704.7,673.43866,304,23,593.6789,673.43866,789.7748
load_26,2014-03-27 23:00:00,496.5,477.48328,304,24,418.18768,477.48328,548.88763
load_26,2014-03-28 00:00:00,458.7,403.9605,305,1,361.00574,403.9605,448.72882
load_26,2014-03-28 01:00:00,455.1,376.0484,305,2,336.52008,376.0484,423.59857
load_26,2014-03-28 02:00:00,417.9,364.69763,305,3,322.26062,364.69763,392.22943
load_26,2014-03-28 03:00:00,418.2,345.80267,305,4,308.83746,345.80267,378.90765
load_26,2014-03-28 04:00:00,451.8,354.62903,305,5,318.69318,354.62903,387.71606
load_26,2014-03-28 05:00:00,426.9,357.60406,305,6,319.29523,357.60406,387.82233
load_26,2014-03-28 06:00:00,391.8,362.34772,305,7,321.81055,362.34772,389.6941
load_26,2014-03-28 07:00:00,419.7,405.3346,305,8,354.80432,405.3346,442.6781
load_26,2014-03-28 08:00:00,503.4,527.2102,305,9,465.28394,527.2102,597.10486
load_26,2014-03-28 09:00:00,860.4,942.5438,305,10,846.72754,942.5438,1019.48944
load_26,2014-03-28 10:00:00,1429.8,1572.7319,305,11,1466.0796,1572.7319,1684.2161
load_26,2014-03-28 11:00:00,2258.4,2131.354,305,12,2028.9653,2131.354,2230.2832
load_26,2014-03-28 12:00:00,2346.3,2225.107,305,13,2115.4082,2225.107,2312.6401
load_26,2014-03-28 13:00:00,2341.8,2252.0854,305,14,2127.3894,2252.0854,2344.0527
load_26,2014-03-28 14:00:00,2329.5,2286.541,305,15,2178.9185,2286.541,2372.6758
load_26,2014-03-28 15:00:00,2321.4,2265.3564,305,16,2169.8706,2265.3564,2360.4248
load_26,2014-03-28 16:00:00,2304.0,2298.7437,305,17,2189.8884,2298.7437,2386.357
load_26,2014-03-28 17:00:00,2301.9,2284.8335,305,18,2178.86,2284.8335,2384.915
load_26,2014-03-28 18:00:00,2359.5,2284.3003,305,19,2176.8875,2284.3003,2397.051
load_26,2014-03-28 19:00:00,2305.5,2275.2688,305,20,2143.4126,2275.2688,2396.4214
load_26,2014-03-28 20:00:00,2289.6,1919.7179,305,21,1726.3638,1919.7179,2080.5496
load_26,2014-03-28 21:00:00,1283.4,989.7798,305,22,856.00287,989.7798,1136.9517
load_26,2014-03-28 22:00:00,731.7,685.2547,305,23,602.8655,685.2547,812.68726
load_26,2014-03-28 23:00:00,493.5,485.23053,305,24,430.37494,485.23053,553.8806
load_26,2014-03-31 00:00:00,384.0,425.23877,306,1,367.00342,425.23877,477.49786
load_26,2014-03-31 01:00:00,396.6,393.31586,306,2,339.30804,393.31586,452.31494
load_26,2014-03-31 02:00:00,343.8,374.17078,306,3,318.1137,374.17078,417.19623
load_26,2014-03-31 03:00:00,341.4,358.65594,306,4,308.20154,358.65594,409.35626
load_26,2014-03-31 04:00:00,357.9,364.59814,306,5,314.75317,364.59814,415.19995
load_26,2014-03-31 05:00:00,338.7,368.23224,306,6,316.82532,368.23224,414.28186
load_26,2014-03-31 06:00:00,333.9,371.80695,306,7,318.4131,371.80695,417.55573
load_26,2014-03-31 07:00:00,390.9,407.14117,306,8,343.71313,407.14117,458.77405
load_26,2014-03-31 08:00:00,493.2,518.4223,306,9,443.43304,518.4223,595.97614
load_26,2014-03-31 09:00:00,859.5,910.7344,306,10,804.78876,910.7344,1005.4955
load_26,2014-03-31 10:00:00,1457.7,1551.9944,306,11,1415.7001,1551.9944,1696.3533
load_26,2014-03-31 11:00:00,2209.5,2169.185,306,12,2039.1942,2169.185,2279.7676
load_26,2014-03-31 12:00:00,2288.7,2262.611,306,13,2138.793,2262.611,2366.9126
load_26,2014-03-31 13:00:00,2268.6,2276.732,306,14,2139.4,2276.732,2380.7432
load_26,2014-03-31 14:00:00,2261.4,2294.4675,306,15,2174.0498,2294.4675,2393.739
load_26,2014-03-31 15:00:00,2252.1,2274.275,306,16,2165.4785,2274.275,2382.246
load_26,2014-03-31 16:00:00,2300.7,2301.2178,306,17,2170.4666,2301.2178,2405.664
load_26,2014-03-31 17:00:00,2289.9,2288.4832,306,18,2162.3047,2288.4832,2405.0679
load_26,2014-03-31 18:00:00,2340.9,2285.7085,306,19,2155.0796,2285.7085,2418.0493
load_26,2014-03-31 19:00:00,2290.2,2269.5762,306,20,2096.6313,2269.5762,2414.4692
load_26,2014-03-31 20:00:00,1783.5,1968.4016,306,21,1719.5995,1968.4016,2146.3618
load_26,2014-03-31 21:00:00,932.1,1005.51404,306,22,846.60364,1005.51404,1183.1803
load_26,2014-03-31 22:00:00,680.7,672.38324,306,23,564.8571,672.38324,818.839
load_26,2014-03-31 23:00:00,457.2,491.93713,306,24,416.98938,491.93713,578.6118
load_26,2014-04-01 00:00:00,435.3,397.78424,307,1,351.98273,397.78424,444.031
load_26,2014-04-01 01:00:00,457.5,376.7536,307,2,335.1458,376.7536,425.53906
load_26,2014-04-01 02:00:00,425.7,364.56158,307,3,320.69287,364.56158,393.93964
load_26,2014-04-01 03:00:00,421.8,353.80444,307,4,314.71912,353.80444,390.62866
load_26,2014-04-01 04:00:00,426.6,358.2467,307,5,320.73126,358.2467,394.10962
load_26,2014-04-01 05:00:00,382.2,361.6974,307,6,320.29846,361.6974,392.75598
load_26,2014-04-01 06:00:00,338.1,362.32422,307,7,319.062,362.32422,390.69696
load_26,2014-04-01 07:00:00,366.3,395.87152,307,8,347.37994,395.87152,436.60303
load_26,2014-04-01 08:00:00,1315.5,512.3445,307,9,448.84406,512.3445,583.90045
load_26,2014-04-01 09:00:00,1206.3,910.6456,307,10,806.9115,910.6456,996.622
load_26,2014-04-01 10:00:00,2073.3,1525.0492,307,11,1407.0348,1525.0492,1649.8987
load_26,2014-04-01 11:00:00,2397.0,2185.0425,307,12,2076.1948,2185.0425,2266.7246
load_26,2014-04-01 12:00:00,2358.0,2251.3054,307,13,2148.9385,2251.3054,2333.737
load_26,2014-04-01 13:00:00,2315.1,2264.1802,307,14,2153.3687,2264.1802,2346.4465
load_26,2014-04-01 14:00:00,2262.3,2288.7363,307,15,2189.6777,2288.7363,2367.64
load_26,2014-04-01 15:00:00,2260.2,2270.6326,307,16,2181.5605,2270.6326,2358.248
load_26,2014-04-01 16:00:00,2264.4,2300.5337,307,17,2188.4329,2300.5337,2388.9026
load_26,2014-04-01 17:00:00,2248.2,2287.8118,307,18,2179.283,2287.8118,2388.7866
load_26,2014-04-01 18:00:00,2275.8,2281.7227,307,19,2169.584,2281.7227,2396.5186
load_26,2014-04-01 19:00:00,2244.9,2265.014,307,20,2115.5266,2265.014,2389.4268
load_26,2014-04-01 20:00:00,1793.7,1945.9283,307,21,1720.0422,1945.9283,2109.7505
load_26,2014-04-01 21:00:00,930.6,1007.26355,307,22,854.29376,1007.26355,1172.7474
load_26,2014-04-01 22:00:00,655.5,668.48425,307,23,574.35956,668.48425,804.68774
load_26,2014-04-01 23:00:00,424.5,475.20056,307,24,414.12164,475.20056,545.9527
load_26,2014-04-02 00:00:00,378.6,402.88123,308,1,351.6209,402.88123,455.61908
load_26,2014-04-02 01:00:00,378.9,383.45465,308,2,336.1723,383.45465,438.29865
load_26,2014-04-02 02:00:00,344.7,383.13702,308,3,331.54974,383.13702,421.09515
load_26,2014-04-02 03:00:00,341.1,361.14075,308,4,312.55237,361.14075,410.45612
load_26,2014-04-02 04:00:00,354.0,367.0008,308,5,321.4226,367.0008,418.85895
load_26,2014-04-02 05:00:00,322.8,360.24207,308,6,311.61,360.24207,405.583
load_26,2014-04-02 06:00:00,324.6,364.13885,308,7,312.80664,364.13885,409.41168
load_26,2014-04-02 07:00:00,378.3,412.3916,308,8,351.17706,412.3916,471.3711
load_26,2014-04-02 08:00:00,504.3,619.87256,308,9,516.05524,619.87256,726.5996
load_26,2014-04-02 09:00:00,930.0,963.40405,308,10,829.4024,963.40405,1111.2207
load_26,2014-04-02 10:00:00,1639.8,1631.3687,308,11,1500.0376,1631.3687,1789.334
load_26,2014-04-02 11:00:00,2310.9,2245.409,308,12,2134.7559,2245.409,2324.0908
load_26,2014-04-02 12:00:00,2325.3,2284.0818,308,13,2186.6047,2284.0818,2364.13
load_26,2014-04-02 13:00:00,2293.8,2280.6821,308,14,2178.2056,2280.6821,2360.2036
load_26,2014-04-02 14:00:00,2296.2,2290.451,308,15,2197.0383,2290.451,2371.263
load_26,2014-04-02 15:00:00,2267.1,2269.9885,308,16,2179.0076,2269.9885,2355.5525
load_26,2014-04-02 16:00:00,2239.2,2281.4688,308,17,2175.9739,2281.4688,2366.2961
load_26,2014-04-02 17:00:00,2212.5,2269.9558,308,18,2167.0127,2269.9558,2367.357
load_26,2014-04-02 18:00:00,2245.2,2271.9124,308,19,2167.4558,2271.9124,2382.2124
load_26,2014-04-02 19:00:00,2230.2,2258.609,308,20,2141.1333,2258.609,2371.9458
load_26,2014-04-02 20:00:00,1812.6,1818.1841,308,21,1650.4858,1818.1841,1998.0591
load_26,2014-04-02 21:00:00,961.5,928.6483,308,22,820.5052,928.6483,1061.3267
load_26,2014-04-02 22:00:00,754.2,655.64935,308,23,581.2997,655.64935,770.7965
load_26,2014-04-02 23:00:00,525.6,482.4823,308,24,422.81085,482.4823,563.88293
load_26,2014-04-03 00:00:00,456.9,401.94586,309,1,354.417,401.94586,451.5475
load_26,2014-04-03 01:00:00,433.2,377.9978,309,2,333.48187,377.9978,434.8396
load_26,2014-04-03 02:00:00,371.1,366.86865,309,3,317.43634,366.86865,406.42328
load_26,2014-04-03 03:00:00,328.5,347.91187,309,4,303.7575,347.91187,396.44855
load_26,2014-04-03 04:00:00,321.0,354.65808,309,5,311.22186,354.65808,410.33148
load_26,2014-04-03 05:00:00,318.9,352.7127,309,6,306.67175,352.7127,403.64508
load_26,2014-04-03 06:00:00,326.4,358.177,309,7,308.352,358.177,414.5288
load_26,2014-04-03 07:00:00,375.0,389.04242,309,8,338.53296,389.04242,467.46515
load_26,2014-04-03 08:00:00,642.0,568.2713,309,9,478.52557,568.2713,715.0715
load_26,2014-04-03 09:00:00,999.3,927.68787,309,10,772.908,927.68787,1129.8593
load_26,2014-04-03 10:00:00,1732.5,1573.5508,309,11,1405.4628,1573.5508,1791.706
load_26,2014-04-03 11:00:00,2090.1,2228.4521,309,12,2100.9338,2228.4521,2320.575
load_26,2014-04-03 12:00:00,2105.4,2253.3188,309,13,2139.14,2253.3188,2343.089
load_26,2014-04-03 13:00:00,2268.0,2249.954,309,14,2126.5125,2249.954,2338.0938
load_26,2014-04-03 14:00:00,2376.6,2262.0918,309,15,2163.5156,2262.0918,2340.008
load_26,2014-04-03 15:00:00,2373.3,2249.9092,309,16,2158.2766,2249.9092,2339.2358
load_26,2014-04-03 16:00:00,2397.6,2270.594,309,17,2132.4539,2270.594,2365.3848
load_26,2014-04-03 17:00:00,2342.4,2249.4128,309,18,2128.7295,2249.4128,2357.273
load_26,2014-04-03 18:00:00,2354.7,2233.5918,309,19,2109.0566,2233.5918,2359.814
load_26,2014-04-03 19:00:00,2331.0,2223.0178,309,20,2057.4922,2223.0178,2351.9717
load_26,2014-04-03 20:00:00,1832.1,1867.1996,309,21,1619.7886,1867.1996,2064.242
load_26,2014-04-03 21:00:00,925.2,947.005,309,22,802.7429,947.005,1142.6536
load_26,2014-04-03 22:00:00,699.3,672.7948,309,23,569.61676,672.7948,852.82947
load_26,2014-04-03 23:00:00,463.8,483.95636,309,24,407.18555,483.95636,593.29114
load_26,2014-04-04 00:00:00,401.7,415.88696,310,1,362.06116,415.88696,461.07245
load_26,2014-04-04 01:00:00,401.4,387.67798,310,2,336.0619,387.67798,444.6281
load_26,2014-04-04 02:00:00,352.8,372.09302,310,3,318.13422,372.09302,413.9248
load_26,2014-04-04 03:00:00,345.0,344.69757,310,4,296.10388,344.69757,396.6302
load_26,2014-04-04 04:00:00,376.5,353.6648,310,5,305.7246,353.6648,408.1358
load_26,2014-04-04 05:00:00,342.9,348.4665,310,6,297.365,348.4665,397.16553
load_26,2014-04-04 06:00:00,331.2,350.68652,310,7,297.42157,350.68652,400.41382
load_26,2014-04-04 07:00:00,378.6,391.1364,310,8,330.03778,391.1364,453.02216
load_26,2014-04-04 08:00:00,506.1,562.6331,310,9,466.99457,562.6331,681.242
load_26,2014-04-04 09:00:00,860.7,940.2698,310,10,796.30365,940.2698,1090.56
load_26,2014-04-04 10:00:00,1502.1,1599.4088,310,11,1438.1566,1599.4088,1773.9141
load_26,2014-04-04 11:00:00,2181.0,2221.6724,310,12,2081.2527,2221.6724,2306.8608
load_26,2014-04-04 12:00:00,2326.2,2265.5708,310,13,2122.1152,2265.5708,2357.3774
load_26,2014-04-04 13:00:00,2323.5,2284.751,310,14,2139.6445,2284.751,2375.656
load_26,2014-04-04 14:00:00,2325.0,2310.284,310,15,2194.5898,2310.284,2391.73
load_26,2014-04-04 15:00:00,2359.8,2287.96,310,16,2183.4282,2287.96,2380.4492
load_26,2014-04-04 16:00:00,2381.7,2310.4668,310,17,2179.2485,2310.4668,2403.5286
load_26,2014-04-04 17:00:00,2364.0,2288.7837,310,18,2169.3613,2288.7837,2392.9878
load_26,2014-04-04 18:00:00,2431.5,2272.9512,310,19,2152.9443,2272.9512,2393.5063
load_26,2014-04-04 19:00:00,2364.3,2266.8047,310,20,2106.8574,2266.8047,2394.0054
load_26,2014-04-04 20:00:00,2328.3,1853.1481,310,21,1620.9427,1853.1481,2049.2698
load_26,2014-04-04 21:00:00,1236.9,955.4854,310,22,813.7527,955.4854,1124.0787
load_26,2014-04-04 22:00:00,709.2,689.5463,310,23,591.5711,689.5463,830.907
load_26,2014-04-04 23:00:00,476.7,505.49445,310,24,434.8996,505.49445,588.72534
load_26,2014-04-07 00:00:00,415.2,393.79028,311,1,338.5669,393.79028,455.9427
load_26,2014-04-07 01:00:00,405.3,374.8405,311,2,325.35822,374.8405,441.18634
load_26,2014-04-07 02:00:00,333.9,365.15875,311,3,313.08252,365.15875,414.2088
load_26,2014-04-07 03:00:00,332.4,341.64752,311,4,293.3271,341.64752,398.46497
load_26,2014-04-07 04:00:00,327.9,349.44336,311,5,303.30505,349.44336,414.2787
load_26,2014-04-07 05:00:00,318.3,347.66547,311,6,298.2456,347.66547,404.3849
load_26,2014-04-07 06:00:00,334.2,356.3723,311,7,304.1236,356.3723,419.99634
load_26,2014-04-07 07:00:00,384.3,375.37067,311,8,324.66815,375.37067,457.07758
load_26,2014-04-07 08:00:00,482.4,545.13086,311,9,454.8808,545.13086,699.1379
load_26,2014-04-07 09:00:00,844.2,904.996,311,10,764.4951,904.996,1097.6772
load_26,2014-04-07 10:00:00,1605.6,1585.0935,311,11,1433.317,1585.0935,1802.8276
load_26,2014-04-07 11:00:00,2299.2,2231.4487,311,12,2108.835,2231.4487,2339.2778
load_26,2014-04-07 12:00:00,2301.3,2272.0361,311,13,2163.6658,2272.0361,2382.129
load_26,2014-04-07 13:00:00,2305.8,2283.3213,311,14,2182.5112,2283.3213,2391.4116
load_26,2014-04-07 14:00:00,2300.4,2311.5823,311,15,2211.0083,2311.5823,2411.6665
load_26,2014-04-07 15:00:00,2264.4,2299.9246,311,16,2211.4585,2299.9246,2413.3757
load_26,2014-04-07 16:00:00,2279.7,2325.7344,311,17,2211.9958,2325.7344,2434.4443
load_26,2014-04-07 17:00:00,2198.7,2308.314,311,18,2193.8752,2308.314,2429.8171
load_26,2014-04-07 18:00:00,2251.8,2297.5137,311,19,2184.208,2297.5137,2436.9707
load_26,2014-04-07 19:00:00,2208.9,2276.8198,311,20,2130.8936,2276.8198,2426.1755
load_26,2014-04-07 20:00:00,1768.8,1966.6866,311,21,1727.4614,1966.6866,2159.304
load_26,2014-04-07 21:00:00,927.6,992.313,311,22,838.59534,992.313,1203.8623
load_26,2014-04-07 22:00:00,692.1,676.9907,311,23,579.6615,676.9907,856.0382
load_26,2014-04-07 23:00:00,436.2,483.82202,311,24,416.37787,483.82202,585.9992
load_26,2014-04-08 00:00:00,387.9,390.4369,312,1,340.60266,390.4369,439.12585
load_26,2014-04-08 01:00:00,387.6,371.4715,312,2,326.58948,371.4715,421.08612
load_26,2014-04-08 02:00:00,351.9,367.92297,312,3,320.96423,367.92297,399.8131
load_26,2014-04-08 03:00:00,337.8,344.695,312,4,301.4419,344.695,385.062
load_26,2014-04-08 04:00:00,355.8,350.32532,312,5,309.1806,350.32532,391.45605
load_26,2014-04-08 05:00:00,354.0,345.4801,312,6,301.6839,345.4801,379.09088
load_26,2014-04-08 06:00:00,341.4,349.2793,312,7,304.18243,349.2793,381.64984
load_26,2014-04-08 07:00:00,363.3,373.28156,312,8,328.531,373.28156,422.60138
load_26,2014-04-08 08:00:00,498.3,543.6686,312,9,467.49274,543.6686,633.31555
load_26,2014-04-08 09:00:00,840.0,914.8236,312,10,800.44556,914.8236,1021.2521
load_26,2014-04-08 10:00:00,1736.1,1601.9407,312,11,1480.202,1601.9407,1731.1001
load_26,2014-04-08 11:00:00,2222.7,2221.5254,312,12,2107.3445,2221.5254,2304.3472
load_26,2014-04-08 12:00:00,2229.6,2267.9722,312,13,2163.1497,2267.9722,2354.2134
load_26,2014-04-08 13:00:00,2225.7,2272.102,312,14,2163.0781,2272.102,2358.8628
load_26,2014-04-08 14:00:00,2205.3,2276.9604,312,15,2180.615,2276.9604,2367.044
load_26,2014-04-08 15:00:00,2187.0,2256.2544,312,16,2162.5188,2256.2544,2347.6191
load_26,2014-04-08 16:00:00,2226.9,2271.288,312,17,2155.3328,2271.288,2363.3892
load_26,2014-04-08 17:00:00,2220.0,2249.968,312,18,2133.0483,2249.968,2355.3623
load_26,2014-04-08 18:00:00,2219.4,2234.4634,312,19,2118.1416,2234.4634,2357.1348
load_26,2014-04-08 19:00:00,2166.6,2225.9736,312,20,2077.4863,2225.9736,2352.2573
load_26,2014-04-08 20:00:00,1914.6,1856.4219,312,21,1650.4653,1856.4219,2039.3918
load_26,2014-04-08 21:00:00,921.0,949.53186,312,22,821.74615,949.53186,1098.7216
load_26,2014-04-08 22:00:00,681.3,670.3734,312,23,587.7553,670.3734,797.5321
load_26,2014-04-08 23:00:00,450.6,478.36505,312,24,418.05847,478.36505,553.29407
load_26,2014-04-09 00:00:00,417.6,380.28345,313,1,337.50397,380.28345,423.9469
load_26,2014-04-09 01:00:00,420.0,361.56952,313,2,324.48413,361.56952,406.1856
load_26,2014-04-09 02:00:00,357.9,357.54938,313,3,318.1079,357.54938,385.05774
load_26,2014-04-09 03:00:00,392.1,336.4994,313,4,300.54395,336.4994,369.83936
load_26,2014-04-09 04:00:00,472.5,339.7102,313,5,305.6919,339.7102,375.4228
load_26,2014-04-09 05:00:00,430.5,339.2107,313,6,302.86536,339.2107,370.2555
load_26,2014-04-09 06:00:00,417.9,347.86908,313,7,308.33826,347.86908,382.10242
load_26,2014-04-09 07:00:00,384.9,361.22015,313,8,323.92987,361.22015,410.0246
load_26,2014-04-09 08:00:00,495.9,515.26996,313,9,445.98322,515.26996,624.9879
load_26,2014-04-09 09:00:00,851.7,888.87085,313,10,771.8025,888.87085,1026.3154
load_26,2014-04-09 10:00:00,1647.6,1665.4675,313,11,1553.4337,1665.4675,1811.0066
load_26,2014-04-09 11:00:00,2168.7,2207.2095,313,12,2116.8567,2207.2095,2280.448
load_26,2014-04-09 12:00:00,2191.8,2230.9048,313,13,2149.563,2230.9048,2303.332
load_26,2014-04-09 13:00:00,2194.8,2242.9844,313,14,2169.9868,2242.9844,2316.6475
load_26,2014-04-09 14:00:00,2207.4,2263.709,313,15,2187.9585,2263.709,2331.5781
load_26,2014-04-09 15:00:00,2233.2,2242.7266,313,16,2170.7717,2242.7266,2320.8564
load_26,2014-04-09 16:00:00,2194.5,2254.8022,313,17,2163.3105,2254.8022,2332.7131
load_26,2014-04-09 17:00:00,2214.9,2237.371,313,18,2147.67,2237.371,2329.5618
load_26,2014-04-09 18:00:00,2215.8,2224.8887,313,19,2139.6958,2224.8887,2331.9746
load_26,2014-04-09 19:00:00,2205.9,2208.0938,313,20,2116.3608,2208.0938,2312.3423
load_26,2014-04-09 20:00:00,1809.0,1841.666,313,21,1707.8647,1841.666,2001.1172
load_26,2014-04-09 21:00:00,974.1,921.91296,313,22,820.64215,921.91296,1050.1638
load_26,2014-04-09 22:00:00,711.0,661.6499,313,23,596.0778,661.6499,787.9143
load_26,2014-04-09 23:00:00,492.9,463.93494,313,24,412.6662,463.93494,541.0954
load_26,2014-04-10 00:00:00,456.9,411.8357,314,1,359.79785,411.8357,461.91937
load_26,2014-04-10 01:00:00,454.8,384.2395,314,2,336.89313,384.2395,437.90283
load_26,2014-04-10 02:00:00,407.4,374.51733,314,3,324.44476,374.51733,412.01245
load_26,2014-04-10 03:00:00,383.1,353.5766,314,4,307.92676,353.5766,398.49127
load_26,2014-04-10 04:00:00,455.7,363.9193,314,5,320.36737,363.9193,410.4732
load_26,2014-04-10 05:00:00,459.6,365.27795,314,6,319.95868,365.27795,405.23187
load_26,2014-04-10 06:00:00,387.9,368.94653,314,7,321.53082,368.94653,408.76013
load_26,2014-04-10 07:00:00,376.5,376.16205,314,8,329.7348,376.16205,427.71973
load_26,2014-04-10 08:00:00,509.4,515.0749,314,9,440.71222,515.0749,595.72986
load_26,2014-04-10 09:00:00,870.3,893.61536,314,10,785.1316,893.61536,990.1518
load_26,2014-04-10 10:00:00,1611.9,1653.3848,314,11,1523.8256,1653.3848,1777.8282
load_26,2014-04-10 11:00:00,2211.3,2181.685,314,12,2064.2183,2181.685,2267.8313
load_26,2014-04-10 12:00:00,2243.7,2215.5322,314,13,2106.094,2215.5322,2304.1692
load_26,2014-04-10 13:00:00,2241.6,2219.731,314,14,2106.6292,2219.731,2309.9082
load_26,2014-04-10 14:00:00,2253.6,2227.5088,314,15,2129.8398,2227.5088,2324.5024
load_26,2014-04-10 15:00:00,2205.9,2214.0608,314,16,2117.2632,2214.0608,2308.4731
load_26,2014-04-10 16:00:00,2215.8,2227.2986,314,17,2116.9644,2227.2986,2318.6238
load_26,2014-04-10 17:00:00,2249.7,2210.7932,314,18,2101.1812,2210.7932,2314.1016
load_26,2014-04-10 18:00:00,2316.9,2193.108,314,19,2082.0984,2193.108,2312.8833
load_26,2014-04-10 19:00:00,2222.7,2186.9495,314,20,2056.5962,2186.9495,2305.174
load_26,2014-04-10 20:00:00,1761.9,1865.2102,314,21,1703.571,1865.2102,2019.4913
load_26,2014-04-10 21:00:00,933.6,942.06256,314,22,831.57367,942.06256,1064.8318
load_26,2014-04-10 22:00:00,692.7,681.9065,314,23,603.85547,681.9065,798.76526
load_26,2014-04-10 23:00:00,476.7,487.2265,314,24,424.28125,487.2265,563.6172
load_26,2014-04-11 00:00:00,425.1,412.1139,315,1,364.2572,412.1139,462.87512
load_26,2014-04-11 01:00:00,443.7,388.94214,315,2,341.55658,388.94214,443.00256
load_26,2014-04-11 02:00:00,379.8,377.89783,315,3,327.66095,377.89783,415.5061
load_26,2014-04-11 03:00:00,356.7,355.9618,315,4,309.31537,355.9618,401.2741
load_26,2014-04-11 04:00:00,369.6,372.58777,315,5,330.15552,372.58777,417.06476
load_26,2014-04-11 05:00:00,376.5,374.112,315,6,331.1809,374.112,414.14978
load_26,2014-04-11 06:00:00,378.3,370.49866,315,7,322.6808,370.49866,409.51257
load_26,2014-04-11 07:00:00,398.7,374.22223,315,8,327.9759,374.22223,421.6648
load_26,2014-04-11 08:00:00,505.2,524.44904,315,9,459.28992,524.44904,595.5874
load_26,2014-04-11 09:00:00,875.7,888.82654,315,10,800.3051,888.82654,961.4992
load_26,2014-04-11 10:00:00,1523.7,1629.613,315,11,1525.4556,1629.613,1732.5156
load_26,2014-04-11 11:00:00,2065.5,2178.8455,315,12,2081.7495,2178.8455,2246.2224
load_26,2014-04-11 12:00:00,2206.8,2215.0288,315,13,2125.2192,2215.0288,2286.815
load_26,2014-04-11 13:00:00,2267.1,2227.6118,315,14,2141.5007,2227.6118,2301.042
load_26,2014-04-11 14:00:00,2296.8,2239.8572,315,15,2156.3628,2239.8572,2318.4822
load_26,2014-04-11 15:00:00,2284.8,2223.1816,315,16,2140.5615,2223.1816,2302.1143
load_26,2014-04-11 16:00:00,2364.0,2240.343,315,17,2136.6106,2240.343,2323.3442
load_26,2014-04-11 17:00:00,2362.2,2225.747,315,18,2123.8008,2225.747,2321.2715
load_26,2014-04-11 18:00:00,2328.0,2215.5698,315,19,2113.518,2215.5698,2325.1138
load_26,2014-04-11 19:00:00,2295.0,2205.5742,315,20,2089.321,2205.5742,2310.8003
load_26,2014-04-11 20:00:00,2274.9,1849.0388,315,21,1695.151,1849.0388,2005.2913
load_26,2014-04-11 21:00:00,1260.0,955.2798,315,22,845.25916,955.2798,1077.2974
load_26,2014-04-11 22:00:00,740.4,690.7395,315,23,613.17523,690.7395,809.03796
load_26,2014-04-11 23:00:00,483.6,498.9237,315,24,436.2202,498.9237,577.397
load_26,2014-04-14 00:00:00,405.6,416.4876,316,1,367.36322,416.4876,466.24017
load_26,2014-04-14 01:00:00,403.2,390.5918,316,2,344.63458,390.5918,442.51245
load_26,2014-04-14 02:00:00,343.2,377.83746,316,3,329.30066,377.83746,412.08405
load_26,2014-04-14 03:00:00,344.4,354.14728,316,4,309.59393,354.14728,393.766
load_26,2014-04-14 04:00:00,360.3,370.42474,316,5,328.31177,370.42474,413.5426
load_26,2014-04-14 05:00:00,359.7,374.9422,316,6,332.46527,374.9422,412.14648
load_26,2014-04-14 06:00:00,355.8,379.33856,316,7,333.8349,379.33856,416.25378
load_26,2014-04-14 07:00:00,380.4,387.11163,316,8,340.54718,387.11163,431.2901
load_26,2014-04-14 08:00:00,550.5,518.60675,316,9,456.43304,518.60675,588.85425
load_26,2014-04-14 09:00:00,850.8,894.6695,316,10,807.64874,894.6695,965.6725
load_26,2014-04-14 10:00:00,1860.3,1636.2305,316,11,1523.8123,1636.2305,1743.5579
load_26,2014-04-14 11:00:00,2251.8,2197.521,316,12,2084.6738,2197.521,2291.0356
load_26,2014-04-14 12:00:00,2282.4,2246.212,316,13,2138.558,2246.212,2342.2107
load_26,2014-04-14 13:00:00,2293.5,2254.2087,316,14,2145.015,2254.2087,2352.1968
load_26,2014-04-14 14:00:00,2285.4,2265.841,316,15,2167.563,2265.841,2368.8809
load_26,2014-04-14 15:00:00,2269.5,2249.102,316,16,2153.8596,2249.102,2350.9888
load_26,2014-04-14 16:00:00,2446.8,2270.1643,316,17,2153.161,2270.1643,2375.1777
load_26,2014-04-14 17:00:00,2463.9,2255.614,316,18,2139.3628,2255.614,2376.8655
load_26,2014-04-14 18:00:00,2407.8,2245.689,316,19,2126.3347,2245.689,2381.8704
load_26,2014-04-14 19:00:00,2256.0,2218.7979,316,20,2069.2773,2218.7979,2362.6775
load_26,2014-04-14 20:00:00,1784.4,1936.7498,316,21,1733.6322,1936.7498,2107.452
load_26,2014-04-14 21:00:00,936.0,1007.3646,316,22,868.51624,1007.3646,1155.6509
load_26,2014-04-14 22:00:00,703.8,702.7512,316,23,616.2896,702.7512,831.9958
load_26,2014-04-14 23:00:00,495.6,494.98596,316,24,431.55444,494.98596,572.6925
load_26,2014-04-15 00:00:00,437.7,411.36115,317,1,361.76294,411.36115,459.97235
load_26,2014-04-15 01:00:00,419.1,386.24695,317,2,342.536,386.24695,435.78613
load_26,2014-04-15 02:00:00,350.4,376.61194,317,3,330.43335,376.61194,408.8902
load_26,2014-04-15 03:00:00,345.3,358.5401,317,4,315.76288,358.5401,397.7829
load_26,2014-04-15 04:00:00,365.4,370.7124,317,5,331.76642,370.7124,409.2458
load_26,2014-04-15 05:00:00,358.8,377.1717,317,6,337.10272,377.1717,410.63177
load_26,2014-04-15 06:00:00,346.2,377.86713,317,7,334.4981,377.86713,408.43127
load_26,2014-04-15 07:00:00,379.5,381.2182,317,8,341.52405,381.2182,420.77502
load_26,2014-04-15 08:00:00,547.8,508.11993,317,9,451.2824,508.11993,563.84784
load_26,2014-04-15 09:00:00,889.8,876.36884,317,10,798.7193,876.36884,940.97015
load_26,2014-04-15 10:00:00,1908.6,1660.6827,317,11,1555.9772,1660.6827,1755.4319
load_26,2014-04-15 11:00:00,2244.6,2191.42,317,12,2090.47,2191.42,2280.6362
load_26,2014-04-15 12:00:00,2249.1,2252.8484,317,13,2155.4634,2252.8484,2339.275
load_26,2014-04-15 13:00:00,2273.4,2266.6396,317,14,2171.9575,2266.6396,2354.9282
load_26,2014-04-15 14:00:00,2289.0,2276.2979,317,15,2184.4492,2276.2979,2372.8755
load_26,2014-04-15 15:00:00,2271.3,2259.5017,317,16,2168.4421,2259.5017,2354.8738
load_26,2014-04-15 16:00:00,2280.3,2302.1948,317,17,2185.6943,2302.1948,2405.5493
load_26,2014-04-15 17:00:00,2247.0,2281.6917,317,18,2168.25,2281.6917,2401.0278
load_26,2014-04-15 18:00:00,2286.3,2258.7986,317,19,2139.9744,2258.7986,2391.5718
load_26,2014-04-15 19:00:00,2278.8,2225.7266,317,20,2081.0618,2225.7266,2356.3445
load_26,2014-04-15 20:00:00,1817.1,1925.4904,317,21,1737.7565,1925.4904,2092.3708
load_26,2014-04-15 21:00:00,921.0,997.50867,317,22,868.6237,997.50867,1136.9882
load_26,2014-04-15 22:00:00,687.0,684.1522,317,23,602.3969,684.1522,808.15515
load_26,2014-04-15 23:00:00,455.1,490.29883,317,24,431.18158,490.29883,565.1852
load_26,2014-04-16 00:00:00,411.0,408.128,318,1,367.9148,408.128,454.34747
load_26,2014-04-16 01:00:00,420.9,386.47095,318,2,346.85254,386.47095,430.69055
load_26,2014-04-16 02:00:00,359.1,374.44128,318,3,332.99158,374.44128,400.57196
load_26,2014-04-16 03:00:00,362.7,358.24896,318,4,319.7475,358.24896,390.42438
load_26,2014-04-16 04:00:00,397.5,369.51056,318,5,335.021,369.51056,403.72058
load_26,2014-04-16 05:00:00,396.9,378.41174,318,6,343.0298,378.41174,407.6792
load_26,2014-04-16 06:00:00,360.9,373.0047,318,7,333.5321,373.0047,398.6046
load_26,2014-04-16 07:00:00,389.4,379.87915,318,8,344.14777,379.87915,414.97144
load_26,2014-04-16 08:00:00,523.2,520.82965,318,9,471.14447,520.82965,578.2936
load_26,2014-04-16 09:00:00,851.1,885.20996,318,10,806.3447,885.20996,949.96643
load_26,2014-04-16 10:00:00,1678.8,1740.9272,318,11,1639.8179,1740.9272,1837.8997
load_26,2014-04-16 11:00:00,2235.9,2222.168,318,12,2138.7993,2222.168,2280.3315
load_26,2014-04-16 12:00:00,2242.8,2254.1963,318,13,2179.358,2254.1963,2315.8032
load_26,2014-04-16 13:00:00,2242.2,2262.8843,318,14,2192.007,2262.8843,2326.4229
load_26,2014-04-16 14:00:00,2269.5,2263.8687,318,15,2192.6443,2263.8687,2330.8396
load_26,2014-04-16 15:00:00,2278.8,2241.7134,318,16,2169.1416,2241.7134,2309.1128
load_26,2014-04-16 16:00:00,2396.7,2271.825,318,17,2178.4124,2271.825,2346.2915
load_26,2014-04-16 17:00:00,2318.1,2255.727,318,18,2167.2373,2255.727,2341.0654
load_26,2014-04-16 18:00:00,2255.4,2243.3894,318,19,2152.4473,2243.3894,2340.5105
load_26,2014-04-16 19:00:00,2258.1,2206.008,318,20,2109.8506,2206.008,2295.88
load_26,2014-04-16 20:00:00,1880.1,1825.948,318,21,1699.3386,1825.948,1976.4194
load_26,2014-04-16 21:00:00,987.9,951.433,318,22,854.68445,951.433,1060.3726
load_26,2014-04-16 22:00:00,741.3,682.0891,318,23,617.4412,682.0891,787.15
load_26,2014-04-16 23:00:00,510.0,486.56842,318,24,437.8529,486.56842,551.4692
load_26,2014-04-17 00:00:00,439.2,420.32666,319,1,379.10425,420.32666,468.16168
load_26,2014-04-17 01:00:00,414.6,397.02173,319,2,354.086,397.02173,443.11438
load_26,2014-04-17 02:00:00,359.1,379.495,319,3,335.8479,379.495,408.68262
load_26,2014-04-17 03:00:00,360.9,366.7011,319,4,326.4264,366.7011,402.005
load_26,2014-04-17 04:00:00,377.7,380.86163,319,5,343.9845,380.86163,418.08905
load_26,2014-04-17 05:00:00,363.6,387.75763,319,6,350.19037,387.75763,419.29315
load_26,2014-04-17 06:00:00,351.3,379.76404,319,7,337.37433,379.76404,407.88745
load_26,2014-04-17 07:00:00,402.6,379.39825,319,8,341.43835,379.39825,414.29712
load_26,2014-04-17 08:00:00,517.8,509.83264,319,9,458.31134,509.83264,564.88525
load_26,2014-04-17 09:00:00,873.6,873.3325,319,10,789.963,873.3325,942.5247
load_26,2014-04-17 10:00:00,1788.3,1709.1941,319,11,1599.5293,1709.1941,1811.7407
load_26,2014-04-17 11:00:00,2232.9,2203.895,319,12,2108.66,2203.895,2269.4346
load_26,2014-04-17 12:00:00,2251.5,2240.3877,319,13,2155.1914,2240.3877,2309.3296
load_26,2014-04-17 13:00:00,2255.1,2253.0068,319,14,2170.3052,2253.0068,2323.3784
load_26,2014-04-17 14:00:00,2276.4,2265.8428,319,15,2183.27,2265.8428,2337.4897
load_26,2014-04-17 15:00:00,2250.0,2249.8518,319,16,2170.5242,2249.8518,2325.4941
load_26,2014-04-17 16:00:00,2262.3,2292.6052,319,17,2190.6643,2292.6052,2375.7131
load_26,2014-04-17 17:00:00,2231.1,2272.253,319,18,2173.8992,2272.253,2364.8347
load_26,2014-04-17 18:00:00,2279.7,2247.696,319,19,2142.8696,2247.696,2355.3958
load_26,2014-04-17 19:00:00,2271.3,2221.235,319,20,2099.6143,2221.235,2324.5073
load_26,2014-04-17 20:00:00,1791.0,1875.6509,319,21,1723.8523,1875.6509,2029.7219
load_26,2014-04-17 21:00:00,920.4,957.44116,319,22,846.5343,957.44116,1074.171
load_26,2014-04-17 22:00:00,699.3,682.7185,319,23,604.9979,682.7185,797.2121
load_26,2014-04-17 23:00:00,479.4,488.57324,319,24,430.99463,488.57324,559.2188
load_26,2014-04-18 00:00:00,427.2,413.8747,320,1,372.9746,413.8747,457.8239
load_26,2014-04-18 01:00:00,412.5,389.3745,320,2,350.7249,389.3745,432.98663
load_26,2014-04-18 02:00:00,375.9,378.35266,320,3,338.4439,378.35266,403.31592
load_26,2014-04-18 03:00:00,345.6,365.38,320,4,328.1255,365.38,394.90234
load_26,2014-04-18 04:00:00,345.9,377.74634,320,5,344.43372,377.74634,408.59857
load_26,2014-04-18 05:00:00,339.9,386.47473,320,6,351.67047,386.47473,414.6917
load_26,2014-04-18 06:00:00,341.7,377.516,320,7,337.87836,377.516,400.31464
load_26,2014-04-18 07:00:00,402.3,382.3628,320,8,347.2271,382.3628,413.63977
load_26,2014-04-18 08:00:00,516.3,502.4323,320,9,452.3368,502.4323,560.30237
load_26,2014-04-18 09:00:00,871.8,852.87524,320,10,768.667,852.87524,926.35284
load_26,2014-04-18 10:00:00,1739.1,1700.0443,320,11,1597.8063,1700.0443,1793.1735
load_26,2014-04-18 11:00:00,2250.6,2202.8625,320,12,2121.8235,2202.8625,2256.0244
load_26,2014-04-18 12:00:00,2255.4,2236.1663,320,13,2164.5278,2236.1663,2293.6892
load_26,2014-04-18 13:00:00,2251.5,2249.0347,320,14,2180.5317,2249.0347,2308.9841
load_26,2014-04-18 14:00:00,2305.8,2261.3867,320,15,2191.308,2261.3867,2320.0034
load_26,2014-04-18 15:00:00,2295.0,2244.4673,320,16,2176.926,2244.4673,2308.1936
load_26,2014-04-18 16:00:00,2318.7,2291.939,320,17,2203.366,2291.939,2359.4956
load_26,2014-04-18 17:00:00,2309.1,2272.1487,320,18,2187.8884,2272.1487,2349.5334
load_26,2014-04-18 18:00:00,2333.7,2255.337,320,19,2167.69,2255.337,2345.872
load_26,2014-04-18 19:00:00,2312.7,2226.1313,320,20,2122.897,2226.1313,2312.5146
load_26,2014-04-18 20:00:00,2295.9,1860.2212,320,21,1705.6406,1860.2212,2013.9988
load_26,2014-04-18 21:00:00,1263.9,974.27325,320,22,856.6858,974.27325,1101.8428
load_26,2014-04-18 22:00:00,732.0,683.3362,320,23,607.6779,683.3362,800.49164
load_26,2014-04-18 23:00:00,465.6,494.278,320,24,443.91278,494.278,554.8582
load_26,2014-04-21 00:00:00,406.8,408.26147,321,1,361.90912,408.26147,454.01648
load_26,2014-04-21 01:00:00,415.2,382.26678,321,2,340.1501,382.26678,429.16925
load_26,2014-04-21 02:00:00,348.6,372.1394,321,3,328.26654,372.1394,400.5561
load_26,2014-04-21 03:00:00,349.8,356.19574,321,4,315.88245,356.19574,387.41608
load_26,2014-04-21 04:00:00,360.0,363.90277,321,5,326.22266,363.90277,399.6056
load_26,2014-04-21 05:00:00,360.0,369.39124,321,6,331.5589,369.39124,398.73175
load_26,2014-04-21 06:00:00,360.3,367.42572,321,7,326.1725,367.42572,394.64972
load_26,2014-04-21 07:00:00,399.9,384.63983,321,8,344.5066,384.63983,423.93036
load_26,2014-04-21 08:00:00,547.8,522.92804,321,9,465.05054,522.92804,593.04456
load_26,2014-04-21 09:00:00,842.4,894.9395,321,10,800.7099,894.9395,971.3379
load_26,2014-04-21 10:00:00,1663.8,1773.3015,321,11,1654.3931,1773.3015,1890.2661
load_26,2014-04-21 11:00:00,2205.3,2217.7964,321,12,2118.918,2217.7964,2289.4358
load_26,2014-04-21 12:00:00,2218.2,2252.0007,321,13,2159.0764,2252.0007,2328.482
load_26,2014-04-21 13:00:00,2221.2,2258.6606,321,14,2163.949,2258.6606,2338.064
load_26,2014-04-21 14:00:00,2324.4,2273.281,321,15,2185.9092,2273.281,2351.5864
load_26,2014-04-21 15:00:00,2239.2,2264.1443,321,16,2178.5513,2264.1443,2347.108
load_26,2014-04-21 16:00:00,2207.7,2311.4563,321,17,2203.4043,2311.4563,2399.017
load_26,2014-04-21 17:00:00,2184.0,2293.6362,321,18,2187.7173,2293.6362,2390.8665
load_26,2014-04-21 18:00:00,2201.4,2275.7993,321,19,2164.191,2275.7993,2387.5796
load_26,2014-04-21 19:00:00,2222.4,2248.5225,321,20,2101.0508,2248.5225,2365.2327
load_26,2014-04-21 20:00:00,1758.0,1912.6285,321,21,1702.0332,1912.6285,2080.8335
load_26,2014-04-21 21:00:00,910.2,986.2041,321,22,841.7967,986.2041,1147.8916
load_26,2014-04-21 22:00:00,689.4,700.1307,321,23,607.5901,700.1307,835.5803
load_26,2014-04-21 23:00:00,456.9,498.6704,321,24,439.83307,498.6704,567.5149
load_26,2014-04-22 00:00:00,414.9,402.74286,322,1,361.52924,402.74286,443.04053
load_26,2014-04-22 01:00:00,404.4,384.7591,322,2,347.5927,384.7591,426.90723
load_26,2014-04-22 02:00:00,374.7,377.3994,322,3,340.19653,377.3994,401.84027
load_26,2014-04-22 03:00:00,353.1,363.50092,322,4,329.50354,363.50092,392.48743
load_26,2014-04-22 04:00:00,382.5,365.20978,322,5,333.14404,365.20978,393.7965
load_26,2014-04-22 05:00:00,375.0,370.33374,322,6,336.59802,370.33374,395.338
load_26,2014-04-22 06:00:00,328.5,374.31677,322,7,337.9126,374.31677,395.80707
load_26,2014-04-22 07:00:00,374.1,390.0158,322,8,356.30634,390.0158,424.5163
load_26,2014-04-22 08:00:00,499.2,510.6548,322,9,460.68567,510.6548,572.3391
load_26,2014-04-22 09:00:00,883.5,856.21204,322,10,763.86017,856.21204,930.5934
load_26,2014-04-22 10:00:00,1738.5,1718.3685,322,11,1606.5754,1718.3685,1820.1064
load_26,2014-04-22 11:00:00,2268.3,2198.9734,322,12,2109.501,2198.9734,2258.8696
load_26,2014-04-22 12:00:00,2254.8,2226.5645,322,13,2141.345,2226.5645,2289.4292
load_26,2014-04-22 13:00:00,2233.5,2230.0024,322,14,2142.6353,2230.0024,2296.1216
load_26,2014-04-22 14:00:00,2232.3,2250.9668,322,15,2171.8774,2250.9668,2314.1968
load_26,2014-04-22 15:00:00,2209.5,2227.6177,322,16,2148.5986,2227.6177,2295.4573
load_26,2014-04-22 16:00:00,2220.6,2267.698,322,17,2171.822,2267.698,2337.415
load_26,2014-04-22 17:00:00,2219.7,2246.4763,322,18,2153.381,2246.4763,2326.539
load_26,2014-04-22 18:00:00,2248.5,2223.255,322,19,2124.4443,2223.255,2319.999
load_26,2014-04-22 19:00:00,2238.3,2209.302,322,20,2081.3728,2209.302,2301.0994
load_26,2014-04-22 20:00:00,1789.5,1878.3892,322,21,1692.8865,1878.3892,2032.1017
load_26,2014-04-22 21:00:00,920.1,961.29456,322,22,830.7733,961.29456,1099.6903
load_26,2014-04-22 22:00:00,672.9,667.7543,322,23,586.69763,667.7543,788.6926
load_26,2014-04-22 23:00:00,465.0,478.63898,322,24,426.95764,478.63898,536.31104
load_26,2014-04-23 00:00:00,406.8,400.5169,323,1,361.81146,400.5169,445.36414
load_26,2014-04-23 01:00:00,395.1,378.44464,323,2,340.6618,378.44464,421.78943
load_26,2014-04-23 02:00:00,351.6,369.54712,323,3,330.06567,369.54712,395.04858
load_26,2014-04-23 03:00:00,344.1,353.16852,323,4,316.57202,353.16852,383.2527
load_26,2014-04-23 04:00:00,361.8,358.94495,323,5,325.65613,358.94495,387.46838
load_26,2014-04-23 05:00:00,353.4,362.94446,323,6,328.28027,362.94446,388.4604
load_26,2014-04-23 06:00:00,349.8,359.05286,323,7,320.1645,359.05286,378.36383
load_26,2014-04-23 07:00:00,387.6,373.90057,323,8,339.41937,373.90057,405.59448
load_26,2014-04-23 08:00:00,509.4,505.40356,323,9,457.3047,505.40356,562.18335
load_26,2014-04-23 09:00:00,833.4,867.90173,323,10,790.27014,867.90173,929.8922
load_26,2014-04-23 10:00:00,1650.6,1741.9224,323,11,1642.5948,1741.9224,1835.7014
load_26,2014-04-23 11:00:00,2258.4,2201.7397,323,12,2121.592,2201.7397,2259.6978
load_26,2014-04-23 12:00:00,2271.9,2229.8113,323,13,2154.8,2229.8113,2291.7585
load_26,2014-04-23 13:00:00,2296.5,2235.4814,323,14,2162.9011,2235.4814,2300.0823
load_26,2014-04-23 14:00:00,2371.2,2256.969,323,15,2184.038,2256.969,2320.2593
load_26,2014-04-23 15:00:00,2396.7,2232.5723,323,16,2160.2222,2232.5723,2300.747
load_26,2014-04-23 16:00:00,2404.5,2249.5881,323,17,2159.6182,2249.5881,2318.662
load_26,2014-04-23 17:00:00,2331.0,2229.9316,323,18,2141.611,2229.9316,2310.6455
load_26,2014-04-23 18:00:00,2305.5,2212.7058,323,19,2122.4954,2212.7058,2308.7397
load_26,2014-04-23 19:00:00,2285.7,2207.1516,323,20,2104.2458,2207.1516,2299.8738
load_26,2014-04-23 20:00:00,1848.3,1821.9456,323,21,1680.9688,1821.9456,1971.8524
load_26,2014-04-23 21:00:00,969.0,939.2426,323,22,836.28125,939.2426,1047.7772
load_26,2014-04-23 22:00:00,732.9,680.4325,323,23,615.50916,680.4325,783.6913
load_26,2014-04-23 23:00:00,525.0,483.63452,323,24,437.4859,483.63452,539.8213
load_26,2014-04-24 00:00:00,452.4,427.37427,324,1,384.29504,427.37427,470.06604
load_26,2014-04-24 01:00:00,389.4,399.4563,324,2,358.3275,399.4563,443.94812
load_26,2014-04-24 02:00:00,360.6,385.82166,324,3,342.51843,385.82166,414.12384
load_26,2014-04-24 03:00:00,362.1,366.31506,324,4,326.8957,366.31506,398.10126
load_26,2014-04-24 04:00:00,389.4,373.482,324,5,338.24976,373.482,404.29663
load_26,2014-04-24 05:00:00,355.2,378.96912,324,6,342.31848,378.96912,406.26587
load_26,2014-04-24 06:00:00,363.0,375.26636,324,7,334.3567,375.26636,396.2226
load_26,2014-04-24 07:00:00,430.2,389.54773,324,8,352.7591,389.54773,423.4254
load_26,2014-04-24 08:00:00,521.4,519.4783,324,9,474.797,519.4783,570.1337
load_26,2014-04-24 09:00:00,864.9,887.0751,324,10,818.971,887.0751,946.9989
load_26,2014-04-24 10:00:00,1770.9,1751.42,324,11,1657.2881,1751.42,1847.1226
load_26,2014-04-24 11:00:00,2260.2,2254.8782,324,12,2175.0864,2254.8782,2315.0947
load_26,2014-04-24 12:00:00,2321.4,2274.671,324,13,2202.3125,2274.671,2336.3718
load_26,2014-04-24 13:00:00,2314.5,2283.3965,324,14,2214.2483,2283.3965,2347.8682
load_26,2014-04-24 14:00:00,2431.5,2312.9937,324,15,2240.3826,2312.9937,2374.3916
load_26,2014-04-24 15:00:00,2416.5,2289.5977,324,16,2222.917,2289.5977,2358.7383
load_26,2014-04-24 16:00:00,2426.1,2297.323,324,17,2210.0447,2297.323,2368.488
load_26,2014-04-24 17:00:00,2361.9,2273.128,324,18,2189.3833,2273.128,2357.142
load_26,2014-04-24 18:00:00,2284.2,2251.2844,324,19,2165.228,2251.2844,2348.3896
load_26,2014-04-24 19:00:00,2239.2,2247.5781,324,20,2164.0054,2247.5781,2335.189
load_26,2014-04-24 20:00:00,1794.0,1904.2546,324,21,1785.2946,1904.2546,2040.8987
load_26,2014-04-24 21:00:00,949.5,988.6781,324,22,888.349,988.6781,1092.575
load_26,2014-04-24 22:00:00,688.5,715.647,324,23,648.96747,715.647,824.57117
load_26,2014-04-24 23:00:00,482.4,504.91687,324,24,456.87958,504.91687,567.7197
load_26,2014-04-25 00:00:00,576.0,414.34888,325,1,375.81122,414.34888,459.3803
load_26,2014-04-25 01:00:00,647.4,388.51947,325,2,351.09058,388.51947,431.07184
load_26,2014-04-25 02:00:00,585.9,378.5188,325,3,338.21332,378.5188,404.23816
load_26,2014-04-25 03:00:00,492.3,364.1239,325,4,326.59137,364.1239,394.33502
load_26,2014-04-25 04:00:00,487.5,371.90436,325,5,337.9682,371.90436,401.3332
load_26,2014-04-25 05:00:00,467.1,376.16406,325,6,340.5324,376.16406,402.3252
load_26,2014-04-25 06:00:00,434.1,380.55414,325,7,340.48883,380.55414,403.1986
load_26,2014-04-25 07:00:00,503.4,406.9544,325,8,365.28247,406.9544,440.21002
load_26,2014-04-25 08:00:00,580.2,522.9997,325,9,476.06567,522.9997,578.82043
load_26,2014-04-25 09:00:00,862.8,888.44543,325,10,820.75574,888.44543,947.83246
load_26,2014-04-25 10:00:00,1505.7,1731.9187,325,11,1637.3611,1731.9187,1819.9104
load_26,2014-04-25 11:00:00,2306.4,2250.2698,325,12,2169.035,2250.2698,2306.8672
load_26,2014-04-25 12:00:00,2350.5,2281.9258,325,13,2206.4856,2281.9258,2343.782
load_26,2014-04-25 13:00:00,2321.7,2298.4346,325,14,2223.1978,2298.4346,2363.6802
load_26,2014-04-25 14:00:00,2349.6,2338.8337,325,15,2264.222,2338.8337,2401.418
load_26,2014-04-25 15:00:00,2319.9,2321.2747,325,16,2251.7285,2321.2747,2392.1472
load_26,2014-04-25 16:00:00,2598.6,2321.6934,325,17,2230.832,2321.6934,2395.27
load_26,2014-04-25 17:00:00,2523.0,2289.3787,325,18,2201.4915,2289.3787,2374.2056
load_26,2014-04-25 18:00:00,2477.7,2262.3684,325,19,2168.521,2262.3684,2362.3086
load_26,2014-04-25 19:00:00,2388.0,2247.336,325,20,2147.0679,2247.336,2340.1611
load_26,2014-04-25 20:00:00,2290.8,1864.4805,325,21,1717.3273,1864.4805,2023.0122
load_26,2014-04-25 21:00:00,1254.9,987.295,325,22,875.9669,987.295,1107.592
load_26,2014-04-25 22:00:00,745.8,700.8574,325,23,633.3824,700.8574,811.45496
load_26,2014-04-25 23:00:00,517.5,505.86548,325,24,459.69214,505.86548,565.6482
load_26,2014-04-28 00:00:00,485.7,488.99554,326,1,412.62775,488.99554,559.43896
load_26,2014-04-28 01:00:00,490.2,461.57635,326,2,381.86115,461.57635,554.34357
load_26,2014-04-28 02:00:00,417.3,429.23303,326,3,353.78625,429.23303,520.07947
load_26,2014-04-28 03:00:00,372.9,393.8496,326,4,323.0697,393.8496,477.0758
load_26,2014-04-28 04:00:00,393.6,390.7431,326,5,319.87665,390.7431,472.8747
load_26,2014-04-28 05:00:00,402.9,390.43445,326,6,321.44812,390.43445,468.22528
load_26,2014-04-28 06:00:00,405.3,393.59192,326,7,320.01947,393.59192,472.73267
load_26,2014-04-28 07:00:00,445.8,441.3891,326,8,358.30145,441.3891,522.9636
load_26,2014-04-28 08:00:00,563.7,545.4318,326,9,448.91705,545.4318,653.94543
load_26,2014-04-28 09:00:00,885.3,848.44104,326,10,727.2967,848.44104,985.9695
load_26,2014-04-28 10:00:00,1797.9,1666.6758,326,11,1484.1687,1666.6758,1844.3229
load_26,2014-04-28 11:00:00,2301.6,2237.399,326,12,2047.8578,2237.399,2381.581
load_26,2014-04-28 12:00:00,2328.9,2242.7437,326,13,2028.1038,2242.7437,2410.0427
load_26,2014-04-28 13:00:00,2319.6,2273.978,326,14,2043.7063,2273.978,2434.535
load_26,2014-04-28 14:00:00,2320.5,2301.538,326,15,2127.2097,2301.538,2460.0632
load_26,2014-04-28 15:00:00,2299.5,2276.5864,326,16,2095.063,2276.5864,2435.0972
load_26,2014-04-28 16:00:00,2321.1,2331.7314,326,17,2121.4683,2331.7314,2484.3955
load_26,2014-04-28 17:00:00,2302.2,2303.4634,326,18,2107.333,2303.4634,2478.7412
load_26,2014-04-28 18:00:00,2302.5,2265.609,326,19,2049.167,2265.609,2459.0706
load_26,2014-04-28 19:00:00,2294.1,2236.1157,326,20,1977.0168,2236.1157,2433.2842
load_26,2014-04-28 20:00:00,2020.8,1884.5708,326,21,1575.821,1884.5708,2134.23
load_26,2014-04-28 21:00:00,1125.9,950.5073,326,22,761.20953,950.5073,1176.8763
load_26,2014-04-28 22:00:00,697.8,668.64795,326,23,535.881,668.64795,869.73346
load_26,2014-04-28 23:00:00,487.8,495.02112,326,24,395.1242,495.02112,626.9129
load_26,2014-04-29 00:00:00,473.7,461.47797,327,1,406.98425,461.47797,507.78772
load_26,2014-04-29 01:00:00,462.9,437.7887,327,2,381.27698,437.7887,492.7251
load_26,2014-04-29 02:00:00,410.1,413.01978,327,3,356.57037,413.01978,456.45178
load_26,2014-04-29 03:00:00,373.2,385.39343,327,4,332.91394,385.39343,437.12543
load_26,2014-04-29 04:00:00,403.8,391.91174,327,5,342.9806,391.91174,439.95544
load_26,2014-04-29 05:00:00,421.8,392.41046,327,6,343.5827,392.41046,436.09314
load_26,2014-04-29 06:00:00,418.5,397.0846,327,7,343.92242,397.0846,439.74548
load_26,2014-04-29 07:00:00,442.8,433.4226,327,8,375.69043,433.4226,481.57983
load_26,2014-04-29 08:00:00,557.4,557.3167,327,9,489.17047,557.3167,624.46545
load_26,2014-04-29 09:00:00,891.6,871.55664,327,10,788.7475,871.55664,958.34863
load_26,2014-04-29 10:00:00,1653.3,1673.6075,327,11,1558.9253,1673.6075,1781.6428
load_26,2014-04-29 11:00:00,2226.9,2247.914,327,12,2138.1965,2247.914,2323.5723
load_26,2014-04-29 12:00:00,2296.8,2278.2168,327,13,2174.4216,2278.2168,2358.525
load_26,2014-04-29 13:00:00,2302.2,2282.8809,327,14,2172.524,2282.8809,2365.4321
load_26,2014-04-29 14:00:00,2286.3,2311.836,327,15,2211.1807,2311.836,2393.901
load_26,2014-04-29 15:00:00,2279.1,2289.3418,327,16,2193.4563,2289.3418,2377.1206
load_26,2014-04-29 16:00:00,2299.8,2326.5571,327,17,2208.876,2326.5571,2424.6296
load_26,2014-04-29 17:00:00,2294.1,2298.6636,327,18,2181.348,2298.6636,2405.8206
load_26,2014-04-29 18:00:00,2301.6,2266.2498,327,19,2142.4526,2266.2498,2390.8188
load_26,2014-04-29 19:00:00,2284.5,2252.412,327,20,2102.0703,2252.412,2365.3257
load_26,2014-04-29 20:00:00,1807.5,1977.5554,327,21,1770.3854,1977.5554,2129.844
load_26,2014-04-29 21:00:00,919.2,1052.9395,327,22,906.1998,1052.9395,1195.8892
load_26,2014-04-29 22:00:00,683.7,688.8297,327,23,593.659,688.8297,821.44604
load_26,2014-04-29 23:00:00,462.0,517.1121,327,24,443.19135,517.1121,603.976
load_26,2014-04-30 00:00:00,409.8,435.81567,328,1,391.7036,435.81567,491.64056
load_26,2014-04-30 01:00:00,403.2,410.56085,328,2,362.80615,410.56085,465.32794
load_26,2014-04-30 02:00:00,357.3,399.33295,328,3,348.581,399.33295,437.38776
load_26,2014-04-30 03:00:00,346.2,375.63348,328,4,328.3261,375.63348,419.13605
load_26,2014-04-30 04:00:00,351.3,385.86322,328,5,342.55518,385.86322,427.5523
load_26,2014-04-30 05:00:00,371.4,393.85223,328,6,349.82825,393.85223,432.92657
load_26,2014-04-30 06:00:00,366.9,397.77368,328,7,350.09338,397.77368,433.64893
load_26,2014-04-30 07:00:00,393.9,424.76996,328,8,373.5146,424.76996,467.7439
load_26,2014-04-30 08:00:00,543.3,530.7349,328,9,470.44666,530.7349,586.83386
load_26,2014-04-30 09:00:00,903.3,872.6814,328,10,793.7528,872.6814,949.9249
load_26,2014-04-30 10:00:00,1893.0,1698.6171,328,11,1587.1282,1698.6171,1796.6432
load_26,2014-04-30 11:00:00,2262.0,2231.1868,328,12,2126.9448,2231.1868,2304.4863
load_26,2014-04-30 12:00:00,2279.7,2265.064,328,13,2166.1184,2265.064,2344.3691
load_26,2014-04-30 13:00:00,2289.3,2269.7825,328,14,2163.0186,2269.7825,2351.919
load_26,2014-04-30 14:00:00,2298.6,2289.487,328,15,2194.4243,2289.487,2375.4216
load_26,2014-04-30 15:00:00,2265.0,2265.482,328,16,2172.5056,2265.482,2352.6846
load_26,2014-04-30 16:00:00,2293.5,2283.543,328,17,2171.9368,2283.543,2376.0425
load_26,2014-04-30 17:00:00,2277.3,2262.5527,328,18,2153.9785,2262.5527,2366.5334
load_26,2014-04-30 18:00:00,2298.6,2237.797,328,19,2123.5012,2237.797,2359.4421
load_26,2014-04-30 19:00:00,2292.0,2229.3367,328,20,2105.5078,2229.3367,2340.9067
load_26,2014-04-30 20:00:00,1822.5,1862.9181,328,21,1699.1638,1862.9181,2031.3923
load_26,2014-04-30 21:00:00,954.0,966.52356,328,22,851.1455,966.52356,1095.1034
load_26,2014-04-30 22:00:00,732.6,669.93933,328,23,583.15924,669.93933,791.30896
load_26,2014-04-30 23:00:00,535.5,507.61176,328,24,438.87982,507.61176,592.76465
load_26,2014-05-01 00:00:00,448.5,453.18628,329,1,404.50775,453.18628,500.68933
load_26,2014-05-01 01:00:00,439.5,424.39868,329,2,373.41864,424.39868,478.80872
load_26,2014-05-01 02:00:00,396.0,402.48956,329,3,350.5257,402.48956,441.31934
load_26,2014-05-01 03:00:00,378.0,375.0796,329,4,325.88916,375.0796,420.6084
load_26,2014-05-01 04:00:00,380.7,387.29108,329,5,343.99207,387.29108,429.60663
load_26,2014-05-01 05:00:00,394.2,392.16852,329,6,347.4533,392.16852,431.0869
load_26,2014-05-01 06:00:00,414.0,396.60217,329,7,348.399,396.60217,432.49854
load_26,2014-05-01 07:00:00,462.9,420.7655,329,8,370.61737,420.7655,462.94604
load_26,2014-05-01 08:00:00,566.1,551.9601,329,9,493.58563,551.9601,607.86487
load_26,2014-05-01 09:00:00,897.0,884.9109,329,10,816.20703,884.9109,957.12744
load_26,2014-05-01 10:00:00,1757.4,1700.9436,329,11,1609.0665,1700.9436,1784.3898
load_26,2014-05-01 11:00:00,2298.9,2267.7683,329,12,2183.5544,2267.7683,2327.1226
load_26,2014-05-01 12:00:00,2309.7,2303.4375,329,13,2228.261,2303.4375,2366.002
load_26,2014-05-01 13:00:00,2330.7,2308.0024,329,14,2232.497,2308.0024,2372.2957
load_26,2014-05-01 14:00:00,2402.7,2335.4282,329,15,2256.417,2335.4282,2398.742
load_26,2014-05-01 15:00:00,2397.0,2309.0308,329,16,2236.1187,2309.0308,2379.0195
load_26,2014-05-01 16:00:00,2432.7,2332.0498,329,17,2239.873,2332.0498,2409.3804
load_26,2014-05-01 17:00:00,2454.9,2309.8384,329,18,2221.2617,2309.8384,2396.8848
load_26,2014-05-01 18:00:00,2450.1,2283.4106,329,19,2190.892,2283.4106,2384.1465
load_26,2014-05-01 19:00:00,2398.2,2267.6973,329,20,2176.3513,2267.6973,2359.145
load_26,2014-05-01 20:00:00,2304.3,1911.3916,329,21,1785.4434,1911.3916,2060.2603
load_26,2014-05-01 21:00:00,1267.8,995.6304,329,22,892.7844,995.6304,1112.5044
load_26,2014-05-01 22:00:00,739.2,694.04083,329,23,616.89124,694.04083,806.9802
load_26,2014-05-01 23:00:00,492.3,525.3976,329,24,462.91687,525.3976,605.7281
load_26,2014-05-02 00:00:00,405.9,466.58252,330,1,410.77405,466.58252,516.6623
load_26,2014-05-02 01:00:00,397.5,437.62512,330,2,383.53156,437.62512,496.50104
load_26,2014-05-02 02:00:00,349.8,419.66357,330,3,364.2436,419.66357,463.21527
load_26,2014-05-02 03:00:00,333.9,394.2458,330,4,343.74628,394.2458,442.7389
load_26,2014-05-02 04:00:00,334.2,396.98773,330,5,350.14624,396.98773,444.4511
load_26,2014-05-02 05:00:00,355.5,402.2417,330,6,354.77417,402.2417,445.92188
load_26,2014-05-02 06:00:00,371.1,408.42352,330,7,357.0235,408.42352,453.01648
load_26,2014-05-02 07:00:00,447.3,442.36804,330,8,383.4347,442.36804,490.9029
load_26,2014-05-02 08:00:00,573.3,560.86896,330,9,489.30206,560.86896,638.85895
load_26,2014-05-02 09:00:00,942.9,906.7559,330,10,813.7457,906.7559,997.6754
load_26,2014-05-02 10:00:00,1955.1,1788.1881,330,11,1658.0615,1788.1881,1911.6824
load_26,2014-05-02 11:00:00,2316.6,2292.3062,330,12,2174.8132,2292.3062,2374.8218
load_26,2014-05-02 12:00:00,2408.1,2325.5195,330,13,2215.6663,2325.5195,2416.5034
load_26,2014-05-02 13:00:00,2481.6,2342.8633,330,14,2221.4438,2342.8633,2436.4712
load_26,2014-05-02 14:00:00,2483.1,2370.1433,330,15,2258.024,2370.1433,2459.8691
load_26,2014-05-02 15:00:00,2337.6,2350.8816,330,16,2249.3687,2350.8816,2449.2905
load_26,2014-05-02 16:00:00,2344.2,2390.079,330,17,2261.5603,2390.079,2507.499
load_26,2014-05-02 17:00:00,2338.5,2365.3457,330,18,2236.2764,2365.3457,2492.2217
load_26,2014-05-02 18:00:00,2399.4,2342.539,330,19,2204.1392,2342.539,2488.8003
load_26,2014-05-02 19:00:00,2387.7,2326.0845,330,20,2146.4478,2326.0845,2481.2046
load_26,2014-05-02 20:00:00,2348.1,2082.6262,330,21,1813.7145,2082.6262,2266.9634
load_26,2014-05-02 21:00:00,1361.4,1107.549,330,22,918.9224,1107.549,1307.5183
load_26,2014-05-02 22:00:00,739.8,707.2819,330,23,588.85345,707.2819,871.5852
load_26,2014-05-02 23:00:00,482.4,530.8293,330,24,444.71564,530.8293,628.9515
load_26,2014-05-07 00:00:00,468.3,432.76178,331,1,374.00262,432.76178,488.27472
load_26,2014-05-07 01:00:00,436.2,407.46796,331,2,354.7868,407.46796,467.23242
load_26,2014-05-07 02:00:00,348.6,391.25134,331,3,335.94855,391.25134,431.36566
load_26,2014-05-07 03:00:00,328.2,367.86743,331,4,316.79315,367.86743,412.55334
load_26,2014-05-07 04:00:00,327.9,375.00537,331,5,325.94434,375.00537,421.36285
load_26,2014-05-07 05:00:00,362.1,385.0157,331,6,337.02734,385.0157,426.92145
load_26,2014-05-07 06:00:00,369.9,396.29016,331,7,344.86865,396.29016,439.70447
load_26,2014-05-07 07:00:00,411.9,444.9563,331,8,381.1983,444.9563,492.76624
load_26,2014-05-07 08:00:00,523.2,548.79913,331,9,474.05316,548.79913,629.13556
load_26,2014-05-07 09:00:00,836.7,890.8109,331,10,797.2882,890.8109,985.90466
load_26,2014-05-07 10:00:00,1908.3,1771.9977,331,11,1639.4227,1771.9977,1892.3293
load_26,2014-05-07 11:00:00,2249.7,2300.91,331,12,2183.7603,2300.91,2382.3643
load_26,2014-05-07 12:00:00,2259.3,2339.762,331,13,2232.8271,2339.762,2428.5815
load_26,2014-05-07 13:00:00,2286.3,2359.7366,331,14,2247.0347,2359.7366,2448.6565
load_26,2014-05-07 14:00:00,2330.4,2380.4624,331,15,2273.961,2380.4624,2466.1387
load_26,2014-05-07 15:00:00,2308.5,2347.7136,331,16,2247.4695,2347.7136,2439.766
load_26,2014-05-07 16:00:00,2307.6,2380.5679,331,17,2245.4668,2380.5679,2483.5679
load_26,2014-05-07 17:00:00,2304.3,2360.1064,331,18,2231.8484,2360.1064,2474.2915
load_26,2014-05-07 18:00:00,2331.9,2340.2896,331,19,2205.4592,2340.2896,2471.0479
load_26,2014-05-07 19:00:00,2291.7,2330.4048,331,20,2147.3337,2330.4048,2467.463
load_26,2014-05-07 20:00:00,1923.0,2187.0955,331,21,1912.5748,2187.0955,2355.3838
load_26,2014-05-07 21:00:00,1056.0,1192.6727,331,22,977.86975,1192.6727,1395.2983
load_26,2014-05-07 22:00:00,709.8,712.2283,331,23,589.7791,712.2283,872.03625
load_26,2014-05-07 23:00:00,495.6,517.6899,331,24,435.19208,517.6899,604.3161
load_26,2014-05-08 00:00:00,436.5,426.76758,332,1,375.75793,426.76758,482.5183
load_26,2014-05-08 01:00:00,421.2,398.213,332,2,344.8648,398.213,455.69434
load_26,2014-05-08 02:00:00,390.6,378.44324,332,3,322.88068,378.44324,419.73004
load_26,2014-05-08 03:00:00,356.1,352.32623,332,4,301.526,352.32623,398.53333
load_26,2014-05-08 04:00:00,376.8,362.20013,332,5,312.77008,362.20013,407.58185
load_26,2014-05-08 05:00:00,389.4,374.9046,332,6,325.36853,374.9046,418.79565
load_26,2014-05-08 06:00:00,404.7,385.39038,332,7,333.5362,385.39038,429.8062
load_26,2014-05-08 07:00:00,447.9,424.6015,332,8,362.98932,424.6015,470.54626
load_26,2014-05-08 08:00:00,524.4,534.00104,332,9,459.43616,534.00104,606.04816
load_26,2014-05-08 09:00:00,896.7,852.8533,332,10,755.74567,852.8533,953.74524
load_26,2014-05-08 10:00:00,1864.2,1788.2249,332,11,1639.4917,1788.2249,1919.9928
load_26,2014-05-08 11:00:00,2323.2,2216.491,332,12,2086.2488,2216.491,2320.5051
load_26,2014-05-08 12:00:00,2340.6,2266.1453,332,13,2135.0671,2266.1453,2371.6914
load_26,2014-05-08 13:00:00,2339.4,2285.5085,332,14,2144.722,2285.5085,2395.309
load_26,2014-05-08 14:00:00,2311.2,2295.648,332,15,2175.371,2295.648,2406.8022
load_26,2014-05-08 15:00:00,2289.9,2266.693,332,16,2151.538,2266.693,2377.7222
load_26,2014-05-08 16:00:00,2339.1,2309.857,332,17,2173.04,2309.857,2416.7878
load_26,2014-05-08 17:00:00,2256.3,2295.3394,332,18,2165.7812,2295.3394,2417.271
load_26,2014-05-08 18:00:00,2271.9,2276.4673,332,19,2145.1104,2276.4673,2416.8564
load_26,2014-05-08 19:00:00,2271.3,2269.1587,332,20,2098.722,2269.1587,2414.3916
load_26,2014-05-08 20:00:00,1944.9,2020.5723,332,21,1794.2076,2020.5723,2187.356
load_26,2014-05-08 21:00:00,1189.5,1077.9785,332,22,918.69385,1077.9785,1234.7286
load_26,2014-05-08 22:00:00,712.5,683.45526,332,23,582.1604,683.45526,817.18427
load_26,2014-05-08 23:00:00,470.1,505.17963,332,24,433.75366,505.17963,585.9076
load_26,2014-05-09 00:00:00,396.0,417.21777,333,1,370.55157,417.21777,465.21362
load_26,2014-05-09 01:00:00,389.7,392.05774,333,2,349.07776,392.05774,439.9607
load_26,2014-05-09 02:00:00,356.4,383.00555,333,3,338.93365,383.00555,412.13354
load_26,2014-05-09 03:00:00,342.6,363.86646,333,4,321.4488,363.86646,397.11224
load_26,2014-05-09 04:00:00,418.2,372.28113,333,5,333.58148,372.28113,404.3413
load_26,2014-05-09 05:00:00,434.1,384.70343,333,6,345.18915,384.70343,415.901
load_26,2014-05-09 06:00:00,414.3,396.15778,333,7,353.93677,396.15778,428.08557
load_26,2014-05-09 07:00:00,417.0,425.5484,333,8,377.07935,425.5484,460.23962
load_26,2014-05-09 08:00:00,515.1,531.9505,333,9,480.14844,531.9505,591.406
load_26,2014-05-09 09:00:00,873.9,882.2009,333,10,802.95166,882.2009,954.17114
load_26,2014-05-09 10:00:00,1802.1,1831.237,333,11,1725.0005,1831.237,1932.4712
load_26,2014-05-09 11:00:00,2283.6,2273.2231,333,12,2185.8237,2273.2231,2335.8606
load_26,2014-05-09 12:00:00,2303.4,2300.5273,333,13,2219.5366,2300.5273,2369.5151
load_26,2014-05-09 13:00:00,2316.9,2316.8477,333,14,2237.211,2316.8477,2387.9414
load_26,2014-05-09 14:00:00,2318.7,2337.2375,333,15,2255.8325,2337.2375,2404.9248
load_26,2014-05-09 15:00:00,2296.8,2314.2642,333,16,2237.278,2314.2642,2389.3071
load_26,2014-05-09 16:00:00,2283.9,2329.3005,333,17,2227.661,2329.3005,2407.7246
load_26,2014-05-09 17:00:00,2305.5,2313.4873,333,18,2213.3933,2313.4873,2404.8296
load_26,2014-05-09 18:00:00,2405.7,2299.8027,333,19,2200.064,2299.8027,2403.608
load_26,2014-05-09 19:00:00,2361.9,2291.9639,333,20,2172.2896,2291.9639,2393.1108
load_26,2014-05-09 20:00:00,2277.9,2063.5146,333,21,1881.0884,2063.5146,2187.7227
load_26,2014-05-09 21:00:00,1244.1,1150.6836,333,22,989.99475,1150.6836,1291.4344
load_26,2014-05-09 22:00:00,733.2,709.6273,333,23,619.3302,709.6273,832.373
load_26,2014-05-09 23:00:00,490.5,510.43494,333,24,449.42096,510.43494,579.13916
load_26,2014-05-12 00:00:00,486.6,416.16656,334,1,367.56024,416.16656,464.64453
load_26,2014-05-12 01:00:00,437.1,395.09106,334,2,350.9389,395.09106,441.6084
load_26,2014-05-12 02:00:00,380.7,391.005,334,3,347.7433,391.005,421.17932
load_26,2014-05-12 03:00:00,418.8,368.6764,334,4,329.04993,368.6764,400.2603
load_26,2014-05-12 04:00:00,421.2,374.44727,334,5,335.93506,374.44727,410.06122
load_26,2014-05-12 05:00:00,392.4,391.00513,334,6,352.8789,391.00513,423.9964
load_26,2014-05-12 06:00:00,390.3,403.01172,334,7,361.862,403.01172,438.385
load_26,2014-05-12 07:00:00,483.9,427.77698,334,8,381.46997,427.77698,469.82703
load_26,2014-05-12 08:00:00,612.6,531.9337,334,9,469.5094,531.9337,606.8222
load_26,2014-05-12 09:00:00,886.5,887.43567,334,10,788.8836,887.43567,973.1422
load_26,2014-05-12 10:00:00,1686.6,1853.8738,334,11,1714.0094,1853.8738,1974.4865
load_26,2014-05-12 11:00:00,2216.1,2275.8657,334,12,2159.9194,2275.8657,2357.187
load_26,2014-05-12 12:00:00,2294.1,2316.7866,334,13,2204.3784,2316.7866,2404.9707
load_26,2014-05-12 13:00:00,2328.0,2329.7405,334,14,2206.594,2329.7405,2421.0688
load_26,2014-05-12 14:00:00,2317.8,2340.8818,334,15,2234.4824,2340.8818,2428.4595
load_26,2014-05-12 15:00:00,2297.7,2308.8977,334,16,2207.187,2308.8977,2399.7683
load_26,2014-05-12 16:00:00,2311.8,2320.331,334,17,2188.0654,2320.331,2410.5986
load_26,2014-05-12 17:00:00,2279.4,2308.2603,334,18,2188.6553,2308.2603,2410.121
load_26,2014-05-12 18:00:00,2299.8,2300.7158,334,19,2179.8323,2300.7158,2419.807
load_26,2014-05-12 19:00:00,2319.0,2291.0784,334,20,2120.3843,2291.0784,2421.44
load_26,2014-05-12 20:00:00,1996.2,2078.224,334,21,1827.1918,2078.224,2233.7031
load_26,2014-05-12 21:00:00,1131.6,1151.0466,334,22,962.9895,1151.0466,1319.742
load_26,2014-05-12 22:00:00,896.1,699.33203,334,23,594.3848,699.33203,838.0995
load_26,2014-05-12 23:00:00,674.4,502.19464,334,24,434.45856,502.19464,566.9418
load_26,2014-05-13 00:00:00,623.7,480.68738,335,1,420.61316,480.68738,529.7968
load_26,2014-05-13 01:00:00,636.9,428.97546,335,2,370.84283,428.97546,493.13416
load_26,2014-05-13 02:00:00,608.1,403.10052,335,3,345.9101,403.10052,449.98975
load_26,2014-05-13 03:00:00,507.6,374.8156,335,4,321.25665,374.8156,428.30084
load_26,2014-05-13 04:00:00,464.4,390.43896,335,5,341.01117,390.43896,440.42792
load_26,2014-05-13 05:00:00,470.4,402.83093,335,6,352.45966,402.83093,452.28046
load_26,2014-05-13 06:00:00,451.5,409.39246,335,7,356.05524,409.39246,459.86346
load_26,2014-05-13 07:00:00,503.1,457.42236,335,8,397.68555,457.42236,508.73138
load_26,2014-05-13 08:00:00,594.3,571.8189,335,9,504.34143,571.8189,647.482
load_26,2014-05-13 09:00:00,881.7,914.306,335,10,828.45215,914.306,1001.6169
load_26,2014-05-13 10:00:00,1903.5,1832.6598,335,11,1711.8125,1832.6598,1949.3784
load_26,2014-05-13 11:00:00,2472.3,2263.5984,335,12,2161.3743,2263.5984,2338.6982
load_26,2014-05-13 12:00:00,2438.7,2303.5571,335,13,2210.033,2303.5571,2383.593
load_26,2014-05-13 13:00:00,2447.1,2315.7053,335,14,2225.523,2315.7053,2396.8105
load_26,2014-05-13 14:00:00,2490.9,2340.1646,335,15,2246.2156,2340.1646,2419.4355
load_26,2014-05-13 15:00:00,2431.8,2315.5044,335,16,2226.6733,2315.5044,2399.833
load_26,2014-05-13 16:00:00,2427.3,2326.611,335,17,2216.9365,2326.611,2419.3845
load_26,2014-05-13 17:00:00,2406.3,2312.8853,335,18,2204.1614,2312.8853,2417.3958
load_26,2014-05-13 18:00:00,2427.0,2302.3918,335,19,2193.208,2302.3918,2419.322
load_26,2014-05-13 19:00:00,2427.9,2292.3022,335,20,2169.2856,2292.3022,2408.7202
load_26,2014-05-13 20:00:00,1887.9,2122.521,335,21,1941.0376,2122.521,2260.6997
load_26,2014-05-13 21:00:00,970.8,1210.5908,335,22,1037.9196,1210.5908,1378.3302
load_26,2014-05-13 22:00:00,713.7,774.8627,335,23,667.7679,774.8627,926.0022
load_26,2014-05-13 23:00:00,511.2,565.8114,335,24,485.5465,565.8114,677.5106
load_26,2014-05-14 00:00:00,470.4,496.0033,336,1,429.84863,496.0033,551.3196
load_26,2014-05-14 01:00:00,459.3,462.50696,336,2,389.45398,462.50696,534.5659
load_26,2014-05-14 02:00:00,413.7,435.17206,336,3,363.97644,435.17206,495.2845
load_26,2014-05-14 03:00:00,398.1,398.46796,336,4,330.1115,398.46796,466.08093
load_26,2014-05-14 04:00:00,395.4,406.35046,336,5,345.23676,406.35046,466.5318
load_26,2014-05-14 05:00:00,410.7,416.60016,336,6,356.1339,416.60016,476.53986
load_26,2014-05-14 06:00:00,453.0,419.40674,336,7,354.16443,419.40674,478.4073
load_26,2014-05-14 07:00:00,496.2,475.9096,336,8,406.19238,475.9096,535.2435
load_26,2014-05-14 08:00:00,559.5,594.19556,336,9,513.7278,594.19556,670.727
load_26,2014-05-14 09:00:00,911.4,918.63745,336,10,830.2098,918.63745,1013.2729
load_26,2014-05-14 10:00:00,1866.3,1885.3264,336,11,1751.717,1885.3264,2008.2092
load_26,2014-05-14 11:00:00,2364.0,2323.323,336,12,2205.5657,2323.323,2411.327
load_26,2014-05-14 12:00:00,2405.4,2365.235,336,13,2256.877,2365.235,2461.0928
load_26,2014-05-14 13:00:00,2509.2,2378.963,336,14,2269.4153,2378.963,2474.7468
load_26,2014-05-14 14:00:00,2549.4,2393.0283,336,15,2282.5298,2393.0283,2492.5444
load_26,2014-05-14 15:00:00,2508.0,2351.919,336,16,2247.7385,2351.919,2450.9678
load_26,2014-05-14 16:00:00,2475.6,2350.5884,336,17,2221.2332,2350.5884,2463.5005
load_26,2014-05-14 17:00:00,2437.5,2333.0803,336,18,2203.3853,2333.0803,2457.8223
load_26,2014-05-14 18:00:00,2481.6,2315.294,336,19,2182.9631,2315.294,2458.7974
load_26,2014-05-14 19:00:00,2494.8,2316.3975,336,20,2160.828,2316.3975,2460.8362
load_26,2014-05-14 20:00:00,1925.1,2068.1914,336,21,1855.762,2068.1914,2235.9568
load_26,2014-05-14 21:00:00,1033.5,1139.8987,336,22,969.2615,1139.8987,1317.696
load_26,2014-05-14 22:00:00,728.4,729.3542,336,23,610.67737,729.3542,884.91644
load_26,2014-05-14 23:00:00,531.3,556.0871,336,24,463.50696,556.0871,662.0543
load_26,2014-05-15 00:00:00,513.6,471.52118,337,1,412.72772,471.52118,527.98566
load_26,2014-05-15 01:00:00,510.3,440.88055,337,2,381.78113,440.88055,505.37274
load_26,2014-05-15 02:00:00,459.0,424.6927,337,3,363.77417,424.6927,472.90698
load_26,2014-05-15 03:00:00,442.8,396.0775,337,4,337.24176,396.0775,451.63544
load_26,2014-05-15 04:00:00,522.3,407.5266,337,5,353.5924,407.5266,461.33502
load_26,2014-05-15 05:00:00,531.0,424.84607,337,6,370.2202,424.84607,476.32257
load_26,2014-05-15 06:00:00,524.7,434.86414,337,7,376.70697,434.86414,490.32733
load_26,2014-05-15 07:00:00,582.0,469.7663,337,8,403.9212,469.7663,523.9183
load_26,2014-05-15 08:00:00,678.9,568.1519,337,9,491.36926,568.1519,641.9291
load_26,2014-05-15 09:00:00,946.2,880.95166,337,10,795.37585,880.95166,980.93616
load_26,2014-05-15 10:00:00,1885.8,1861.6609,337,11,1724.5317,1861.6609,1990.6226
load_26,2014-05-15 11:00:00,2335.5,2328.4004,337,12,2207.3704,2328.4004,2428.6536
load_26,2014-05-15 12:00:00,2378.1,2381.5303,337,13,2265.3481,2381.5303,2483.3384
load_26,2014-05-15 13:00:00,2373.3,2402.6152,337,14,2287.2976,2402.6152,2505.2297
load_26,2014-05-15 14:00:00,2368.5,2428.834,337,15,2312.859,2428.834,2530.2153
load_26,2014-05-15 15:00:00,2481.6,2386.5872,337,16,2280.5205,2386.5872,2493.876
load_26,2014-05-15 16:00:00,2508.6,2384.415,337,17,2253.2979,2384.415,2497.7632
load_26,2014-05-15 17:00:00,2468.1,2370.9866,337,18,2239.3853,2370.9866,2498.3477
load_26,2014-05-15 18:00:00,2466.6,2353.5127,337,19,2220.9285,2353.5127,2498.7373
load_26,2014-05-15 19:00:00,2370.9,2349.1538,337,20,2189.0942,2349.1538,2496.9854
load_26,2014-05-15 20:00:00,1944.3,2002.7947,337,21,1791.9736,2002.7947,2186.3381
load_26,2014-05-15 21:00:00,1077.3,1085.3093,337,22,932.9416,1085.3093,1249.4722
load_26,2014-05-15 22:00:00,861.6,713.21466,337,23,607.2235,713.21466,860.91956
load_26,2014-05-15 23:00:00,642.3,541.53625,337,24,461.57935,541.53625,636.7531
load_26,2014-05-16 00:00:00,480.6,532.56134,338,1,467.61957,532.56134,586.9117
load_26,2014-05-16 01:00:00,476.4,494.3534,338,2,421.63965,494.3534,574.99554
load_26,2014-05-16 02:00:00,423.3,474.07,338,3,399.89154,474.07,539.00287
load_26,2014-05-16 03:00:00,391.8,449.87872,338,4,377.27527,449.87872,525.2101
load_26,2014-05-16 04:00:00,401.1,468.48602,338,5,403.4792,468.48602,536.3125
load_26,2014-05-16 05:00:00,405.0,487.79974,338,6,418.69324,487.79974,554.71216
load_26,2014-05-16 06:00:00,398.4,490.4674,338,7,421.15112,490.4674,563.0827
load_26,2014-05-16 07:00:00,444.0,534.97345,338,8,463.53687,534.97345,605.4193
load_26,2014-05-16 08:00:00,556.8,643.2394,338,9,555.1329,643.2394,728.9446
load_26,2014-05-16 09:00:00,919.8,952.0265,338,10,867.4818,952.0265,1058.2059
load_26,2014-05-16 10:00:00,1937.7,1885.899,338,11,1759.9377,1885.899,2008.1814
load_26,2014-05-16 11:00:00,2419.2,2353.2869,338,12,2240.2476,2353.2869,2440.959
load_26,2014-05-16 12:00:00,2591.1,2398.0383,338,13,2292.652,2398.0383,2490.1416
load_26,2014-05-16 13:00:00,2486.7,2418.0706,338,14,2315.487,2418.0706,2509.8599
load_26,2014-05-16 14:00:00,2531.7,2443.9104,338,15,2333.7773,2443.9104,2537.8481
load_26,2014-05-16 15:00:00,2540.1,2413.8086,338,16,2311.2207,2413.8086,2510.5125
load_26,2014-05-16 16:00:00,2554.8,2418.4287,338,17,2294.0203,2418.4287,2530.9336
load_26,2014-05-16 17:00:00,2504.7,2405.75,338,18,2281.2024,2405.75,2529.2893
load_26,2014-05-16 18:00:00,2499.9,2396.7566,338,19,2271.4336,2396.7566,2532.5488
load_26,2014-05-16 19:00:00,2478.9,2389.1995,338,20,2261.758,2389.1995,2517.6064
load_26,2014-05-16 20:00:00,2314.2,2052.2986,338,21,1882.5333,2052.2986,2217.0642
load_26,2014-05-16 21:00:00,1295.7,1128.5293,338,22,987.5127,1128.5293,1276.7831
load_26,2014-05-16 22:00:00,768.0,783.42096,338,23,669.3727,783.42096,933.83167
load_26,2014-05-16 23:00:00,500.1,606.17267,338,24,507.75195,606.17267,723.91003
load_26,2014-05-19 00:00:00,445.5,497.48834,339,1,434.96423,497.48834,558.076
load_26,2014-05-19 01:00:00,445.5,471.71887,339,2,409.07367,471.71887,539.0124
load_26,2014-05-19 02:00:00,378.6,456.21216,339,3,391.24463,456.21216,508.3675
load_26,2014-05-19 03:00:00,355.8,430.07098,339,4,368.84045,430.07098,489.00085
load_26,2014-05-19 04:00:00,359.1,440.91052,339,5,384.9756,440.91052,498.44873
load_26,2014-05-19 05:00:00,398.7,454.25024,339,6,397.95142,454.25024,509.86987
load_26,2014-05-19 06:00:00,403.5,461.89062,339,7,401.41168,461.89062,518.5105
load_26,2014-05-19 07:00:00,453.6,510.77936,339,8,444.15002,510.77936,568.0139
load_26,2014-05-19 08:00:00,882.6,636.28284,339,9,558.9648,636.28284,717.4019
load_26,2014-05-19 09:00:00,1271.7,962.0258,339,10,876.7882,962.0258,1053.9806
load_26,2014-05-19 10:00:00,2041.8,1933.0708,339,11,1803.7262,1933.0708,2062.237
load_26,2014-05-19 11:00:00,2411.4,2420.474,339,12,2295.3364,2420.474,2518.5117
load_26,2014-05-19 12:00:00,2535.3,2460.107,339,13,2347.0608,2460.107,2567.5244
load_26,2014-05-19 13:00:00,2514.6,2476.4536,339,14,2361.1338,2476.4536,2583.2358
load_26,2014-05-19 14:00:00,2490.9,2501.5312,339,15,2383.583,2501.5312,2611.1738
load_26,2014-05-19 15:00:00,2440.2,2464.5996,339,16,2356.4736,2464.5996,2578.3125
load_26,2014-05-19 16:00:00,2466.6,2463.4805,339,17,2331.4536,2463.4805,2582.5217
load_26,2014-05-19 17:00:00,2350.8,2448.4521,339,18,2315.3667,2448.4521,2580.8848
load_26,2014-05-19 18:00:00,2351.1,2426.3706,339,19,2293.2532,2426.3706,2572.7603
load_26,2014-05-19 19:00:00,2368.5,2414.5,339,20,2267.6926,2414.5,2555.0833
load_26,2014-05-19 20:00:00,1881.3,2089.8694,339,21,1911.1509,2089.8694,2253.7463
load_26,2014-05-19 21:00:00,977.7,1160.7781,339,22,1010.2002,1160.7781,1308.2937
load_26,2014-05-19 22:00:00,713.7,811.90344,339,23,705.24146,811.90344,960.0256
load_26,2014-05-19 23:00:00,509.1,609.3063,339,24,523.1342,609.3063,727.4983
load_26,2014-05-20 00:00:00,458.7,476.88812,340,1,411.83838,476.88812,541.33057
load_26,2014-05-20 01:00:00,425.4,446.9016,340,2,384.00452,446.9016,520.9144
load_26,2014-05-20 02:00:00,366.0,434.35785,340,3,369.36493,434.35785,489.70557
load_26,2014-05-20 03:00:00,350.7,412.57245,340,4,351.0725,412.57245,476.58118
load_26,2014-05-20 04:00:00,384.0,419.33496,340,5,358.64514,419.33496,480.93854
load_26,2014-05-20 05:00:00,363.0,430.56073,340,6,369.2818,430.56073,492.32794
load_26,2014-05-20 06:00:00,367.2,445.19733,340,7,381.9085,445.19733,511.90485
load_26,2014-05-20 07:00:00,421.8,505.20563,340,8,422.34967,505.20563,569.0941
load_26,2014-05-20 08:00:00,784.8,658.9811,340,9,549.9962,658.9811,766.23
load_26,2014-05-20 09:00:00,1280.7,1033.588,340,10,892.87354,1033.588,1161.4778
load_26,2014-05-20 10:00:00,2137.5,1932.4067,340,11,1763.9523,1932.4067,2082.0767
load_26,2014-05-20 11:00:00,2337.3,2382.6816,340,12,2243.3906,2382.6816,2478.922
load_26,2014-05-20 12:00:00,2412.6,2432.079,340,13,2304.9917,2432.079,2534.3066
load_26,2014-05-20 13:00:00,2470.8,2454.5867,340,14,2313.6333,2454.5867,2556.5347
load_26,2014-05-20 14:00:00,2516.1,2475.626,340,15,2347.152,2475.626,2576.537
load_26,2014-05-20 15:00:00,2533.5,2437.8276,340,16,2320.8982,2437.8276,2545.167
load_26,2014-05-20 16:00:00,2527.5,2437.859,340,17,2300.4207,2437.859,2547.8257
load_26,2014-05-20 17:00:00,2471.4,2413.836,340,18,2275.74,2413.836,2535.8794
load_26,2014-05-20 18:00:00,2484.6,2388.5105,340,19,2249.7444,2388.5105,2529.4116
load_26,2014-05-20 19:00:00,2464.5,2381.7773,340,20,2212.9004,2381.7773,2521.4556
load_26,2014-05-20 20:00:00,1908.3,2002.7561,340,21,1775.8025,2002.7561,2200.845
load_26,2014-05-20 21:00:00,1023.0,1057.323,340,22,899.38074,1057.323,1229.9081
load_26,2014-05-20 22:00:00,716.1,735.0266,340,23,619.2614,735.0266,886.21124
load_26,2014-05-20 23:00:00,498.9,557.2195,340,24,469.61676,557.2195,655.9478
load_26,2014-05-21 00:00:00,483.3,451.0208,341,1,392.5385,451.0208,511.1317
load_26,2014-05-21 01:00:00,479.7,421.6662,341,2,366.1842,421.6662,485.82678
load_26,2014-05-21 02:00:00,418.8,403.4403,341,3,345.64478,403.4403,445.65747
load_26,2014-05-21 03:00:00,377.1,384.39862,341,4,331.17627,384.39862,432.34595
load_26,2014-05-21 04:00:00,415.8,397.49072,341,5,345.9912,397.49072,448.9958
load_26,2014-05-21 05:00:00,415.2,403.68805,341,6,351.82385,403.68805,450.67505
load_26,2014-05-21 06:00:00,416.7,415.5984,341,7,360.3274,415.5984,468.22253
load_26,2014-05-21 07:00:00,471.6,470.19012,341,8,399.11255,470.19012,528.71783
load_26,2014-05-21 08:00:00,991.8,724.75006,341,9,606.0274,724.75006,825.7301
load_26,2014-05-21 09:00:00,1387.2,1095.2617,341,10,936.5072,1095.2617,1244.317
load_26,2014-05-21 10:00:00,2224.8,1982.7999,341,11,1812.529,1982.7999,2136.0723
load_26,2014-05-21 11:00:00,2372.1,2356.0337,341,12,2228.71,2356.0337,2458.2842
load_26,2014-05-21 12:00:00,2532.6,2419.066,341,13,2300.2136,2419.066,2513.7651
load_26,2014-05-21 13:00:00,2658.3,2443.2437,341,14,2316.6855,2443.2437,2538.6323
load_26,2014-05-21 14:00:00,2661.6,2458.6902,341,15,2345.5781,2458.6902,2555.4385
load_26,2014-05-21 15:00:00,2559.6,2441.7158,341,16,2335.569,2441.7158,2545.0076
load_26,2014-05-21 16:00:00,2552.7,2441.8835,341,17,2323.7651,2441.8835,2535.5396
load_26,2014-05-21 17:00:00,2448.0,2421.0898,341,18,2300.2205,2421.0898,2527.0515
load_26,2014-05-21 18:00:00,2396.7,2396.0012,341,19,2272.9492,2396.0012,2520.4475
load_26,2014-05-21 19:00:00,2397.0,2389.552,341,20,2247.3772,2389.552,2513.5005
load_26,2014-05-21 20:00:00,1932.3,1934.7375,341,21,1761.6984,1934.7375,2116.617
load_26,2014-05-21 21:00:00,1047.9,1013.6537,341,22,894.4005,1013.6537,1148.3757
load_26,2014-05-21 22:00:00,760.8,722.25964,341,23,633.5209,722.25964,846.09296
load_26,2014-05-21 23:00:00,520.8,547.9797,341,24,479.49115,547.9797,630.3094
load_26,2014-05-22 00:00:00,481.8,463.55005,342,1,407.50616,463.55005,526.6319
load_26,2014-05-22 01:00:00,429.9,437.27612,342,2,381.72485,437.27612,502.1541
load_26,2014-05-22 02:00:00,397.2,418.41083,342,3,360.18274,418.41083,461.51007
load_26,2014-05-22 03:00:00,377.7,397.79443,342,4,343.0642,397.79443,448.97046
load_26,2014-05-22 04:00:00,378.9,410.3028,342,5,358.52136,410.3028,463.278
load_26,2014-05-22 05:00:00,418.2,415.68103,342,6,363.78955,415.68103,464.24664
load_26,2014-05-22 06:00:00,399.9,424.7851,342,7,369.2218,424.7851,476.6801
load_26,2014-05-22 07:00:00,428.7,490.18646,342,8,420.35114,490.18646,546.522
load_26,2014-05-22 08:00:00,550.8,786.55084,342,9,677.2997,786.55084,878.70654
load_26,2014-05-22 09:00:00,921.3,1221.615,342,10,1082.3282,1221.615,1365.438
load_26,2014-05-22 10:00:00,1816.8,2100.4077,342,11,1941.1068,2100.4077,2230.6704
load_26,2014-05-22 11:00:00,2594.4,2408.8535,342,12,2299.8318,2408.8535,2494.8604
load_26,2014-05-22 12:00:00,2729.1,2477.3823,342,13,2384.2256,2477.3823,2558.4233
load_26,2014-05-22 13:00:00,2711.7,2510.415,342,14,2421.0903,2510.415,2590.2126
load_26,2014-05-22 14:00:00,2697.3,2533.016,342,15,2439.5889,2533.016,2614.6
load_26,2014-05-22 15:00:00,2579.4,2502.755,342,16,2417.308,2502.755,2593.2974
load_26,2014-05-22 16:00:00,2588.4,2479.6792,342,17,2376.4282,2479.6792,2566.0864
load_26,2014-05-22 17:00:00,2646.9,2446.953,342,18,2343.0264,2446.953,2544.8447
load_26,2014-05-22 18:00:00,2598.6,2419.5083,342,19,2312.456,2419.5083,2533.8945
load_26,2014-05-22 19:00:00,2584.8,2409.6074,342,20,2304.157,2409.6074,2515.8152
load_26,2014-05-22 20:00:00,1947.9,1974.5022,342,21,1830.756,1974.5022,2144.0474
load_26,2014-05-22 21:00:00,1074.9,1049.6141,342,22,941.33276,1049.6141,1179.1832
load_26,2014-05-22 22:00:00,745.2,731.7051,342,23,650.6892,731.7051,850.1243
load_26,2014-05-22 23:00:00,521.7,546.57324,342,24,482.14624,546.57324,633.76886
load_26,2014-05-23 00:00:00,476.4,452.26123,343,1,395.9865,452.26123,510.609
load_26,2014-05-23 01:00:00,468.6,423.89362,343,2,369.39966,423.89362,485.41547
load_26,2014-05-23 02:00:00,406.5,400.4574,343,3,344.77722,400.4574,440.76025
load_26,2014-05-23 03:00:00,379.2,383.41772,343,4,331.8777,383.41772,430.76306
load_26,2014-05-23 04:00:00,397.5,401.36346,343,5,350.77283,401.36346,450.4428
load_26,2014-05-23 05:00:00,403.2,405.51593,343,6,353.83838,405.51593,453.41998
load_26,2014-05-23 06:00:00,411.3,409.31354,343,7,353.14148,409.31354,459.90588
load_26,2014-05-23 07:00:00,438.6,451.85358,343,8,386.63074,451.85358,510.74396
load_26,2014-05-23 08:00:00,545.1,759.9552,343,9,637.83954,759.9552,859.11945
load_26,2014-05-23 09:00:00,992.1,1152.3218,343,10,998.775,1152.3218,1297.5344
load_26,2014-05-23 10:00:00,1980.3,2045.1914,343,11,1871.1199,2045.1914,2207.3218
load_26,2014-05-23 11:00:00,2581.5,2460.1929,343,12,2320.8455,2460.1929,2576.3164
load_26,2014-05-23 12:00:00,2703.3,2540.2812,343,13,2415.1182,2540.2812,2656.6782
load_26,2014-05-23 13:00:00,2701.2,2573.7332,343,14,2441.2095,2573.7332,2689.224
load_26,2014-05-23 14:00:00,2629.8,2581.758,343,15,2453.9727,2581.758,2693.8362
load_26,2014-05-23 15:00:00,2577.3,2542.912,343,16,2427.014,2542.912,2664.8374
load_26,2014-05-23 16:00:00,2582.7,2528.5078,343,17,2395.8535,2528.5078,2642.856
load_26,2014-05-23 17:00:00,2568.9,2497.609,343,18,2366.7192,2497.609,2626.0947
load_26,2014-05-23 18:00:00,2589.9,2467.7283,343,19,2328.9814,2467.7283,2615.1323
load_26,2014-05-23 19:00:00,2556.6,2451.571,343,20,2291.9153,2451.571,2599.1987
load_26,2014-05-23 20:00:00,2443.5,2001.8096,343,21,1800.0509,2001.8096,2206.5977
load_26,2014-05-23 21:00:00,1400.4,1087.8179,343,22,943.7126,1087.8179,1237.1156
load_26,2014-05-23 22:00:00,835.2,745.10297,343,23,647.0862,745.10297,886.02905
load_26,2014-05-23 23:00:00,534.3,544.33344,343,24,471.04028,544.33344,632.0886
load_26,2014-05-26 00:00:00,444.3,465.9668,344,1,403.09204,465.9668,522.62244
load_26,2014-05-26 01:00:00,445.8,424.91425,344,2,368.11804,424.91425,489.65942
load_26,2014-05-26 02:00:00,385.8,405.2135,344,3,346.54016,405.2135,450.63934
load_26,2014-05-26 03:00:00,367.2,386.7838,344,4,334.02307,386.7838,438.95966
load_26,2014-05-26 04:00:00,388.2,396.99146,344,5,341.73926,396.99146,455.43274
load_26,2014-05-26 05:00:00,397.5,409.11902,344,6,352.83594,409.11902,463.9649
load_26,2014-05-26 06:00:00,400.8,424.2594,344,7,365.3081,424.2594,487.55646
load_26,2014-05-26 07:00:00,452.4,462.55652,344,8,392.09326,462.55652,534.3555
load_26,2014-05-26 08:00:00,546.6,697.24316,344,9,562.7032,697.24316,826.2763
load_26,2014-05-26 09:00:00,909.9,1113.1578,344,10,926.9083,1113.1578,1298.3131
load_26,2014-05-26 10:00:00,1965.6,2015.583,344,11,1800.0018,2015.583,2220.571
load_26,2014-05-26 11:00:00,2388.0,2472.9922,344,12,2282.225,2472.9922,2630.6782
load_26,2014-05-26 12:00:00,2460.6,2561.426,344,13,2383.1455,2561.426,2718.8323
load_26,2014-05-26 13:00:00,2557.8,2585.8223,344,14,2388.6443,2585.8223,2740.6865
load_26,2014-05-26 14:00:00,2605.5,2590.7947,344,15,2423.8218,2590.7947,2737.9873
load_26,2014-05-26 15:00:00,2553.6,2550.3123,344,16,2399.3882,2550.3123,2704.0107
load_26,2014-05-26 16:00:00,2646.9,2550.4602,344,17,2378.6218,2550.4602,2686.67
load_26,2014-05-26 17:00:00,2452.5,2522.9443,344,18,2357.335,2522.9443,2677.1245
load_26,2014-05-26 18:00:00,2418.3,2495.4556,344,19,2326.3657,2495.4556,2670.357
load_26,2014-05-26 19:00:00,2414.1,2475.6602,344,20,2252.733,2475.6602,2658.5845
load_26,2014-05-26 20:00:00,2072.4,2062.9358,344,21,1787.5739,2062.9358,2299.5293
load_26,2014-05-26 21:00:00,1095.0,1121.2532,344,22,936.48804,1121.2532,1316.2717
load_26,2014-05-26 22:00:00,957.9,752.81714,344,23,634.24896,752.81714,918.2804
load_26,2014-05-26 23:00:00,827.7,546.1332,344,24,465.43683,546.1332,639.1943
load_26,2014-05-27 00:00:00,757.2,563.1774,345,1,474.1902,563.1774,659.5649
load_26,2014-05-27 01:00:00,630.0,484.56995,345,2,401.81726,484.56995,584.7888
load_26,2014-05-27 02:00:00,513.0,436.21948,345,3,357.62195,436.21948,514.213
load_26,2014-05-27 03:00:00,521.4,402.5891,345,4,327.05554,402.5891,492.89642
load_26,2014-05-27 04:00:00,530.4,415.34796,345,5,340.06567,415.34796,507.302
load_26,2014-05-27 05:00:00,528.0,417.90875,345,6,340.53687,417.90875,508.43585
load_26,2014-05-27 06:00:00,493.5,421.49878,345,7,340.55066,421.49878,518.3822
load_26,2014-05-27 07:00:00,459.6,449.346,345,8,367.7284,449.346,559.384
load_26,2014-05-27 08:00:00,564.9,728.3087,345,9,570.436,728.3087,887.35315
load_26,2014-05-27 09:00:00,939.9,1126.8163,345,10,934.2189,1126.8163,1334.3207
load_26,2014-05-27 10:00:00,1901.4,2056.061,345,11,1838.5481,2056.061,2265.3662
load_26,2014-05-27 11:00:00,2534.1,2453.1611,345,12,2277.1558,2453.1611,2606.3716
load_26,2014-05-27 12:00:00,2891.4,2536.2676,345,13,2372.559,2536.2676,2684.2432
load_26,2014-05-27 13:00:00,2820.0,2563.1948,345,14,2395.1733,2563.1948,2708.525
load_26,2014-05-27 14:00:00,2802.0,2578.2734,345,15,2418.8008,2578.2734,2722.0269
load_26,2014-05-27 15:00:00,2658.0,2542.2012,345,16,2393.379,2542.2012,2693.0356
load_26,2014-05-27 16:00:00,2650.2,2539.7344,345,17,2384.1846,2539.7344,2690.4714
load_26,2014-05-27 17:00:00,2622.6,2507.5369,345,18,2344.88,2507.5369,2671.51
load_26,2014-05-27 18:00:00,2608.2,2471.0603,345,19,2295.3662,2471.0603,2659.6074
load_26,2014-05-27 19:00:00,2589.3,2458.541,345,20,2245.294,2458.541,2655.0447
load_26,2014-05-27 20:00:00,1976.7,2121.9077,345,21,1839.7775,2121.9077,2361.1953
load_26,2014-05-27 21:00:00,1038.9,1165.8441,345,22,961.97687,1165.8441,1397.546
load_26,2014-05-27 22:00:00,736.5,799.7562,345,23,647.27484,799.7562,1017.0669
load_26,2014-05-27 23:00:00,517.5,585.57086,345,24,473.58105,585.57086,743.79724
load_26,2014-05-28 00:00:00,429.9,521.71533,346,1,449.66864,521.71533,584.5433
load_26,2014-05-28 01:00:00,438.9,462.2917,346,2,391.29236,462.2917,537.7535
load_26,2014-05-28 02:00:00,396.6,427.89423,346,3,356.35278,427.89423,487.013
load_26,2014-05-28 03:00:00,375.6,395.66492,346,4,326.53894,395.66492,466.847
load_26,2014-05-28 04:00:00,375.3,414.79236,346,5,349.85095,414.79236,486.49084
load_26,2014-05-28 05:00:00,372.6,423.71515,346,6,356.7727,423.71515,492.54254
load_26,2014-05-28 06:00:00,375.0,423.95923,346,7,353.27368,423.95923,496.0381
load_26,2014-05-28 07:00:00,435.0,448.76178,346,8,374.36987,448.76178,528.37665
load_26,2014-05-28 08:00:00,681.9,641.77185,346,9,525.8803,641.77185,777.58887
load_26,2014-05-28 09:00:00,1049.7,1057.7799,346,10,907.2003,1057.7799,1225.3956
load_26,2014-05-28 10:00:00,1989.9,2014.2001,346,11,1832.3198,2014.2001,2202.1804
load_26,2014-05-28 11:00:00,2681.4,2526.7603,346,12,2368.962,2526.7603,2666.545
load_26,2014-05-28 12:00:00,2755.2,2639.2683,346,13,2497.7822,2639.2683,2773.8057
load_26,2014-05-28 13:00:00,2675.4,2667.7983,346,14,2516.8633,2667.7983,2796.0256
load_26,2014-05-28 14:00:00,2738.4,2669.6167,346,15,2520.7983,2669.6167,2799.0483
load_26,2014-05-28 15:00:00,2677.8,2595.9907,346,16,2457.8152,2595.9907,2732.01
load_26,2014-05-28 16:00:00,2813.4,2569.586,346,17,2415.9263,2569.586,2708.2734
load_26,2014-05-28 17:00:00,2712.0,2538.7668,346,18,2381.0745,2538.7668,2690.8184
load_26,2014-05-28 18:00:00,2701.5,2505.721,346,19,2331.9224,2505.721,2683.5815
load_26,2014-05-28 19:00:00,2714.4,2493.6184,346,20,2308.281,2493.6184,2669.2285
load_26,2014-05-28 20:00:00,2087.4,2013.8259,346,21,1788.224,2013.8259,2250.754
load_26,2014-05-28 21:00:00,1098.0,1063.8546,346,22,908.78406,1063.8546,1253.8368
load_26,2014-05-28 22:00:00,753.6,748.24524,346,23,630.25305,748.24524,919.01416
load_26,2014-05-28 23:00:00,539.7,578.6983,346,24,484.9071,578.6983,698.3898
load_26,2014-05-29 00:00:00,461.7,473.90466,347,1,411.90308,473.90466,532.28937
load_26,2014-05-29 01:00:00,455.1,436.3946,347,2,379.4414,436.3946,505.34802
load_26,2014-05-29 02:00:00,387.0,419.27722,347,3,358.28516,419.27722,469.04242
load_26,2014-05-29 03:00:00,369.3,394.114,347,4,337.34863,394.114,453.42157
load_26,2014-05-29 04:00:00,399.9,403.7162,347,5,347.7444,403.7162,465.94342
load_26,2014-05-29 05:00:00,403.8,409.7046,347,6,350.65344,409.7046,468.0766
load_26,2014-05-29 06:00:00,420.0,415.88086,347,7,353.083,415.88086,478.9735
load_26,2014-05-29 07:00:00,465.0,433.77612,347,8,372.13354,433.77612,513.6825
load_26,2014-05-29 08:00:00,559.2,634.7546,347,9,521.9603,634.7546,776.84686
load_26,2014-05-29 09:00:00,1123.5,1055.7461,347,10,890.5033,1055.7461,1241.4984
load_26,2014-05-29 10:00:00,2186.1,2026.8357,347,11,1833.9956,2026.8357,2226.3013
load_26,2014-05-29 11:00:00,2872.5,2573.2705,347,12,2408.7166,2573.2705,2717.6929
load_26,2014-05-29 12:00:00,2901.6,2671.7559,347,13,2523.7505,2671.7559,2810.997
load_26,2014-05-29 13:00:00,2954.7,2696.9746,347,14,2540.9458,2696.9746,2829.399
load_26,2014-05-29 14:00:00,2912.7,2705.513,347,15,2556.5586,2705.513,2835.082
load_26,2014-05-29 15:00:00,2804.7,2645.9434,347,16,2507.7988,2645.9434,2784.6016
load_26,2014-05-29 16:00:00,2786.4,2649.3848,347,17,2494.657,2649.3848,2785.3474
load_26,2014-05-29 17:00:00,2923.8,2620.4631,347,18,2463.6475,2620.4631,2773.6523
load_26,2014-05-29 18:00:00,2924.4,2587.803,347,19,2423.222,2587.803,2761.1023
load_26,2014-05-29 19:00:00,2934.0,2570.9243,347,20,2376.4255,2570.9243,2744.85
load_26,2014-05-29 20:00:00,2298.6,2083.1812,347,21,1855.9082,2083.1812,2311.0374
load_26,2014-05-29 21:00:00,1122.0,1105.0664,347,22,943.45197,1105.0664,1277.7695
load_26,2014-05-29 22:00:00,768.3,756.4044,347,23,638.89185,756.4044,926.9338
load_26,2014-05-29 23:00:00,522.0,568.424,347,24,477.97968,568.424,686.2113
load_26,2014-05-30 00:00:00,467.4,487.60535,348,1,418.25073,487.60535,547.2441
load_26,2014-05-30 01:00:00,447.6,448.24707,348,2,386.62537,448.24707,517.83417
load_26,2014-05-30 02:00:00,382.2,430.51013,348,3,366.00427,430.51013,478.9284
load_26,2014-05-30 03:00:00,378.3,405.27893,348,4,347.5337,405.27893,463.16565
load_26,2014-05-30 04:00:00,400.5,412.9674,348,5,358.09387,412.9674,467.92786
load_26,2014-05-30 05:00:00,389.7,422.55225,348,6,366.76184,422.55225,476.0337
load_26,2014-05-30 06:00:00,473.1,429.4276,348,7,369.3269,429.4276,486.25256
load_26,2014-05-30 07:00:00,576.0,468.07288,348,8,399.57288,468.07288,532.79315
load_26,2014-05-30 08:00:00,693.6,636.13983,348,9,541.2765,636.13983,755.71576
load_26,2014-05-30 09:00:00,1149.0,1130.2756,348,10,992.5704,1130.2756,1262.4553
load_26,2014-05-30 10:00:00,2252.7,2141.1228,348,11,1961.9509,2141.1228,2327.9424
load_26,2014-05-30 11:00:00,2801.4,2766.758,348,12,2590.0762,2766.758,2914.8691
load_26,2014-05-30 12:00:00,2945.4,2825.337,348,13,2665.966,2825.337,2986.439
load_26,2014-05-30 13:00:00,2916.6,2835.8198,348,14,2669.1997,2835.8198,2990.6064
load_26,2014-05-30 14:00:00,2858.4,2849.4727,348,15,2684.5435,2849.4727,3001.7485
load_26,2014-05-30 15:00:00,2786.7,2778.0498,348,16,2623.4355,2778.0498,2936.718
load_26,2014-05-30 16:00:00,2794.8,2789.9988,348,17,2608.6023,2789.9988,2958.6428
load_26,2014-05-30 17:00:00,2940.3,2769.5972,348,18,2585.9116,2769.5972,2970.3982
load_26,2014-05-30 18:00:00,2903.4,2748.917,348,19,2557.9832,2748.917,2965.6345
load_26,2014-05-30 19:00:00,2727.6,2749.2517,348,20,2516.206,2749.2517,2983.7815
load_26,2014-05-30 20:00:00,2547.0,2262.0679,348,21,1985.5703,2262.0679,2529.6682
load_26,2014-05-30 21:00:00,1433.1,1206.7179,348,22,1016.2438,1206.7179,1416.8582
load_26,2014-05-30 22:00:00,956.1,812.78406,348,23,684.26154,812.78406,1005.8066
load_26,2014-05-30 23:00:00,689.7,604.45355,348,24,506.8448,604.45355,733.46765
load_26,2014-06-02 00:00:00,484.2,549.39215,349,1,468.40417,549.39215,625.17993
load_26,2014-06-02 01:00:00,466.8,484.39398,349,2,409.77844,484.39398,563.7494
load_26,2014-06-02 02:00:00,400.2,451.4945,349,3,375.8413,451.4945,515.8879
load_26,2014-06-02 03:00:00,381.3,418.15906,349,4,348.31287,418.15906,493.49146
load_26,2014-06-02 04:00:00,407.7,424.19775,349,5,352.2932,424.19775,501.63806
load_26,2014-06-02 05:00:00,412.2,446.3424,349,6,374.2766,446.3424,521.9636
load_26,2014-06-02 06:00:00,407.1,466.78394,349,7,388.07532,466.78394,552.28827
load_26,2014-06-02 07:00:00,465.0,518.8992,349,8,421.90662,518.8992,600.5032
load_26,2014-06-02 08:00:00,586.5,637.1371,349,9,524.77936,637.1371,767.83026
load_26,2014-06-02 09:00:00,1030.5,1079.9005,349,10,929.4478,1079.9005,1226.0793
load_26,2014-06-02 10:00:00,1967.4,2108.5168,349,11,1890.022,2108.5168,2317.4763
load_26,2014-06-02 11:00:00,2627.7,2697.335,349,12,2480.0706,2697.335,2885.032
load_26,2014-06-02 12:00:00,2785.5,2805.121,349,13,2582.4343,2805.121,2995.5962
load_26,2014-06-02 13:00:00,2754.6,2821.9683,349,14,2573.4507,2821.9683,3013.055
load_26,2014-06-02 14:00:00,2687.1,2807.6362,349,15,2601.3767,2807.6362,3005.8955
load_26,2014-06-02 15:00:00,2571.3,2730.624,349,16,2524.087,2730.624,2925.4878
load_26,2014-06-02 16:00:00,2596.8,2765.9097,349,17,2510.7754,2765.9097,2942.7842
load_26,2014-06-02 17:00:00,2610.3,2752.188,349,18,2529.8374,2752.188,2953.897
load_26,2014-06-02 18:00:00,2612.7,2721.44,349,19,2479.656,2721.44,2941.9304
load_26,2014-06-02 19:00:00,2609.4,2709.9917,349,20,2420.2852,2709.9917,2931.0007
load_26,2014-06-02 20:00:00,2010.3,2267.4521,349,21,1934.2738,2267.4521,2540.4543
load_26,2014-06-02 21:00:00,1085.4,1202.2815,349,22,980.37946,1202.2815,1431.7808
load_26,2014-06-02 22:00:00,829.8,844.45605,349,23,675.28705,844.45605,1064.5443
load_26,2014-06-02 23:00:00,582.9,629.3349,349,24,502.77765,629.3349,800.7768
load_26,2014-06-03 00:00:00,530.7,483.79443,350,1,411.82056,483.79443,541.75836
load_26,2014-06-03 01:00:00,518.1,440.4829,350,2,374.9972,440.4829,514.0409
load_26,2014-06-03 02:00:00,482.1,417.88916,350,3,347.6875,417.88916,470.5277
load_26,2014-06-03 03:00:00,414.0,391.60962,350,4,327.5769,391.60962,451.13403
load_26,2014-06-03 04:00:00,414.3,404.0188,350,5,342.70447,404.0188,462.84314
load_26,2014-06-03 05:00:00,401.7,417.4353,350,6,354.94934,417.4353,473.9519
load_26,2014-06-03 06:00:00,386.7,426.8667,350,7,361.95386,426.8667,487.36218
load_26,2014-06-03 07:00:00,427.2,469.04626,350,8,392.17944,469.04626,531.9402
load_26,2014-06-03 08:00:00,556.8,595.9845,350,9,504.77606,595.9845,683.1953
load_26,2014-06-03 09:00:00,957.6,1013.63245,350,10,894.77136,1013.63245,1125.288
load_26,2014-06-03 10:00:00,1447.8,1955.9373,350,11,1780.0912,1955.9373,2119.2153
load_26,2014-06-03 11:00:00,2550.0,2528.2163,350,12,2350.6042,2528.2163,2696.0261
load_26,2014-06-03 12:00:00,2643.9,2623.168,350,13,2437.9077,2623.168,2785.1746
load_26,2014-06-03 13:00:00,2582.4,2629.1921,350,14,2415.6902,2629.1921,2796.9912
load_26,2014-06-03 14:00:00,2602.2,2599.2783,350,15,2426.457,2599.2783,2790.5845
load_26,2014-06-03 15:00:00,2596.8,2528.166,350,16,2338.1162,2528.166,2712.7275
load_26,2014-06-03 16:00:00,2611.2,2557.2341,350,17,2324.2004,2557.2341,2738.8813
load_26,2014-06-03 17:00:00,2577.6,2563.6328,350,18,2347.054,2563.6328,2762.1865
load_26,2014-06-03 18:00:00,2590.2,2526.8232,350,19,2276.9097,2526.8232,2749.2832
load_26,2014-06-03 19:00:00,2604.0,2510.606,350,20,2232.8333,2510.606,2735.9165
load_26,2014-06-03 20:00:00,2025.9,2090.5076,350,21,1806.9419,2090.5076,2352.0398
load_26,2014-06-03 21:00:00,1081.2,1101.5942,350,22,926.42084,1101.5942,1289.2877
load_26,2014-06-03 22:00:00,789.0,773.5109,350,23,653.6952,773.5109,941.8194
load_26,2014-06-03 23:00:00,574.8,576.19354,350,24,483.5381,576.19354,683.4856
load_26,2014-06-04 00:00:00,477.9,471.85364,351,1,409.08484,471.85364,529.16187
load_26,2014-06-04 01:00:00,458.1,432.2041,351,2,372.60535,432.2041,497.372
load_26,2014-06-04 02:00:00,392.1,415.99805,351,3,351.20007,415.99805,465.07434
load_26,2014-06-04 03:00:00,376.2,384.51672,351,4,328.37378,384.51672,439.77356
load_26,2014-06-04 04:00:00,406.5,397.04675,351,5,341.32642,397.04675,452.00183
load_26,2014-06-04 05:00:00,399.3,407.01,351,6,346.6383,407.01,460.68335
load_26,2014-06-04 06:00:00,388.8,416.89844,351,7,353.30786,416.89844,475.1775
load_26,2014-06-04 07:00:00,451.8,446.8789,351,8,375.34143,446.8789,510.6076
load_26,2014-06-04 08:00:00,634.5,561.1944,351,9,473.32153,561.1944,651.14124
load_26,2014-06-04 09:00:00,1086.6,985.2958,351,10,847.2617,985.2958,1123.0686
load_26,2014-06-04 10:00:00,2177.1,1811.8287,351,11,1624.1665,1811.8287,2005.4277
load_26,2014-06-04 11:00:00,2761.2,2545.1584,351,12,2356.227,2545.1584,2708.124
load_26,2014-06-04 12:00:00,2913.9,2648.6497,351,13,2470.4497,2648.6497,2799.4165
load_26,2014-06-04 13:00:00,2804.7,2655.1172,351,14,2455.198,2655.1172,2809.2383
load_26,2014-06-04 14:00:00,2757.9,2616.1353,351,15,2462.4517,2616.1353,2796.516
load_26,2014-06-04 15:00:00,2794.5,2564.7617,351,16,2394.7817,2564.7617,2733.8574
load_26,2014-06-04 16:00:00,2833.2,2594.1191,351,17,2415.5757,2594.1191,2741.1038
load_26,2014-06-04 17:00:00,2809.8,2595.573,351,18,2411.22,2595.573,2760.6216
load_26,2014-06-04 18:00:00,2694.9,2573.4028,351,19,2364.584,2573.4028,2757.2212
load_26,2014-06-04 19:00:00,2669.1,2574.9297,351,20,2374.0913,2574.9297,2751.0596
load_26,2014-06-04 20:00:00,2538.6,2036.136,351,21,1836.6765,2036.136,2237.4263
load_26,2014-06-04 21:00:00,1403.1,1065.3813,351,22,927.2163,1065.3813,1219.1855
load_26,2014-06-04 22:00:00,789.9,779.05066,351,23,672.67017,779.05066,924.99554
load_26,2014-06-04 23:00:00,533.1,587.7099,351,24,502.23358,587.7099,692.0177
load_26,2014-06-05 00:00:00,478.2,493.95288,352,1,426.15662,493.95288,554.1517
load_26,2014-06-05 01:00:00,505.2,449.43005,352,2,386.84802,449.43005,518.96814
load_26,2014-06-05 02:00:00,421.5,437.0741,352,3,369.09595,437.0741,486.36108
load_26,2014-06-05 03:00:00,367.5,412.66016,352,4,351.52124,412.66016,469.18884
load_26,2014-06-05 04:00:00,364.2,417.4917,352,5,357.1775,417.4917,476.36218
load_26,2014-06-05 05:00:00,362.7,427.42993,352,6,366.9712,427.42993,482.06506
load_26,2014-06-05 06:00:00,372.0,439.65308,352,7,376.44202,439.65308,500.36255
load_26,2014-06-05 07:00:00,439.2,498.01318,352,8,419.90576,498.01318,564.61145
load_26,2014-06-05 08:00:00,548.4,647.8933,352,9,547.61566,647.8933,767.92
load_26,2014-06-05 09:00:00,916.8,1126.5513,352,10,972.3158,1126.5513,1277.863
load_26,2014-06-05 10:00:00,2000.7,2068.8958,352,11,1876.6985,2068.8958,2275.1687
load_26,2014-06-05 11:00:00,2551.8,2702.5742,352,12,2508.8987,2702.5742,2863.4507
load_26,2014-06-05 12:00:00,2803.5,2760.1338,352,13,2581.9724,2760.1338,2936.8032
load_26,2014-06-05 13:00:00,2694.9,2745.171,352,14,2538.8594,2745.171,2919.0376
load_26,2014-06-05 14:00:00,2595.3,2720.391,352,15,2554.651,2720.391,2909.3477
load_26,2014-06-05 15:00:00,2613.3,2706.8743,352,16,2539.1418,2706.8743,2880.327
load_26,2014-06-05 16:00:00,2741.1,2733.272,352,17,2530.4167,2733.272,2894.6172
load_26,2014-06-05 17:00:00,2724.3,2708.2727,352,18,2518.3508,2708.2727,2906.2314
load_26,2014-06-05 18:00:00,2730.6,2677.2952,352,19,2470.7825,2677.2952,2895.2905
load_26,2014-06-05 19:00:00,2628.0,2659.9253,352,20,2401.4395,2659.9253,2889.8066
load_26,2014-06-05 20:00:00,2550.3,2271.7825,352,21,1932.749,2271.7825,2550.0845
load_26,2014-06-05 21:00:00,1419.6,1234.8079,352,22,1016.2867,1234.8079,1473.3667
load_26,2014-06-05 22:00:00,829.2,805.69476,352,23,675.33044,805.69476,997.7038
load_26,2014-06-05 23:00:00,519.6,602.04596,352,24,515.47815,602.04596,717.94464
load_26,2014-06-09 00:00:00,553.2,451.62512,353,1,391.87195,451.62512,512.70447
load_26,2014-06-09 01:00:00,522.9,418.59802,353,2,364.96997,418.59802,478.0985
load_26,2014-06-09 02:00:00,465.3,411.62927,353,3,354.98682,411.62927,453.39417
load_26,2014-06-09 03:00:00,461.4,386.07922,353,4,338.7771,386.07922,431.2577
load_26,2014-06-09 04:00:00,481.2,384.42188,353,5,335.5819,384.42188,431.0995
load_26,2014-06-09 05:00:00,479.4,397.47937,353,6,346.30212,397.47937,440.12012
load_26,2014-06-09 06:00:00,470.7,413.68164,353,7,360.21057,413.68164,460.66357
load_26,2014-06-09 07:00:00,587.4,460.94153,353,8,393.30005,460.94153,512.15155
load_26,2014-06-09 08:00:00,840.0,570.62195,353,9,490.38525,570.62195,659.76843
load_26,2014-06-09 09:00:00,913.5,1013.478,353,10,873.9022,1013.478,1137.6189
load_26,2014-06-09 10:00:00,1985.1,1986.8004,353,11,1792.1696,1986.8004,2159.7524
load_26,2014-06-09 11:00:00,2541.3,2645.894,353,12,2461.385,2645.894,2784.7117
load_26,2014-06-09 12:00:00,2697.0,2725.0684,353,13,2549.6924,2725.0684,2868.5994
load_26,2014-06-09 13:00:00,2702.7,2723.2197,353,14,2514.2734,2723.2197,2867.2378
load_26,2014-06-09 14:00:00,2660.7,2681.2976,353,15,2518.6482,2681.2976,2848.118
load_26,2014-06-09 15:00:00,2543.1,2670.3188,353,16,2503.114,2670.3188,2820.6963
load_26,2014-06-09 16:00:00,2535.9,2729.6455,353,17,2527.9348,2729.6455,2867.7183
load_26,2014-06-09 17:00:00,2544.9,2704.3975,353,18,2524.165,2704.3975,2869.1855
load_26,2014-06-09 18:00:00,2548.5,2670.9197,353,19,2467.8752,2670.9197,2856.789
load_26,2014-06-09 19:00:00,2557.8,2651.2402,353,20,2392.809,2651.2402,2844.649
load_26,2014-06-09 20:00:00,1948.2,2340.3218,353,21,2007.0356,2340.3218,2572.6067
load_26,2014-06-09 21:00:00,1003.2,1257.274,353,22,1031.9966,1257.274,1468.2792
load_26,2014-06-09 22:00:00,852.6,802.43695,353,23,664.284,802.43695,977.2777
load_26,2014-06-09 23:00:00,702.0,569.26654,353,24,477.12048,569.26654,661.63855
load_26,2014-06-10 00:00:00,691.8,524.93634,354,1,441.4077,524.93634,581.6821
load_26,2014-06-10 01:00:00,686.1,471.01477,354,2,395.0161,471.01477,553.80536
load_26,2014-06-10 02:00:00,472.5,446.60657,354,3,367.11584,446.60657,513.0053
load_26,2014-06-10 03:00:00,411.6,418.46777,354,4,344.97815,418.46777,493.0298
load_26,2014-06-10 04:00:00,465.0,426.00757,354,5,353.34167,426.00757,499.1819
load_26,2014-06-10 05:00:00,473.1,429.50317,354,6,352.9646,429.50317,500.79333
load_26,2014-06-10 06:00:00,477.9,438.64197,354,7,360.125,438.64197,512.6512
load_26,2014-06-10 07:00:00,474.9,496.25085,354,8,407.30676,496.25085,579.6101
load_26,2014-06-10 08:00:00,557.4,614.6591,354,9,503.50537,614.6591,736.15186
load_26,2014-06-10 09:00:00,985.2,964.85144,354,10,826.1274,964.85144,1129.8335
load_26,2014-06-10 10:00:00,2092.2,1871.8782,354,11,1680.088,1871.8782,2079.1301
load_26,2014-06-10 11:00:00,2656.5,2527.7734,354,12,2334.1443,2527.7734,2707.8872
load_26,2014-06-10 12:00:00,2675.4,2611.3242,354,13,2426.3013,2611.3242,2791.454
load_26,2014-06-10 13:00:00,2811.0,2610.0972,354,14,2402.9832,2610.0972,2787.9941
load_26,2014-06-10 14:00:00,2859.9,2573.6128,354,15,2406.5503,2573.6128,2774.5771
load_26,2014-06-10 15:00:00,2819.7,2550.5527,354,16,2370.8303,2550.5527,2733.9343
load_26,2014-06-10 16:00:00,2838.6,2585.0044,354,17,2367.441,2585.0044,2762.5662
load_26,2014-06-10 17:00:00,2819.7,2586.7026,354,18,2383.9902,2586.7026,2784.9849
load_26,2014-06-10 18:00:00,2710.8,2558.2395,354,19,2328.9604,2558.2395,2779.388
load_26,2014-06-10 19:00:00,2519.7,2540.1128,354,20,2280.6096,2540.1128,2773.146
load_26,2014-06-10 20:00:00,1981.8,2172.212,354,21,1862.9333,2172.212,2447.073
load_26,2014-06-10 21:00:00,1026.3,1130.5266,354,22,937.91473,1130.5266,1355.7122
load_26,2014-06-10 22:00:00,798.3,770.8463,354,23,639.7052,770.8463,959.4976
load_26,2014-06-10 23:00:00,543.0,585.51514,354,24,488.29492,585.51514,701.1913
load_26,2014-06-11 00:00:00,463.8,528.14545,355,1,452.4552,528.14545,587.23193
load_26,2014-06-11 01:00:00,421.5,485.27185,355,2,407.50012,485.27185,555.34644
load_26,2014-06-11 02:00:00,414.9,433.86206,355,3,359.45972,433.86206,492.40967
load_26,2014-06-11 03:00:00,423.0,401.17603,355,4,332.60986,401.17603,467.42603
load_26,2014-06-11 04:00:00,432.0,411.59155,355,5,344.3828,411.59155,478.71606
load_26,2014-06-11 05:00:00,427.8,422.33105,355,6,352.99036,422.33105,483.98267
load_26,2014-06-11 06:00:00,411.3,423.80786,355,7,351.52307,423.80786,488.04138
load_26,2014-06-11 07:00:00,452.1,469.47327,355,8,389.8512,469.47327,539.5822
load_26,2014-06-11 08:00:00,623.1,618.4266,355,9,511.0954,618.4266,720.7506
load_26,2014-06-11 09:00:00,992.1,972.5717,355,10,835.06696,972.5717,1120.4047
load_26,2014-06-11 10:00:00,2055.6,1978.4789,355,11,1768.3218,1978.4789,2173.1162
load_26,2014-06-11 11:00:00,2462.7,2611.015,355,12,2412.4644,2611.015,2768.9966
load_26,2014-06-11 12:00:00,2684.4,2694.7854,355,13,2506.84,2694.7854,2856.0435
load_26,2014-06-11 13:00:00,2706.6,2710.9302,355,14,2490.7842,2710.9302,2873.895
load_26,2014-06-11 14:00:00,2689.5,2686.687,355,15,2505.1218,2686.687,2863.1958
load_26,2014-06-11 15:00:00,2595.9,2660.7866,355,16,2480.996,2660.7866,2828.6309
load_26,2014-06-11 16:00:00,2590.8,2691.0347,355,17,2473.5325,2691.0347,2852.3345
load_26,2014-06-11 17:00:00,2681.4,2658.5908,355,18,2451.7754,2658.5908,2851.5083
load_26,2014-06-11 18:00:00,2674.5,2607.309,355,19,2363.7817,2607.309,2822.4578
load_26,2014-06-11 19:00:00,2627.4,2557.578,355,20,2261.5813,2557.578,2787.4897
load_26,2014-06-11 20:00:00,1985.7,2147.3137,355,21,1816.2958,2147.3137,2427.2866
load_26,2014-06-11 21:00:00,1083.9,1100.8356,355,22,896.8955,1100.8356,1334.6617
load_26,2014-06-11 22:00:00,840.0,771.1058,355,23,635.81415,771.1058,958.7749
load_26,2014-06-11 23:00:00,597.0,585.68317,355,24,488.61584,585.68317,695.1424
load_26,2014-06-12 00:00:00,556.5,497.91785,356,1,435.65063,497.91785,558.7713
load_26,2014-06-12 01:00:00,500.4,450.4895,356,2,388.4994,450.4895,520.9843
load_26,2014-06-12 02:00:00,423.0,430.27148,356,3,365.71497,430.27148,480.48285
load_26,2014-06-12 03:00:00,411.3,406.10156,356,4,347.0387,406.10156,461.50354
load_26,2014-06-12 04:00:00,418.8,415.9231,356,5,358.62732,415.9231,472.40314
load_26,2014-06-12 05:00:00,416.1,425.1875,356,6,364.6682,425.1875,477.48242
load_26,2014-06-12 06:00:00,391.2,423.75696,356,7,360.29846,423.75696,473.40515
load_26,2014-06-12 07:00:00,440.7,453.24072,356,8,388.35913,453.24072,518.8039
load_26,2014-06-12 08:00:00,545.7,577.1961,356,9,490.399,577.1961,675.7772
load_26,2014-06-12 09:00:00,927.6,958.8818,356,10,833.4349,958.8818,1098.6769
load_26,2014-06-12 10:00:00,2152.2,1959.2715,356,11,1778.8828,1959.2715,2136.9524
load_26,2014-06-12 11:00:00,2668.5,2600.2153,356,12,2435.645,2600.2153,2728.7166
load_26,2014-06-12 12:00:00,2723.7,2676.107,356,13,2528.959,2676.107,2808.9717
load_26,2014-06-12 13:00:00,2734.8,2693.2388,356,14,2526.9202,2693.2388,2824.0
load_26,2014-06-12 14:00:00,2725.2,2701.916,356,15,2548.4932,2701.916,2831.4316
load_26,2014-06-12 15:00:00,2704.5,2665.5635,356,16,2526.641,2665.5635,2801.6716
load_26,2014-06-12 16:00:00,2702.1,2688.6643,356,17,2525.807,2688.6643,2821.7163
load_26,2014-06-12 17:00:00,2711.7,2662.026,356,18,2508.3071,2662.026,2816.2322
load_26,2014-06-12 18:00:00,2713.5,2631.974,356,19,2469.1567,2631.974,2802.4834
load_26,2014-06-12 19:00:00,2713.5,2580.9092,356,20,2376.7983,2580.9092,2750.8706
load_26,2014-06-12 20:00:00,1946.4,2098.6458,356,21,1848.2279,2098.6458,2341.883
load_26,2014-06-12 21:00:00,1037.1,1105.4415,356,22,944.1679,1105.4415,1287.6542
load_26,2014-06-12 22:00:00,752.7,785.01917,356,23,671.2856,785.01917,949.63806
load_26,2014-06-12 23:00:00,535.8,592.4092,356,24,510.27972,592.4092,693.98236
load_26,2014-06-13 00:00:00,487.2,518.26196,357,1,448.2827,518.26196,578.62805
load_26,2014-06-13 01:00:00,471.9,465.8988,357,2,394.99084,465.8988,537.349
load_26,2014-06-13 02:00:00,408.3,432.5365,357,3,362.46326,432.5365,488.6161
load_26,2014-06-13 03:00:00,384.3,397.74658,357,4,333.11218,397.74658,459.1239
load_26,2014-06-13 04:00:00,381.9,410.75732,357,5,348.23108,410.75732,474.94885
load_26,2014-06-13 05:00:00,381.0,420.6117,357,6,356.54932,420.6117,479.93707
load_26,2014-06-13 06:00:00,405.9,414.3413,357,7,345.6831,414.3413,472.03088
load_26,2014-06-13 07:00:00,447.0,452.91528,357,8,378.29248,452.91528,522.6652
load_26,2014-06-13 08:00:00,561.0,603.1899,357,9,501.8015,603.1899,711.55804
load_26,2014-06-13 09:00:00,1134.9,944.68164,357,10,804.5087,944.68164,1099.1918
load_26,2014-06-13 10:00:00,2174.4,2035.8458,357,11,1826.7196,2035.8458,2231.9272
load_26,2014-06-13 11:00:00,2665.8,2569.437,357,12,2382.9932,2569.437,2716.894
load_26,2014-06-13 12:00:00,2734.8,2651.701,357,13,2476.95,2651.701,2801.3228
load_26,2014-06-13 13:00:00,2740.2,2673.7568,357,14,2467.4902,2673.7568,2826.3906
load_26,2014-06-13 14:00:00,2746.8,2661.3203,357,15,2490.1504,2661.3203,2817.9243
load_26,2014-06-13 15:00:00,2716.2,2638.018,357,16,2475.2825,2638.018,2790.679
load_26,2014-06-13 16:00:00,2713.8,2681.5732,357,17,2478.0256,2681.5732,2826.9739
load_26,2014-06-13 17:00:00,2775.6,2655.8394,357,18,2471.3325,2655.8394,2826.045
load_26,2014-06-13 18:00:00,2741.7,2619.3997,357,19,2417.721,2619.3997,2808.656
load_26,2014-06-13 19:00:00,2734.2,2585.2642,357,20,2318.9644,2585.2642,2784.707
load_26,2014-06-13 20:00:00,2666.1,2116.637,357,21,1790.8646,2116.637,2384.4646
load_26,2014-06-13 21:00:00,1458.3,1100.188,357,22,900.62524,1100.188,1329.8186
load_26,2014-06-13 22:00:00,923.1,769.0994,357,23,632.4938,769.0994,957.98804
load_26,2014-06-13 23:00:00,555.3,589.6628,357,24,489.8282,589.6628,699.3513
load_26,2014-06-16 00:00:00,475.2,508.7386,358,1,435.9923,508.7386,570.0405
load_26,2014-06-16 01:00:00,459.6,459.66443,358,2,392.20154,459.66443,534.50964
load_26,2014-06-16 02:00:00,373.5,436.19214,358,3,369.20154,436.19214,490.30383
load_26,2014-06-16 03:00:00,362.7,405.87524,358,4,344.4325,405.87524,466.28796
load_26,2014-06-16 04:00:00,385.8,410.49817,358,5,351.05188,410.49817,472.04822
load_26,2014-06-16 05:00:00,379.8,423.29443,358,6,361.99377,423.29443,478.33472
load_26,2014-06-16 06:00:00,374.1,431.34875,358,7,366.96094,431.34875,489.7036
load_26,2014-06-16 07:00:00,426.3,471.5503,358,8,398.52087,471.5503,539.8883
load_26,2014-06-16 08:00:00,538.8,599.864,358,9,507.12756,599.864,709.27094
load_26,2014-06-16 09:00:00,1014.0,1001.98517,358,10,877.9361,1001.98517,1130.3761
load_26,2014-06-16 10:00:00,2115.6,2125.1143,358,11,1939.4279,2125.1143,2300.7434
load_26,2014-06-16 11:00:00,2589.3,2650.233,358,12,2486.554,2650.233,2782.2388
load_26,2014-06-16 12:00:00,2657.4,2720.327,358,13,2567.3184,2720.327,2861.2244
load_26,2014-06-16 13:00:00,2796.9,2739.867,358,14,2568.0825,2739.867,2880.544
load_26,2014-06-16 14:00:00,2889.0,2744.494,358,15,2585.5425,2744.494,2885.1797
load_26,2014-06-16 15:00:00,2874.3,2715.1965,358,16,2567.8916,2715.1965,2858.8208
load_26,2014-06-16 16:00:00,2873.4,2731.417,358,17,2548.0981,2731.417,2879.5896
load_26,2014-06-16 17:00:00,2782.2,2707.7656,358,18,2537.316,2707.7656,2877.5732
load_26,2014-06-16 18:00:00,2725.5,2681.934,358,19,2500.5952,2681.934,2870.648
load_26,2014-06-16 19:00:00,2725.8,2649.6743,358,20,2397.8457,2649.6743,2854.6777
load_26,2014-06-16 20:00:00,1991.4,2244.04,358,21,1901.9862,2244.04,2510.4756
load_26,2014-06-16 21:00:00,1103.1,1202.3041,358,22,975.6463,1202.3041,1454.535
load_26,2014-06-16 22:00:00,928.8,828.0036,358,23,682.61017,828.0036,1029.0581
load_26,2014-06-16 23:00:00,576.3,608.74255,358,24,511.3573,608.74255,728.63574
load_26,2014-06-17 00:00:00,474.6,540.6443,359,1,463.4961,540.6443,617.3219
load_26,2014-06-17 01:00:00,470.1,475.1598,359,2,400.75818,475.1598,550.01404
load_26,2014-06-17 02:00:00,438.0,433.6543,359,3,363.24414,433.6543,492.023
load_26,2014-06-17 03:00:00,401.4,397.52502,359,4,332.41614,397.52502,463.65955
load_26,2014-06-17 04:00:00,363.6,405.20154,359,5,343.8236,405.20154,469.28674
load_26,2014-06-17 05:00:00,368.7,415.437,359,6,353.61133,415.437,472.55164
load_26,2014-06-17 06:00:00,390.9,416.44324,359,7,350.6488,416.44324,473.79016
load_26,2014-06-17 07:00:00,460.5,452.5786,359,8,382.50378,452.5786,519.94604
load_26,2014-06-17 08:00:00,576.3,609.196,359,9,510.84497,609.196,708.0883
load_26,2014-06-17 09:00:00,925.8,1018.9369,359,10,893.34674,1018.9369,1143.1929
load_26,2014-06-17 10:00:00,2204.1,2121.179,359,11,1940.3329,2121.179,2283.2031
load_26,2014-06-17 11:00:00,2828.1,2605.4517,359,12,2457.5488,2605.4517,2724.0366
load_26,2014-06-17 12:00:00,2892.6,2704.0952,359,13,2565.1191,2704.0952,2818.715
load_26,2014-06-17 13:00:00,2893.5,2734.4019,359,14,2586.3115,2734.4019,2848.2637
load_26,2014-06-17 14:00:00,2847.6,2757.0322,359,15,2615.7969,2757.0322,2871.2974
load_26,2014-06-17 15:00:00,2705.1,2710.3472,359,16,2578.0127,2710.3472,2832.3218
load_26,2014-06-17 16:00:00,2779.8,2723.7952,359,17,2548.106,2723.7952,2854.7507
load_26,2014-06-17 17:00:00,2751.3,2698.2402,359,18,2542.175,2698.2402,2845.444
load_26,2014-06-17 18:00:00,2599.5,2660.3457,359,19,2489.2593,2660.3457,2829.2344
load_26,2014-06-17 19:00:00,2621.4,2642.1597,359,20,2410.1277,2642.1597,2821.642
load_26,2014-06-17 20:00:00,2021.1,2171.6294,359,21,1862.1135,2171.6294,2424.6006
load_26,2014-06-17 21:00:00,1191.9,1140.9584,359,22,946.3303,1140.9584,1369.2888
load_26,2014-06-17 22:00:00,1080.6,837.2427,359,23,699.4933,837.2427,1030.5283
load_26,2014-06-17 23:00:00,881.4,607.2089,359,24,509.1081,607.2089,726.80994
load_26,2014-06-18 00:00:00,778.8,627.38416,360,1,546.69635,627.38416,738.82007
load_26,2014-06-18 01:00:00,678.9,553.7949,360,2,459.6676,553.7949,675.01447
load_26,2014-06-18 02:00:00,513.0,473.32422,360,3,388.80737,473.32422,559.72107
load_26,2014-06-18 03:00:00,375.3,417.54553,360,4,334.45557,417.54553,518.9964
load_26,2014-06-18 04:00:00,399.0,425.5238,360,5,348.4098,425.5238,520.24225
load_26,2014-06-18 05:00:00,407.4,435.24658,360,6,358.2041,435.24658,526.37225
load_26,2014-06-18 06:00:00,404.4,435.62964,360,7,352.91895,435.62964,530.31085
load_26,2014-06-18 07:00:00,437.7,475.37366,360,8,385.68274,475.37366,568.17145
load_26,2014-06-18 08:00:00,627.3,607.7088,360,9,497.64062,607.7088,722.3379
load_26,2014-06-18 09:00:00,1057.8,979.5511,360,10,872.2901,979.5511,1122.5001
load_26,2014-06-18 10:00:00,2237.1,2148.81,360,11,1977.8623,2148.81,2316.6934
load_26,2014-06-18 11:00:00,2862.0,2663.1294,360,12,2516.7974,2663.1294,2778.3027
load_26,2014-06-18 12:00:00,2881.5,2737.7607,360,13,2600.6614,2737.7607,2854.8965
load_26,2014-06-18 13:00:00,2897.1,2768.2207,360,14,2642.6206,2768.2207,2884.151
load_26,2014-06-18 14:00:00,2891.1,2797.8044,360,15,2662.5427,2797.8044,2918.1538
load_26,2014-06-18 15:00:00,2873.7,2749.4639,360,16,2620.1255,2749.4639,2873.4365
load_26,2014-06-18 16:00:00,2869.8,2743.0896,360,17,2586.1702,2743.0896,2898.0613
load_26,2014-06-18 17:00:00,2872.8,2708.8672,360,18,2555.9268,2708.8672,2876.0625
load_26,2014-06-18 18:00:00,2889.0,2669.8767,360,19,2488.861,2669.8767,2863.85
load_26,2014-06-18 19:00:00,2748.6,2646.0977,360,20,2453.2727,2646.0977,2839.3936
load_26,2014-06-18 20:00:00,1979.1,2059.282,360,21,1820.3374,2059.282,2337.5583
load_26,2014-06-18 21:00:00,1240.2,1149.094,360,22,979.07745,1149.094,1394.4144
load_26,2014-06-18 22:00:00,1033.5,927.39026,360,23,781.8097,927.39026,1166.3918
load_26,2014-06-18 23:00:00,666.3,687.28217,360,24,571.03925,687.28217,891.7293
load_26,2014-06-19 00:00:00,496.2,599.15314,361,1,529.4082,599.15314,685.51294
load_26,2014-06-19 01:00:00,465.6,540.10284,361,2,466.7627,540.10284,626.00336
load_26,2014-06-19 02:00:00,408.3,473.77405,361,3,407.57678,473.77405,530.4807
load_26,2014-06-19 03:00:00,385.2,419.36646,361,4,356.6294,419.36646,482.24072
load_26,2014-06-19 04:00:00,413.7,418.06165,361,5,361.76086,418.06165,474.3402
load_26,2014-06-19 05:00:00,409.2,424.47095,361,6,367.20386,424.47095,472.17517
load_26,2014-06-19 06:00:00,410.7,422.0791,361,7,360.20764,422.0791,468.04492
load_26,2014-06-19 07:00:00,754.5,457.1814,361,8,396.16284,457.1814,514.28644
load_26,2014-06-19 08:00:00,945.6,608.01874,361,9,528.6895,608.01874,680.1478
load_26,2014-06-19 09:00:00,1026.3,1027.8113,361,10,932.637,1027.8113,1127.943
load_26,2014-06-19 10:00:00,1982.1,2213.8833,361,11,2054.1191,2213.8833,2355.6294
load_26,2014-06-19 11:00:00,2599.2,2728.691,361,12,2584.6118,2728.691,2835.8987
load_26,2014-06-19 12:00:00,2850.6,2800.5576,361,13,2672.885,2800.5576,2911.3384
load_26,2014-06-19 13:00:00,2722.5,2827.2612,361,14,2703.9214,2827.2612,2935.409
load_26,2014-06-19 14:00:00,2750.4,2844.7178,361,15,2712.018,2844.7178,2955.7334
load_26,2014-06-19 15:00:00,2719.2,2772.8572,361,16,2649.1553,2772.8572,2891.7952
load_26,2014-06-19 16:00:00,2740.5,2770.1804,361,17,2611.7695,2770.1804,2905.9146
load_26,2014-06-19 17:00:00,2726.7,2743.3896,361,18,2592.822,2743.3896,2902.1284
load_26,2014-06-19 18:00:00,2721.3,2705.7349,361,19,2539.5037,2705.7349,2881.9631
load_26,2014-06-19 19:00:00,2658.0,2670.0945,361,20,2464.8315,2670.0945,2846.427
load_26,2014-06-19 20:00:00,2060.7,2086.3691,361,21,1858.6926,2086.3691,2322.3843
load_26,2014-06-19 21:00:00,1149.0,1171.3573,361,22,1013.1507,1171.3573,1365.9529
load_26,2014-06-19 22:00:00,798.9,941.5562,361,23,815.53064,941.5562,1137.025
load_26,2014-06-19 23:00:00,531.9,683.00616,361,24,584.5464,683.00616,844.29834
load_26,2014-06-20 00:00:00,494.4,489.2683,362,1,417.77368,489.2683,558.4938
load_26,2014-06-20 01:00:00,483.0,442.76416,362,2,373.21777,442.76416,530.0058
load_26,2014-06-20 02:00:00,401.4,426.38977,362,3,351.93213,426.38977,491.1875
load_26,2014-06-20 03:00:00,368.1,388.07703,362,4,315.58008,388.07703,465.6626
load_26,2014-06-20 04:00:00,386.4,396.53027,362,5,330.01147,396.53027,475.3324
load_26,2014-06-20 05:00:00,409.2,408.93884,362,6,339.70337,408.93884,486.2234
load_26,2014-06-20 06:00:00,382.8,418.52905,362,7,342.68835,418.52905,502.5199
load_26,2014-06-20 07:00:00,468.3,498.20435,362,8,397.7931,498.20435,594.1959
load_26,2014-06-20 08:00:00,558.0,644.33185,362,9,522.079,644.33185,789.69244
load_26,2014-06-20 09:00:00,978.0,1025.5414,362,10,890.65894,1025.5414,1196.016
load_26,2014-06-20 10:00:00,2024.7,2129.565,362,11,1947.369,2129.565,2316.72
load_26,2014-06-20 11:00:00,2767.8,2656.901,362,12,2506.494,2656.901,2785.749
load_26,2014-06-20 12:00:00,2973.6,2727.8066,362,13,2587.847,2727.8066,2850.816
load_26,2014-06-20 13:00:00,2952.6,2759.1445,362,14,2612.5425,2759.1445,2879.908
load_26,2014-06-20 14:00:00,2794.5,2785.4497,362,15,2642.852,2785.4497,2904.1733
load_26,2014-06-20 15:00:00,2931.3,2740.308,362,16,2606.9365,2740.308,2870.0303
load_26,2014-06-20 16:00:00,2931.9,2752.5767,362,17,2595.5312,2752.5767,2890.2588
load_26,2014-06-20 17:00:00,2871.3,2723.393,362,18,2574.343,2723.393,2874.439
load_26,2014-06-20 18:00:00,2876.4,2700.8877,362,19,2539.292,2700.8877,2878.1692
load_26,2014-06-20 19:00:00,2737.2,2675.876,362,20,2485.0957,2675.876,2858.645
load_26,2014-06-20 20:00:00,2575.2,2040.7924,362,21,1804.8933,2040.7924,2295.4556
load_26,2014-06-20 21:00:00,1667.7,1150.5623,362,22,985.5414,1150.5623,1364.8816
load_26,2014-06-20 22:00:00,831.0,883.8595,362,23,759.74695,883.8595,1089.7646
load_26,2014-06-20 23:00:00,537.6,612.1278,362,24,508.8042,612.1278,776.39703
load_26,2014-06-23 00:00:00,451.5,502.4309,363,1,421.37744,502.4309,582.24225
load_26,2014-06-23 01:00:00,450.0,449.13916,363,2,378.83398,449.13916,534.69977
load_26,2014-06-23 02:00:00,397.8,425.9386,363,3,353.40088,425.9386,488.2804
load_26,2014-06-23 03:00:00,367.8,390.1903,363,4,322.81873,390.1903,455.97253
load_26,2014-06-23 04:00:00,387.9,398.93457,363,5,333.2301,398.93457,472.23474
load_26,2014-06-23 05:00:00,384.9,411.66455,363,6,345.26,411.66455,477.67212
load_26,2014-06-23 06:00:00,415.8,420.01685,363,7,349.5155,420.01685,490.74048
load_26,2014-06-23 07:00:00,475.5,482.08264,363,8,396.17212,482.08264,560.7776
load_26,2014-06-23 08:00:00,577.8,620.26355,363,9,506.04297,620.26355,766.7073
load_26,2014-06-23 09:00:00,961.8,1001.87225,363,10,855.2343,1001.87225,1182.4318
load_26,2014-06-23 10:00:00,1746.0,2115.1084,363,11,1915.0824,2115.1084,2325.0752
load_26,2014-06-23 11:00:00,2567.4,2717.3135,363,12,2549.252,2717.3135,2858.1555
load_26,2014-06-23 12:00:00,2693.4,2784.301,363,13,2633.541,2784.301,2924.9922
load_26,2014-06-23 13:00:00,2704.8,2807.1099,363,14,2646.9062,2807.1099,2945.338
load_26,2014-06-23 14:00:00,2689.5,2826.1252,363,15,2672.9485,2826.1252,2961.2314
load_26,2014-06-23 15:00:00,2652.6,2789.212,363,16,2647.0676,2789.212,2934.094
load_26,2014-06-23 16:00:00,2634.6,2794.2095,363,17,2612.5793,2794.2095,2948.7053
load_26,2014-06-23 17:00:00,2563.2,2763.7764,363,18,2590.4731,2763.7764,2935.3376
load_26,2014-06-23 18:00:00,2568.3,2731.495,363,19,2542.8477,2731.495,2928.256
load_26,2014-06-23 19:00:00,2603.4,2692.6152,363,20,2440.2231,2692.6152,2902.5723
load_26,2014-06-23 20:00:00,2163.3,2176.7192,363,21,1835.4758,2176.7192,2478.4746
load_26,2014-06-23 21:00:00,1100.7,1212.0017,363,22,973.2265,1212.0017,1509.5944
load_26,2014-06-23 22:00:00,839.1,880.43964,363,23,717.0935,880.43964,1126.8152
load_26,2014-06-23 23:00:00,568.5,623.3298,363,24,511.4911,623.3298,786.3857
load_26,2014-06-24 00:00:00,530.1,465.78174,364,1,386.11658,465.78174,543.4233
load_26,2014-06-24 01:00:00,501.3,425.52954,364,2,353.96228,425.52954,511.98376
load_26,2014-06-24 02:00:00,436.2,407.22437,364,3,335.33948,407.22437,472.62354
load_26,2014-06-24 03:00:00,420.3,380.18152,364,4,312.9662,380.18152,450.09216
load_26,2014-06-24 04:00:00,439.2,381.82263,364,5,315.10364,381.82263,451.62134
load_26,2014-06-24 05:00:00,434.7,394.5913,364,6,324.87793,394.5913,463.07483
load_26,2014-06-24 06:00:00,433.5,406.06982,364,7,333.85327,406.06982,479.12927
load_26,2014-06-24 07:00:00,490.2,458.01843,364,8,373.64465,458.01843,539.2625
load_26,2014-06-24 08:00:00,594.0,569.0848,364,9,463.703,569.0848,690.965
load_26,2014-06-24 09:00:00,1016.7,957.86725,364,10,816.9479,957.86725,1122.3992
load_26,2014-06-24 10:00:00,2136.3,2019.3158,364,11,1818.4639,2019.3158,2214.53
load_26,2014-06-24 11:00:00,2690.4,2662.998,364,12,2482.2593,2662.998,2801.2847
load_26,2014-06-24 12:00:00,2725.5,2725.8057,364,13,2558.3281,2725.8057,2869.0151
load_26,2014-06-24 13:00:00,2834.4,2746.0483,364,14,2558.1604,2746.0483,2889.0056
load_26,2014-06-24 14:00:00,2907.3,2746.5483,364,15,2584.5557,2746.5483,2901.0127
load_26,2014-06-24 15:00:00,2887.5,2718.435,364,16,2564.7673,2718.435,2868.0579
load_26,2014-06-24 16:00:00,2795.7,2730.0776,364,17,2547.0737,2730.0776,2881.079
load_26,2014-06-24 17:00:00,2736.6,2694.6816,364,18,2506.7468,2694.6816,2862.208
load_26,2014-06-24 18:00:00,2716.5,2657.855,364,19,2438.6895,2657.855,2852.2778
load_26,2014-06-24 19:00:00,2665.2,2629.4858,364,20,2383.4485,2629.4858,2828.7236
load_26,2014-06-24 20:00:00,2085.3,2161.6907,364,21,1862.9618,2161.6907,2432.3213
load_26,2014-06-24 21:00:00,1016.4,1229.8271,364,22,1011.82904,1229.8271,1474.2042
load_26,2014-06-24 22:00:00,774.6,866.96844,364,23,713.0528,866.96844,1089.646
load_26,2014-06-24 23:00:00,514.8,604.79565,364,24,487.69348,604.79565,762.31256
load_26,2014-06-25 00:00:00,472.5,471.05383,365,1,407.57532,471.05383,540.46356
load_26,2014-06-25 01:00:00,460.2,439.42383,365,2,378.3479,439.42383,511.68518
load_26,2014-06-25 02:00:00,409.8,426.81238,365,3,363.32825,426.81238,476.97266
load_26,2014-06-25 03:00:00,375.6,396.5033,365,4,336.80664,396.5033,450.87585
load_26,2014-06-25 04:00:00,387.0,399.51062,365,5,342.81348,399.51062,454.44604
load_26,2014-06-25 05:00:00,385.2,403.35303,365,6,344.6316,403.35303,454.54797
load_26,2014-06-25 06:00:00,399.3,412.8872,365,7,350.615,412.8872,464.16113
load_26,2014-06-25 07:00:00,458.1,471.5962,365,8,398.99158,471.5962,535.52344
load_26,2014-06-25 08:00:00,559.8,604.9254,365,9,507.16833,604.9254,722.19165
load_26,2014-06-25 09:00:00,1048.2,962.7556,365,10,833.0787,962.7556,1117.5479
load_26,2014-06-25 10:00:00,2162.1,2051.021,365,11,1879.5809,2051.021,2231.863
load_26,2014-06-25 11:00:00,2699.1,2692.4604,365,12,2549.9424,2692.4604,2803.1868
load_26,2014-06-25 12:00:00,2863.8,2753.9517,365,13,2628.0864,2753.9517,2866.1362
load_26,2014-06-25 13:00:00,2928.0,2782.7783,365,14,2650.1318,2782.7783,2894.254
load_26,2014-06-25 14:00:00,2925.3,2806.2764,365,15,2676.677,2806.2764,2913.6519
load_26,2014-06-25 15:00:00,2919.9,2761.2036,365,16,2639.9365,2761.2036,2880.1226
load_26,2014-06-25 16:00:00,2902.2,2751.8796,365,17,2603.4922,2751.8796,2877.526
load_26,2014-06-25 17:00:00,2894.1,2716.8804,365,18,2570.6428,2716.8804,2853.625
load_26,2014-06-25 18:00:00,2818.8,2681.556,365,19,2522.0352,2681.556,2846.0667
load_26,2014-06-25 19:00:00,2715.3,2665.024,365,20,2474.3894,2665.024,2831.052
load_26,2014-06-25 20:00:00,2207.4,2083.6816,365,21,1828.3575,2083.6816,2337.2925
load_26,2014-06-25 21:00:00,1077.0,1105.2698,365,22,927.41656,1105.2698,1332.7213
load_26,2014-06-25 22:00:00,816.3,843.23346,365,23,710.19464,843.23346,1048.45
load_26,2014-06-25 23:00:00,537.0,600.7311,365,24,505.8629,600.7311,730.8626
load_26,2014-06-26 00:00:00,480.9,492.2063,366,1,420.9983,492.2063,554.62836
load_26,2014-06-26 01:00:00,477.3,447.5349,366,2,383.04834,447.5349,522.57385
load_26,2014-06-26 02:00:00,468.0,424.8042,366,3,356.5703,424.8042,479.58118
load_26,2014-06-26 03:00:00,407.4,392.59998,366,4,328.6753,392.59998,448.8916
load_26,2014-06-26 04:00:00,395.1,397.27783,366,5,336.50366,397.27783,456.15027
load_26,2014-06-26 05:00:00,398.1,414.60254,366,6,352.4912,414.60254,468.4995
load_26,2014-06-26 06:00:00,396.3,421.97583,366,7,355.46777,421.97583,479.37036
load_26,2014-06-26 07:00:00,449.1,480.86462,366,8,401.0044,480.86462,544.155
load_26,2014-06-26 08:00:00,555.9,607.4405,366,9,515.60474,607.4405,703.5099
load_26,2014-06-26 09:00:00,972.9,1015.19965,366,10,894.7177,1015.19965,1139.355
load_26,2014-06-26 10:00:00,2081.1,2125.129,366,11,1948.1797,2125.129,2297.8843
load_26,2014-06-26 11:00:00,2872.8,2747.793,366,12,2584.415,2747.793,2876.835
load_26,2014-06-26 12:00:00,2974.8,2821.234,366,13,2674.6372,2821.234,2955.491
load_26,2014-06-26 13:00:00,2948.1,2860.0718,366,14,2705.33,2860.0718,2993.2935
load_26,2014-06-26 14:00:00,2943.3,2873.4492,366,15,2717.8555,2873.4492,3010.394
load_26,2014-06-26 15:00:00,2909.7,2827.229,366,16,2689.3633,2827.229,2970.105
load_26,2014-06-26 16:00:00,2911.5,2802.4536,366,17,2642.934,2802.4536,2940.727
load_26,2014-06-26 17:00:00,2868.9,2766.7944,366,18,2607.975,2766.7944,2924.6157
load_26,2014-06-26 18:00:00,2892.9,2730.7383,366,19,2563.645,2730.7383,2907.099
load_26,2014-06-26 19:00:00,2844.0,2681.484,366,20,2483.985,2681.484,2851.205
load_26,2014-06-26 20:00:00,2147.4,2167.7717,366,21,1941.4285,2167.7717,2408.049
load_26,2014-06-26 21:00:00,1091.7,1153.7238,366,22,990.9223,1153.7238,1337.3433
load_26,2014-06-26 22:00:00,812.7,842.2507,366,23,718.68884,842.2507,1024.3901
load_26,2014-06-26 23:00:00,549.0,603.7407,366,24,509.67346,603.7407,729.96216
load_26,2014-06-27 00:00:00,503.7,470.13525,367,1,406.2318,470.13525,536.48663
load_26,2014-06-27 01:00:00,453.3,440.87866,367,2,381.44336,440.87866,509.5078
load_26,2014-06-27 02:00:00,394.2,429.66516,367,3,366.71692,429.66516,477.6139
load_26,2014-06-27 03:00:00,368.1,403.5912,367,4,345.9314,403.5912,454.1306
load_26,2014-06-27 04:00:00,364.8,408.54004,367,5,355.18042,408.54004,463.4453
load_26,2014-06-27 05:00:00,367.8,416.0702,367,6,360.34302,416.0702,466.9879
load_26,2014-06-27 06:00:00,370.5,418.7649,367,7,358.3629,418.7649,469.58643
load_26,2014-06-27 07:00:00,437.7,476.6593,367,8,405.6184,476.6593,542.165
load_26,2014-06-27 08:00:00,562.2,619.62244,367,9,523.208,619.62244,745.66656
load_26,2014-06-27 09:00:00,1113.0,1021.69244,367,10,885.8646,1021.69244,1174.1289
load_26,2014-06-27 10:00:00,2462.1,2102.7092,367,11,1934.7251,2102.7092,2277.1973
load_26,2014-06-27 11:00:00,2986.8,2766.936,367,12,2621.662,2766.936,2875.2996
load_26,2014-06-27 12:00:00,2952.6,2840.1445,367,13,2718.5273,2840.1445,2955.5308
load_26,2014-06-27 13:00:00,2976.0,2879.747,367,14,2753.8374,2879.747,2992.036
load_26,2014-06-27 14:00:00,2993.1,2898.8772,367,15,2764.01,2898.8772,3008.9473
load_26,2014-06-27 15:00:00,2948.1,2855.6123,367,16,2737.9878,2855.6123,2979.275
load_26,2014-06-27 16:00:00,2952.3,2854.7373,367,17,2701.7158,2854.7373,2986.7607
load_26,2014-06-27 17:00:00,2938.8,2821.654,367,18,2670.6763,2821.654,2970.9495
load_26,2014-06-27 18:00:00,2970.3,2789.4512,367,19,2630.809,2789.4512,2957.566
load_26,2014-06-27 19:00:00,2935.5,2745.9932,367,20,2551.039,2745.9932,2915.9758
load_26,2014-06-27 20:00:00,2566.8,2240.654,367,21,1981.0101,2240.654,2488.8936
load_26,2014-06-27 21:00:00,1403.1,1178.8444,367,22,995.3699,1178.8444,1389.7107
load_26,2014-06-27 22:00:00,856.2,818.5215,367,23,696.89996,818.5215,1002.81824
load_26,2014-06-27 23:00:00,552.9,580.8229,367,24,495.1454,580.8229,684.5006
load_26,2014-06-30 00:00:00,456.3,472.49023,368,1,408.1599,472.49023,537.3125
load_26,2014-06-30 01:00:00,473.7,433.94092,368,2,375.01038,433.94092,499.45227
load_26,2014-06-30 02:00:00,411.6,421.10303,368,3,360.16284,421.10303,466.64575
load_26,2014-06-30 03:00:00,407.1,396.43262,368,4,341.75244,396.43262,443.77515
load_26,2014-06-30 04:00:00,429.3,397.8595,368,5,343.32703,397.8595,448.17932
load_26,2014-06-30 05:00:00,402.0,410.4403,368,6,354.00732,410.4403,456.02808
load_26,2014-06-30 06:00:00,401.7,422.78662,368,7,363.87036,422.78662,471.65137
load_26,2014-06-30 07:00:00,485.4,469.99573,368,8,400.66003,469.99573,529.3042
load_26,2014-06-30 08:00:00,577.5,588.7856,368,9,503.04065,588.7856,691.7577
load_26,2014-06-30 09:00:00,952.2,1041.507,368,10,905.4522,1041.507,1168.7599
load_26,2014-06-30 10:00:00,2281.5,2170.446,368,11,1972.9412,2170.446,2361.643
load_26,2014-06-30 11:00:00,2797.2,2834.704,368,12,2647.3809,2834.704,2977.212
load_26,2014-06-30 12:00:00,2884.2,2894.186,368,13,2723.4873,2894.186,3051.171
load_26,2014-06-30 13:00:00,2895.3,2913.138,368,14,2724.5933,2913.138,3068.9988
load_26,2014-06-30 14:00:00,2921.1,2926.7183,368,15,2755.5352,2926.7183,3080.7153
load_26,2014-06-30 15:00:00,2863.5,2883.7021,368,16,2726.6091,2883.7021,3042.9573
load_26,2014-06-30 16:00:00,2866.5,2868.15,368,17,2677.6216,2868.15,3011.4165
load_26,2014-06-30 17:00:00,2844.9,2837.0874,368,18,2656.19,2837.0874,3006.6968
load_26,2014-06-30 18:00:00,2853.3,2801.1511,368,19,2620.6292,2801.1511,2985.5188
load_26,2014-06-30 19:00:00,2726.4,2766.9067,368,20,2534.649,2766.9067,2951.4915
load_26,2014-06-30 20:00:00,2173.2,2280.039,368,21,2009.979,2280.039,2529.3074
load_26,2014-06-30 21:00:00,1051.8,1188.0793,368,22,1006.18317,1188.0793,1374.5879
load_26,2014-06-30 22:00:00,789.0,808.23004,368,23,686.8496,808.23004,979.22644
load_26,2014-06-30 23:00:00,532.8,568.0172,368,24,484.05945,568.0172,659.22076
load_26,2014-07-01 00:00:00,449.7,468.01416,369,1,418.09875,468.01416,519.4723
load_26,2014-07-01 01:00:00,438.0,442.443,369,2,396.55664,442.443,491.11035
load_26,2014-07-01 02:00:00,387.6,441.55017,369,3,395.6051,441.55017,471.87646
load_26,2014-07-01 03:00:00,373.8,423.26428,369,4,382.3994,423.26428,456.43604
load_26,2014-07-01 04:00:00,399.0,414.73877,369,5,374.96375,414.73877,447.18286
load_26,2014-07-01 05:00:00,390.9,421.745,369,6,378.97998,421.745,448.10217
load_26,2014-07-01 06:00:00,406.2,432.70532,369,7,387.17554,432.70532,458.71033
load_26,2014-07-01 07:00:00,467.7,456.1836,369,8,414.59583,456.1836,499.08765
load_26,2014-07-01 08:00:00,563.4,560.0581,369,9,501.64807,560.0581,636.8696
load_26,2014-07-01 09:00:00,975.0,1029.3921,369,10,898.3568,1029.3921,1144.8553
load_26,2014-07-01 10:00:00,2405.4,2220.2168,369,11,2038.2515,2220.2168,2388.519
load_26,2014-07-01 11:00:00,2883.9,2805.5815,369,12,2652.7715,2805.5815,2914.815
load_26,2014-07-01 12:00:00,2919.9,2856.7378,369,13,2719.956,2856.7378,2974.2974
load_26,2014-07-01 13:00:00,2944.2,2883.9927,369,14,2738.2043,2883.9927,3002.1208
load_26,2014-07-01 14:00:00,2917.8,2907.725,369,15,2771.585,2907.725,3019.9656
load_26,2014-07-01 15:00:00,2882.7,2865.9485,369,16,2743.5706,2865.9485,2990.4983
load_26,2014-07-01 16:00:00,2887.5,2850.955,369,17,2696.457,2850.955,2973.7466
load_26,2014-07-01 17:00:00,2830.2,2820.3047,369,18,2669.8735,2820.3047,2964.789
load_26,2014-07-01 18:00:00,2784.6,2789.5283,369,19,2633.3745,2789.5283,2952.9534
load_26,2014-07-01 19:00:00,2796.3,2757.4302,369,20,2550.324,2757.4302,2924.289
load_26,2014-07-01 20:00:00,2348.7,2284.7932,369,21,2018.4282,2284.7932,2525.5542
load_26,2014-07-01 21:00:00,1122.9,1145.6978,369,22,968.5665,1145.6978,1340.4865
load_26,2014-07-01 22:00:00,792.6,781.83167,369,23,677.2251,781.83167,943.4412
load_26,2014-07-01 23:00:00,518.4,546.6186,369,24,485.25708,546.6186,621.31714
load_26,2014-07-02 00:00:00,463.8,454.6161,370,1,405.0686,454.6161,508.7245
load_26,2014-07-02 01:00:00,452.7,428.62817,370,2,382.22717,428.62817,478.47302
load_26,2014-07-02 02:00:00,395.1,429.75098,370,3,382.70398,429.75098,460.156
load_26,2014-07-02 03:00:00,387.0,405.27588,370,4,361.3142,405.27588,438.6482
load_26,2014-07-02 04:00:00,401.1,404.91345,370,5,364.47388,404.91345,437.4673
load_26,2014-07-02 05:00:00,403.5,417.01086,370,6,373.94934,417.01086,444.77075
load_26,2014-07-02 06:00:00,407.1,425.11768,370,7,378.062,425.11768,450.31104
load_26,2014-07-02 07:00:00,450.6,447.463,370,8,403.35303,447.463,486.79907
load_26,2014-07-02 08:00:00,586.2,558.74756,370,9,505.15845,558.74756,617.7573
load_26,2014-07-02 09:00:00,958.8,989.7595,370,10,891.7883,989.7595,1080.0371
load_26,2014-07-02 10:00:00,2391.9,2253.8557,370,11,2105.5261,2253.8557,2388.134
load_26,2014-07-02 11:00:00,2901.6,2839.733,370,12,2716.6875,2839.733,2926.5942
load_26,2014-07-02 12:00:00,2910.6,2888.2168,370,13,2779.4702,2888.2168,2982.1392
load_26,2014-07-02 13:00:00,2928.0,2909.2832,370,14,2798.1074,2909.2832,3004.985
load_26,2014-07-02 14:00:00,2950.2,2927.002,370,15,2814.2925,2927.002,3019.6968
load_26,2014-07-02 15:00:00,2929.2,2879.2793,370,16,2773.2217,2879.2793,2981.2913
load_26,2014-07-02 16:00:00,2919.3,2850.3223,370,17,2727.9133,2850.3223,2945.5122
load_26,2014-07-02 17:00:00,2923.2,2819.3716,370,18,2698.3765,2819.3716,2930.4656
load_26,2014-07-02 18:00:00,2896.2,2791.8984,370,19,2666.6956,2791.8984,2922.187
load_26,2014-07-02 19:00:00,2877.9,2760.1104,370,20,2617.7334,2760.1104,2881.295
load_26,2014-07-02 20:00:00,2263.2,2247.0317,370,21,2080.9353,2247.0317,2427.4915
load_26,2014-07-02 21:00:00,1068.3,1105.3002,370,22,985.58417,1105.3002,1232.1632
load_26,2014-07-02 22:00:00,805.2,776.00446,370,23,700.27936,776.00446,893.43085
load_26,2014-07-02 23:00:00,552.9,546.4545,370,24,494.06396,546.4545,611.6456
load_26,2014-07-03 00:00:00,492.0,470.58496,371,1,414.7113,470.58496,528.051
load_26,2014-07-03 01:00:00,447.6,445.54797,371,2,394.5122,445.54797,499.8794
load_26,2014-07-03 02:00:00,411.6,444.71094,371,3,393.4568,444.71094,480.0791
load_26,2014-07-03 03:00:00,379.8,417.90015,371,4,370.87537,417.90015,454.11914
load_26,2014-07-03 04:00:00,398.4,414.33557,371,5,368.88037,414.33557,452.52393
load_26,2014-07-03 05:00:00,393.0,428.15955,371,6,383.08875,428.15955,459.70154
load_26,2014-07-03 06:00:00,406.5,434.63904,371,7,385.2141,434.63904,464.95532
load_26,2014-07-03 07:00:00,462.6,458.64294,371,8,413.96924,458.64294,505.63037
load_26,2014-07-03 08:00:00,573.0,576.487,371,9,517.7189,576.487,642.95807
load_26,2014-07-03 09:00:00,988.5,1009.5167,371,10,890.8564,1009.5167,1107.4519
load_26,2014-07-03 10:00:00,2420.4,2332.7688,371,11,2153.4285,2332.7688,2472.3096
load_26,2014-07-03 11:00:00,2874.6,2845.0222,371,12,2702.4817,2845.0222,2926.5635
load_26,2014-07-03 12:00:00,2922.6,2878.727,371,13,2739.715,2878.727,2967.244
load_26,2014-07-03 13:00:00,2907.0,2892.114,371,14,2749.8237,2892.114,2984.9055
load_26,2014-07-03 14:00:00,2956.2,2906.6885,371,15,2788.9907,2906.6885,2991.9214
load_26,2014-07-03 15:00:00,2955.6,2877.0342,371,16,2767.5457,2877.0342,2972.8926
load_26,2014-07-03 16:00:00,2946.9,2868.2307,371,17,2723.104,2868.2307,2957.0566
load_26,2014-07-03 17:00:00,2958.3,2834.899,371,18,2709.3723,2834.899,2937.5122
load_26,2014-07-03 18:00:00,2970.0,2802.6924,371,19,2665.972,2802.6924,2925.9126
load_26,2014-07-03 19:00:00,2880.9,2772.1445,371,20,2594.013,2772.1445,2881.8484
load_26,2014-07-03 20:00:00,2275.2,2264.299,371,21,2035.8313,2264.299,2467.207
load_26,2014-07-03 21:00:00,1111.8,1095.2288,371,22,954.1251,1095.2288,1240.5166
load_26,2014-07-03 22:00:00,852.6,771.6266,371,23,681.3332,771.6266,906.3679
load_26,2014-07-03 23:00:00,579.3,548.10364,371,24,488.20764,548.10364,616.73663
load_26,2014-07-04 00:00:00,495.0,457.51294,372,1,404.7367,457.51294,519.3822
load_26,2014-07-04 01:00:00,454.2,427.80664,372,2,374.32385,427.80664,485.47107
load_26,2014-07-04 02:00:00,401.4,426.4088,372,3,371.54102,426.4088,463.17505
load_26,2014-07-04 03:00:00,393.0,398.9381,372,4,346.8744,398.9381,438.31055
load_26,2014-07-04 04:00:00,400.2,401.6942,372,5,355.36023,401.6942,440.94458
load_26,2014-07-04 05:00:00,395.7,410.8318,372,6,363.21533,410.8318,444.82556
load_26,2014-07-04 06:00:00,408.6,418.594,372,7,364.89685,418.594,450.4961
load_26,2014-07-04 07:00:00,475.8,445.6355,372,8,393.5664,445.6355,490.49316
load_26,2014-07-04 08:00:00,576.6,568.1956,372,9,508.6775,568.1956,635.5357
load_26,2014-07-04 09:00:00,999.6,981.4575,372,10,882.94977,981.4575,1082.5416
load_26,2014-07-04 10:00:00,2375.1,2333.7122,372,11,2186.4863,2333.7122,2463.231
load_26,2014-07-04 11:00:00,2925.9,2871.0269,372,12,2769.8372,2871.0269,2936.5156
load_26,2014-07-04 12:00:00,2928.9,2906.8252,372,13,2822.0405,2906.8252,2979.2908
load_26,2014-07-04 13:00:00,2936.7,2923.3062,372,14,2841.2988,2923.3062,2997.435
load_26,2014-07-04 14:00:00,2963.1,2940.2307,372,15,2853.0928,2940.2307,3009.9873
load_26,2014-07-04 15:00:00,2940.6,2916.3516,372,16,2834.4688,2916.3516,2994.6753
load_26,2014-07-04 16:00:00,2914.2,2916.0488,372,17,2811.798,2916.0488,2989.2651
load_26,2014-07-04 17:00:00,2928.3,2885.479,372,18,2786.6528,2885.479,2971.8125
load_26,2014-07-04 18:00:00,2955.0,2866.122,372,19,2764.2295,2866.122,2969.3008
load_26,2014-07-04 19:00:00,2939.7,2826.1855,372,20,2709.8345,2826.1855,2921.4468
load_26,2014-07-04 20:00:00,2791.8,2302.7876,372,21,2136.7642,2302.7876,2482.444
load_26,2014-07-04 21:00:00,1384.8,1134.0762,372,22,1008.89526,1134.0762,1268.575
load_26,2014-07-04 22:00:00,824.7,793.8177,372,23,708.13654,793.8177,920.3066
load_26,2014-07-04 23:00:00,537.6,562.4877,372,24,503.17615,562.4877,633.2601
load_26,2014-07-07 00:00:00,426.0,471.83508,373,1,417.62952,471.83508,527.2993
load_26,2014-07-07 01:00:00,414.9,440.49133,373,2,389.49573,440.49133,491.92102
load_26,2014-07-07 02:00:00,386.1,440.86084,373,3,390.22876,440.86084,471.63354
load_26,2014-07-07 03:00:00,366.0,419.7246,373,4,372.65576,419.7246,452.67798
load_26,2014-07-07 04:00:00,366.9,417.4602,373,5,373.46472,417.4602,453.85278
load_26,2014-07-07 05:00:00,364.2,425.29504,373,6,378.5415,425.29504,454.187
load_26,2014-07-07 06:00:00,373.2,435.693,373,7,384.06763,435.693,462.36963
load_26,2014-07-07 07:00:00,424.2,455.26868,373,8,410.31738,455.26868,501.47864
load_26,2014-07-07 08:00:00,555.3,564.3168,373,9,507.41492,564.3168,647.51874
load_26,2014-07-07 09:00:00,943.8,997.73834,373,10,877.3541,997.73834,1116.305
load_26,2014-07-07 10:00:00,2431.5,2407.621,373,11,2231.5188,2407.621,2553.9421
load_26,2014-07-07 11:00:00,2823.3,2903.377,373,12,2789.5408,2903.377,2979.9243
load_26,2014-07-07 12:00:00,2866.8,2926.005,373,13,2824.4087,2926.005,3010.2158
load_26,2014-07-07 13:00:00,2905.8,2932.379,373,14,2831.8694,2932.379,3019.1123
load_26,2014-07-07 14:00:00,2896.8,2950.9404,373,15,2855.592,2950.9404,3031.5547
load_26,2014-07-07 15:00:00,2886.3,2942.1118,373,16,2852.5151,2942.1118,3030.374
load_26,2014-07-07 16:00:00,2884.5,2934.9358,373,17,2819.288,2934.9358,3021.1055
load_26,2014-07-07 17:00:00,2882.4,2908.0215,373,18,2796.2449,2908.0215,3006.0498
load_26,2014-07-07 18:00:00,2892.6,2888.0557,373,19,2772.3682,2888.0557,3003.7622
load_26,2014-07-07 19:00:00,2887.2,2856.6438,373,20,2704.4048,2856.6438,2969.4946
load_26,2014-07-07 20:00:00,2365.5,2431.5894,373,21,2177.8452,2431.5894,2623.961
load_26,2014-07-07 21:00:00,1204.5,1184.9264,373,22,1010.64386,1184.9264,1371.7194
load_26,2014-07-07 22:00:00,845.1,802.6964,373,23,700.56415,802.6964,957.4073
load_26,2014-07-07 23:00:00,597.6,567.2228,373,24,503.81104,567.2228,639.2914
load_26,2014-07-08 00:00:00,536.7,447.33264,374,1,390.85498,447.33264,509.71973
load_26,2014-07-08 01:00:00,531.9,416.77063,374,2,362.97705,416.77063,473.7041
load_26,2014-07-08 02:00:00,483.6,415.04065,374,3,360.9829,415.04065,451.40747
load_26,2014-07-08 03:00:00,459.0,390.40344,374,4,339.21448,390.40344,430.9077
load_26,2014-07-08 04:00:00,459.9,392.95044,374,5,346.51147,392.95044,432.82324
load_26,2014-07-08 05:00:00,469.2,403.28577,374,6,355.15674,403.28577,437.24133
load_26,2014-07-08 06:00:00,469.8,416.07483,374,7,363.0487,416.07483,448.09436
load_26,2014-07-08 07:00:00,522.9,440.83557,374,8,390.8546,440.83557,486.6709
load_26,2014-07-08 08:00:00,650.7,566.1644,374,9,507.60046,566.1644,629.1252
load_26,2014-07-08 09:00:00,1116.6,955.0029,374,10,859.45917,955.0029,1056.1012
load_26,2014-07-08 10:00:00,2537.1,2377.5522,374,11,2222.557,2377.5522,2499.946
load_26,2014-07-08 11:00:00,2993.4,2854.4663,374,12,2750.2573,2854.4663,2925.106
load_26,2014-07-08 12:00:00,3011.4,2881.0234,374,13,2787.9521,2881.0234,2956.6467
load_26,2014-07-08 13:00:00,2976.3,2894.125,374,14,2806.1382,2894.125,2972.8252
load_26,2014-07-08 14:00:00,2931.0,2916.1677,374,15,2824.249,2916.1677,2990.817
load_26,2014-07-08 15:00:00,2901.0,2892.832,374,16,2806.1975,2892.832,2975.2588
load_26,2014-07-08 16:00:00,2904.0,2894.9148,374,17,2785.5862,2894.9148,2968.6367
load_26,2014-07-08 17:00:00,2915.7,2869.5063,374,18,2766.518,2869.5063,2957.9954
load_26,2014-07-08 18:00:00,2941.5,2845.7354,374,19,2738.455,2845.7354,2951.4482
load_26,2014-07-08 19:00:00,2940.3,2827.0366,374,20,2699.2852,2827.0366,2923.0957
load_26,2014-07-08 20:00:00,2462.4,2414.8232,374,21,2224.9155,2414.8232,2582.3672
load_26,2014-07-08 21:00:00,1197.3,1165.97,374,22,1023.76544,1165.97,1303.6072
load_26,2014-07-08 22:00:00,774.3,788.456,374,23,694.9264,788.456,920.7053
load_26,2014-07-08 23:00:00,504.3,554.7091,374,24,493.66882,554.7091,625.0976
load_26,2014-07-09 00:00:00,455.1,474.4795,375,1,421.43408,474.4795,535.2103
load_26,2014-07-09 01:00:00,462.6,445.62573,375,2,392.75024,445.62573,501.15234
load_26,2014-07-09 02:00:00,404.1,447.0835,375,3,392.40564,447.0835,482.7705
load_26,2014-07-09 03:00:00,387.3,424.57727,375,4,372.13464,424.57727,466.00415
load_26,2014-07-09 04:00:00,399.9,426.74133,375,5,380.16504,426.74133,467.6338
load_26,2014-07-09 05:00:00,390.6,439.92957,375,6,391.5166,439.92957,476.2705
load_26,2014-07-09 06:00:00,390.0,451.70715,375,7,398.0161,451.70715,488.2119
load_26,2014-07-09 07:00:00,453.6,478.30957,375,8,423.97803,478.30957,523.49805
load_26,2014-07-09 08:00:00,569.4,606.0321,375,9,543.307,606.0321,680.86084
load_26,2014-07-09 09:00:00,1031.4,1018.14716,375,10,912.5006,1018.14716,1122.7897
load_26,2014-07-09 10:00:00,2550.9,2478.2065,375,11,2320.555,2478.2065,2594.2812
load_26,2014-07-09 11:00:00,3003.9,2905.4414,375,12,2807.8389,2905.4414,2973.5503
load_26,2014-07-09 12:00:00,3012.6,2933.3672,375,13,2849.3252,2933.3672,3007.7498
load_26,2014-07-09 13:00:00,2982.0,2942.5122,375,14,2858.812,2942.5122,3019.7476
load_26,2014-07-09 14:00:00,2967.6,2954.8276,375,15,2865.1309,2954.8276,3029.0562
load_26,2014-07-09 15:00:00,2954.1,2933.9194,375,16,2848.1367,2933.9194,3014.227
load_26,2014-07-09 16:00:00,2937.6,2919.4907,375,17,2809.039,2919.4907,2997.395
load_26,2014-07-09 17:00:00,2966.1,2894.249,375,18,2790.4277,2894.249,2984.9995
load_26,2014-07-09 18:00:00,2967.3,2871.7136,375,19,2763.2104,2871.7136,2979.6475
load_26,2014-07-09 19:00:00,2947.5,2853.8787,375,20,2728.9326,2853.8787,2956.5303
load_26,2014-07-09 20:00:00,2382.0,2396.2246,375,21,2199.9429,2396.2246,2583.2537
load_26,2014-07-09 21:00:00,1260.0,1155.3757,375,22,1018.2405,1155.3757,1306.4019
load_26,2014-07-09 22:00:00,876.0,803.49365,375,23,715.3236,803.49365,940.60876
load_26,2014-07-09 23:00:00,527.1,579.2145,375,24,517.9839,579.2145,655.37396
load_26,2014-07-10 00:00:00,480.0,463.687,376,1,408.46606,463.687,529.0563
load_26,2014-07-10 01:00:00,456.3,436.18054,376,2,381.03564,436.18054,495.21094
load_26,2014-07-10 02:00:00,424.5,435.91943,376,3,378.39404,435.91943,473.4912
load_26,2014-07-10 03:00:00,389.7,410.438,376,4,355.36133,410.438,453.9171
load_26,2014-07-10 04:00:00,393.6,413.9984,376,5,365.99353,413.9984,454.44495
load_26,2014-07-10 05:00:00,392.4,424.98584,376,6,375.05676,424.98584,462.2395
load_26,2014-07-10 06:00:00,398.1,431.81238,376,7,374.96704,431.81238,465.24133
load_26,2014-07-10 07:00:00,469.2,470.93726,376,8,413.87,470.93726,514.42676
load_26,2014-07-10 08:00:00,665.1,609.65454,376,9,550.09766,609.65454,674.7928
load_26,2014-07-10 09:00:00,1275.9,1031.1018,376,10,935.551,1031.1018,1124.966
load_26,2014-07-10 10:00:00,2454.3,2502.5295,376,11,2355.4656,2502.5295,2610.1565
load_26,2014-07-10 11:00:00,3099.6,2938.3486,376,12,2848.6409,2938.3486,3004.8567
load_26,2014-07-10 12:00:00,3023.7,2960.8804,376,13,2884.4724,2960.8804,3031.6094
load_26,2014-07-10 13:00:00,3002.4,2963.1992,376,14,2890.123,2963.1992,3035.3408
load_26,2014-07-10 14:00:00,2940.6,2978.421,376,15,2894.9775,2978.421,3048.513
load_26,2014-07-10 15:00:00,2939.1,2948.1655,376,16,2871.8516,2948.1655,3025.0142
load_26,2014-07-10 16:00:00,2928.0,2936.2007,376,17,2835.2573,2936.2007,3005.8037
load_26,2014-07-10 17:00:00,2936.4,2910.9136,376,18,2821.359,2910.9136,2995.6216
load_26,2014-07-10 18:00:00,2928.3,2894.5823,376,19,2802.2207,2894.5823,2994.2417
load_26,2014-07-10 19:00:00,2940.6,2881.5918,376,20,2788.0093,2881.5918,2971.7632
load_26,2014-07-10 20:00:00,2466.9,2480.113,376,21,2334.3867,2480.113,2630.2441
load_26,2014-07-10 21:00:00,1216.2,1210.1472,376,22,1081.0383,1210.1472,1338.0168
load_26,2014-07-10 22:00:00,866.7,807.39166,376,23,723.32605,807.39166,933.1561
load_26,2014-07-10 23:00:00,556.8,565.6648,376,24,506.01428,565.6648,641.6658
load_26,2014-07-11 00:00:00,512.1,468.94067,377,1,415.62415,468.94067,531.734
load_26,2014-07-11 01:00:00,508.5,434.6051,377,2,379.8192,434.6051,492.9464
load_26,2014-07-11 02:00:00,450.3,431.67175,377,3,374.02893,431.67175,468.3252
load_26,2014-07-11 03:00:00,441.3,406.46704,377,4,351.2699,406.46704,447.25757
load_26,2014-07-11 04:00:00,460.5,407.20825,377,5,359.0465,407.20825,445.92322
load_26,2014-07-11 05:00:00,486.3,414.3203,377,6,364.1997,414.3203,448.80933
load_26,2014-07-11 06:00:00,450.9,419.71045,377,7,363.42383,419.71045,449.735
load_26,2014-07-11 07:00:00,491.1,446.5708,377,8,394.5569,446.5708,492.94836
load_26,2014-07-11 08:00:00,591.6,596.62415,377,9,534.79395,596.62415,670.25165
load_26,2014-07-11 09:00:00,1743.9,1058.524,377,10,950.3659,1058.524,1154.3495
load_26,2014-07-11 10:00:00,2888.1,2472.996,377,11,2319.689,2472.996,2591.8872
load_26,2014-07-11 11:00:00,2985.3,2924.4458,377,12,2835.0813,2924.4458,2988.4004
load_26,2014-07-11 12:00:00,3010.8,2939.0146,377,13,2861.1729,2939.0146,3006.0867
load_26,2014-07-11 13:00:00,3036.0,2941.1926,377,14,2867.656,2941.1926,3010.769
load_26,2014-07-11 14:00:00,3053.7,2951.5645,377,15,2869.6587,2951.5645,3016.2188
load_26,2014-07-11 15:00:00,2986.8,2933.33,377,16,2857.7217,2933.33,3005.4233
load_26,2014-07-11 16:00:00,2934.0,2934.4224,377,17,2832.5205,2934.4224,3001.913
load_26,2014-07-11 17:00:00,2937.3,2915.1519,377,18,2824.6636,2915.1519,2995.5154
load_26,2014-07-11 18:00:00,2967.3,2903.3433,377,19,2807.7842,2903.3433,3000.4177
load_26,2014-07-11 19:00:00,2967.6,2890.7432,377,20,2791.3625,2890.7432,2981.2969
load_26,2014-07-11 20:00:00,2825.7,2482.3765,377,21,2308.5796,2482.3765,2642.532
load_26,2014-07-11 21:00:00,1656.6,1224.595,377,22,1086.8527,1224.595,1358.998
load_26,2014-07-11 22:00:00,931.2,817.67706,377,23,731.5053,817.67706,946.9704
load_26,2014-07-11 23:00:00,559.2,575.3391,377,24,515.06287,575.3391,649.7228
load_26,2014-07-14 00:00:00,474.6,484.11877,378,1,420.22205,484.11877,546.2634
load_26,2014-07-14 01:00:00,481.8,452.10706,378,2,394.02075,452.10706,517.4016
load_26,2014-07-14 02:00:00,417.9,453.66772,378,3,393.76172,453.66772,494.37756
load_26,2014-07-14 03:00:00,392.1,429.63037,378,4,374.5243,429.63037,478.40686
load_26,2014-07-14 04:00:00,406.2,426.83984,378,5,375.19922,426.83984,478.75488
load_26,2014-07-14 05:00:00,386.4,439.90698,378,6,387.48828,439.90698,484.42737
load_26,2014-07-14 06:00:00,383.7,446.30652,378,7,389.4198,446.30652,493.83484
load_26,2014-07-14 07:00:00,473.4,476.08203,378,8,416.57495,476.08203,538.6675
load_26,2014-07-14 08:00:00,639.6,626.65106,378,9,536.3207,626.65106,759.73755
load_26,2014-07-14 09:00:00,1260.3,1263.4382,378,10,1066.4409,1263.4382,1454.1053
load_26,2014-07-14 10:00:00,2478.6,2616.2634,378,11,2405.9292,2616.2634,2774.692
load_26,2014-07-14 11:00:00,2935.2,2970.399,378,12,2851.558,2970.399,3053.709
load_26,2014-07-14 12:00:00,2919.0,2971.8638,378,13,2870.9275,2971.8638,3054.0264
load_26,2014-07-14 13:00:00,2913.6,2964.852,378,14,2866.8174,2964.852,3046.6912
load_26,2014-07-14 14:00:00,2880.9,2973.6196,378,15,2872.7705,2973.6196,3052.4595
load_26,2014-07-14 15:00:00,2849.4,2954.9116,378,16,2859.3838,2954.9116,3042.3008
load_26,2014-07-14 16:00:00,2878.2,2941.9138,378,17,2818.5332,2941.9138,3030.6323
load_26,2014-07-14 17:00:00,2886.9,2921.7024,378,18,2802.8616,2921.7024,3022.4204
load_26,2014-07-14 18:00:00,2918.4,2910.2246,378,19,2788.975,2910.2246,3029.8318
load_26,2014-07-14 19:00:00,2898.0,2907.143,378,20,2766.497,2907.143,3023.147
load_26,2014-07-14 20:00:00,2366.4,2599.81,378,21,2340.8877,2599.81,2764.4248
load_26,2014-07-14 21:00:00,1203.6,1328.9353,378,22,1114.7461,1328.9353,1559.157
load_26,2014-07-14 22:00:00,852.0,848.5605,378,23,714.6786,848.5605,1037.0355
load_26,2014-07-14 23:00:00,524.7,586.4004,378,24,504.05676,586.4004,680.769
load_26,2014-07-15 00:00:00,458.1,467.6875,379,1,408.4204,467.6875,525.0813
load_26,2014-07-15 01:00:00,450.9,438.91504,379,2,383.34448,438.91504,497.98682
load_26,2014-07-15 02:00:00,401.4,439.81824,379,3,384.99524,439.81824,476.46838
load_26,2014-07-15 03:00:00,388.2,418.09314,379,4,367.16638,418.09314,461.7876
load_26,2014-07-15 04:00:00,407.4,414.58228,379,5,367.51538,414.58228,458.30115
load_26,2014-07-15 05:00:00,406.8,427.58582,379,6,378.13013,427.58582,464.67847
load_26,2014-07-15 06:00:00,389.4,432.39246,379,7,379.03235,432.39246,468.6599
load_26,2014-07-15 07:00:00,442.8,459.45435,379,8,407.64087,459.45435,514.15063
load_26,2014-07-15 08:00:00,601.2,582.39197,379,9,507.1703,582.39197,690.7846
load_26,2014-07-15 09:00:00,1089.6,1197.5247,379,10,1015.4486,1197.5247,1366.4174
load_26,2014-07-15 10:00:00,2475.3,2538.2212,379,11,2330.7153,2538.2212,2693.4321
load_26,2014-07-15 11:00:00,2896.8,2905.9275,379,12,2783.461,2905.9275,2991.2505
load_26,2014-07-15 12:00:00,2920.5,2920.2275,379,13,2816.0234,2920.2275,3004.8647
load_26,2014-07-15 13:00:00,2943.0,2920.6875,379,14,2819.6963,2920.6875,3005.392
load_26,2014-07-15 14:00:00,2970.9,2915.4995,379,15,2817.3105,2915.4995,3006.981
load_26,2014-07-15 15:00:00,2923.2,2901.56,379,16,2805.6868,2901.56,2992.0122
load_26,2014-07-15 16:00:00,2917.2,2909.5093,379,17,2783.5254,2909.5093,2999.6897
load_26,2014-07-15 17:00:00,2871.3,2892.8486,379,18,2772.7456,2892.8486,2996.8972
load_26,2014-07-15 18:00:00,2901.9,2878.9792,379,19,2754.167,2878.9792,3003.1348
load_26,2014-07-15 19:00:00,2910.3,2871.5347,379,20,2716.6682,2871.5347,2990.7493
load_26,2014-07-15 20:00:00,2383.8,2514.9214,379,21,2269.3228,2514.9214,2690.4788
load_26,2014-07-15 21:00:00,1233.6,1291.7607,379,22,1107.657,1291.7607,1473.5042
load_26,2014-07-15 22:00:00,949.2,807.24554,379,23,696.3808,807.24554,968.2217
load_26,2014-07-15 23:00:00,514.5,553.87415,379,24,481.39954,553.87415,639.99585
load_26,2014-07-16 00:00:00,451.2,461.28467,380,1,400.20422,461.28467,522.6802
load_26,2014-07-16 01:00:00,441.9,431.21472,380,2,375.74268,431.21472,491.2594
load_26,2014-07-16 02:00:00,402.6,430.5879,380,3,373.96265,430.5879,468.25342
load_26,2014-07-16 03:00:00,376.8,403.03235,380,4,350.1277,403.03235,445.83948
load_26,2014-07-16 04:00:00,420.3,405.87842,380,5,358.16663,405.87842,449.90137
load_26,2014-07-16 05:00:00,400.5,419.65906,380,6,370.0337,419.65906,458.35962
load_26,2014-07-16 06:00:00,381.6,419.61145,380,7,364.73926,419.61145,454.0774
load_26,2014-07-16 07:00:00,446.1,449.67004,380,8,395.24377,449.67004,498.75647
load_26,2014-07-16 08:00:00,575.4,605.42944,380,9,530.7622,605.42944,689.5963
load_26,2014-07-16 09:00:00,1171.5,1164.1918,380,10,1026.0947,1164.1918,1279.6694
load_26,2014-07-16 10:00:00,2571.3,2478.205,380,11,2304.495,2478.205,2614.4126
load_26,2014-07-16 11:00:00,2939.1,2916.3555,380,12,2807.0405,2916.3555,2993.4473
load_26,2014-07-16 12:00:00,2961.9,2929.7832,380,13,2832.638,2929.7832,3008.6572
load_26,2014-07-16 13:00:00,2953.8,2923.7595,380,14,2831.9517,2923.7595,3005.5708
load_26,2014-07-16 14:00:00,2949.3,2907.749,380,15,2822.1123,2907.749,3002.1758
load_26,2014-07-16 15:00:00,2907.6,2893.9006,380,16,2798.3794,2893.9006,2980.75
load_26,2014-07-16 16:00:00,2917.2,2894.8276,380,17,2779.268,2894.8276,2973.0515
load_26,2014-07-16 17:00:00,2927.7,2874.5234,380,18,2766.1265,2874.5234,2967.4998
load_26,2014-07-16 18:00:00,2933.1,2859.0542,380,19,2747.625,2859.0542,2971.9353
load_26,2014-07-16 19:00:00,2917.8,2858.442,380,20,2738.336,2858.442,2961.5894
load_26,2014-07-16 20:00:00,2299.8,2404.3005,380,21,2225.4795,2404.3005,2590.6416
load_26,2014-07-16 21:00:00,1199.1,1212.0851,380,22,1069.2896,1212.0851,1360.22
load_26,2014-07-16 22:00:00,866.7,834.22217,380,23,736.05786,834.22217,978.2436
load_26,2014-07-16 23:00:00,540.6,557.2129,380,24,490.51343,557.2129,640.8486
load_26,2014-07-17 00:00:00,487.5,467.06323,381,1,406.63586,467.06323,527.2722
load_26,2014-07-17 01:00:00,478.2,437.30396,381,2,382.26953,437.30396,497.38037
load_26,2014-07-17 02:00:00,416.1,435.6952,381,3,379.7207,435.6952,472.88086
load_26,2014-07-17 03:00:00,396.3,411.86133,381,4,359.77917,411.86133,453.9497
load_26,2014-07-17 04:00:00,421.5,410.59595,381,5,363.21704,410.59595,454.27808
load_26,2014-07-17 05:00:00,414.3,424.27625,381,6,375.85693,424.27625,460.9485
load_26,2014-07-17 06:00:00,399.6,425.54993,381,7,371.33594,425.54993,459.05945
load_26,2014-07-17 07:00:00,471.0,451.21484,381,8,400.90564,451.21484,505.08545
load_26,2014-07-17 08:00:00,674.7,578.69556,381,9,511.40552,578.69556,667.20026
load_26,2014-07-17 09:00:00,1396.5,1226.707,381,10,1090.0747,1226.707,1357.8344
load_26,2014-07-17 10:00:00,2669.7,2557.855,381,11,2382.8247,2557.855,2684.3193
load_26,2014-07-17 11:00:00,3023.1,2907.084,381,12,2802.3884,2907.084,2980.6965
load_26,2014-07-17 12:00:00,3017.1,2922.1323,381,13,2830.7673,2922.1323,2995.2205
load_26,2014-07-17 13:00:00,2989.2,2921.605,381,14,2834.2114,2921.605,2997.9487
load_26,2014-07-17 14:00:00,2971.8,2915.1567,381,15,2827.5234,2915.1567,2996.8574
load_26,2014-07-17 15:00:00,2946.0,2904.9097,381,16,2816.0884,2904.9097,2986.1
load_26,2014-07-17 16:00:00,2957.4,2904.75,381,17,2792.3342,2904.75,2980.6104
load_26,2014-07-17 17:00:00,2963.7,2883.6646,381,18,2779.3154,2883.6646,2972.479
load_26,2014-07-17 18:00:00,2970.9,2870.0928,381,19,2761.501,2870.0928,2978.371
load_26,2014-07-17 19:00:00,2950.2,2857.3916,381,20,2731.2373,2857.3916,2957.8533
load_26,2014-07-17 20:00:00,2464.2,2428.9111,381,21,2236.7864,2428.9111,2609.493
load_26,2014-07-17 21:00:00,1389.9,1266.7073,381,22,1112.8394,1266.7073,1409.5546
load_26,2014-07-17 22:00:00,983.4,847.14954,381,23,750.8626,847.14954,992.83154
load_26,2014-07-17 23:00:00,541.8,552.69653,381,24,486.6969,552.69653,632.69946
load_26,2014-07-18 00:00:00,488.7,470.77136,382,1,415.56555,470.77136,532.0559
load_26,2014-07-18 01:00:00,443.7,438.50146,382,2,385.74353,438.50146,497.96448
load_26,2014-07-18 02:00:00,401.4,437.47754,382,3,382.0515,437.47754,472.60107
load_26,2014-07-18 03:00:00,402.0,411.1996,382,4,360.05212,411.1996,453.17102
load_26,2014-07-18 04:00:00,378.9,411.04138,382,5,364.4353,411.04138,455.48157
load_26,2014-07-18 05:00:00,377.7,423.8894,382,6,377.44458,423.8894,460.25
load_26,2014-07-18 06:00:00,383.1,421.6659,382,7,368.90137,421.6659,456.078
load_26,2014-07-18 07:00:00,441.3,451.4159,382,8,398.2992,451.4159,501.91138
load_26,2014-07-18 08:00:00,579.3,618.37585,382,9,545.3253,618.37585,718.61053
load_26,2014-07-18 09:00:00,1234.2,1292.8706,382,10,1159.1849,1292.8706,1429.8322
load_26,2014-07-18 10:00:00,2554.2,2556.4,382,11,2384.5776,2556.4,2682.4844
load_26,2014-07-18 11:00:00,3008.4,2926.5923,382,12,2822.0232,2926.5923,2996.9587
load_26,2014-07-18 12:00:00,2899.2,2943.1282,382,13,2850.2493,2943.1282,3014.9287
load_26,2014-07-18 13:00:00,3007.2,2944.8628,382,14,2856.5151,2944.8628,3018.8584
load_26,2014-07-18 14:00:00,3041.1,2943.6128,382,15,2853.2224,2943.6128,3022.855
load_26,2014-07-18 15:00:00,2985.3,2927.7617,382,16,2837.2256,2927.7617,3008.2637
load_26,2014-07-18 16:00:00,2972.7,2929.607,382,17,2814.787,2929.607,3008.271
load_26,2014-07-18 17:00:00,2988.9,2904.497,382,18,2797.1265,2904.497,2996.8665
load_26,2014-07-18 18:00:00,2972.4,2892.911,382,19,2782.1494,2892.911,3004.4023
load_26,2014-07-18 19:00:00,2905.2,2887.2847,382,20,2766.3567,2887.2847,2991.0771
load_26,2014-07-18 20:00:00,2821.8,2446.712,382,21,2255.1233,2446.712,2626.876
load_26,2014-07-18 21:00:00,1772.4,1308.1475,382,22,1146.7366,1308.1475,1463.768
load_26,2014-07-18 22:00:00,1010.1,895.162,382,23,797.071,895.162,1046.812
load_26,2014-07-18 23:00:00,547.8,578.6288,382,24,511.83435,578.6288,660.5235
load_26,2014-07-21 00:00:00,495.3,472.01807,383,1,405.31287,472.01807,538.25024
load_26,2014-07-21 01:00:00,482.4,443.1233,383,2,383.64307,443.1233,509.1018
load_26,2014-07-21 02:00:00,418.2,439.9353,383,3,380.02625,439.9353,479.87024
load_26,2014-07-21 03:00:00,392.4,417.45972,383,4,364.1305,417.45972,464.74683
load_26,2014-07-21 04:00:00,417.6,411.15442,383,5,359.10205,411.15442,461.84448
load_26,2014-07-21 05:00:00,426.3,424.6521,383,6,370.9281,424.6521,468.44775
load_26,2014-07-21 06:00:00,414.6,431.32556,383,7,373.5614,431.32556,476.02344
load_26,2014-07-21 07:00:00,463.5,459.52075,383,8,402.34265,459.52075,523.2831
load_26,2014-07-21 08:00:00,716.7,609.17957,383,9,528.4658,609.17957,741.2353
load_26,2014-07-21 09:00:00,1291.8,1343.0898,383,10,1177.1699,1343.0898,1521.4717
load_26,2014-07-21 10:00:00,2598.3,2624.8223,383,11,2426.7004,2624.8223,2784.1074
load_26,2014-07-21 11:00:00,2945.4,2953.7773,383,12,2822.183,2953.7773,3054.1416
load_26,2014-07-21 12:00:00,2973.0,2962.62,383,13,2838.692,2962.62,3064.1118
load_26,2014-07-21 13:00:00,2977.8,2966.3098,383,14,2844.8545,2966.3098,3069.3447
load_26,2014-07-21 14:00:00,2948.1,2985.7341,383,15,2867.7625,2985.7341,3085.1985
load_26,2014-07-21 15:00:00,2926.2,2967.0972,383,16,2855.3833,2967.0972,3074.8408
load_26,2014-07-21 16:00:00,2920.5,2958.5303,383,17,2824.5488,2958.5303,3062.1343
load_26,2014-07-21 17:00:00,2931.0,2932.0054,383,18,2800.7666,2932.0054,3047.0469
load_26,2014-07-21 18:00:00,2943.9,2915.2864,383,19,2779.8477,2915.2864,3050.3687
load_26,2014-07-21 19:00:00,2929.5,2902.29,383,20,2734.5327,2902.29,3033.958
load_26,2014-07-21 20:00:00,2372.4,2579.574,383,21,2301.5063,2579.574,2760.0986
load_26,2014-07-21 21:00:00,1252.5,1411.2609,383,22,1175.0452,1411.2609,1644.8585
load_26,2014-07-21 22:00:00,927.6,939.44403,383,23,795.04333,939.44403,1143.8243
load_26,2014-07-21 23:00:00,535.2,573.57654,383,24,487.11218,573.57654,669.0112
load_26,2014-07-22 00:00:00,458.1,460.64795,384,1,401.57898,460.64795,520.275
load_26,2014-07-22 01:00:00,432.3,434.0752,384,2,379.84888,434.0752,492.41296
load_26,2014-07-22 02:00:00,393.6,433.39453,384,3,379.2655,433.39453,468.03503
load_26,2014-07-22 03:00:00,378.0,408.7235,384,4,359.16553,408.7235,448.10754
load_26,2014-07-22 04:00:00,411.3,407.81763,384,5,360.82837,407.81763,449.04272
load_26,2014-07-22 05:00:00,429.6,423.17273,384,6,375.2135,423.17273,457.16296
load_26,2014-07-22 06:00:00,408.0,425.7422,384,7,375.0393,425.7422,455.45227
load_26,2014-07-22 07:00:00,439.2,447.71484,384,8,400.96106,447.71484,498.69177
load_26,2014-07-22 08:00:00,574.5,602.5454,384,9,531.5242,602.5454,698.2262
load_26,2014-07-22 09:00:00,1420.2,1255.7643,384,10,1103.688,1255.7643,1387.729
load_26,2014-07-22 10:00:00,2719.8,2556.9167,384,11,2360.5737,2556.9167,2689.3623
load_26,2014-07-22 11:00:00,2949.3,2915.1733,384,12,2788.418,2915.1733,2996.6301
load_26,2014-07-22 12:00:00,2973.3,2933.0996,384,13,2812.8389,2933.0996,3016.2664
load_26,2014-07-22 13:00:00,2834.7,2938.645,384,14,2817.2368,2938.645,3025.0737
load_26,2014-07-22 14:00:00,2540.7,2953.0022,384,15,2842.621,2953.0022,3034.5415
load_26,2014-07-22 15:00:00,2501.4,2922.4546,384,16,2815.5835,2922.4546,3014.0073
load_26,2014-07-22 16:00:00,2497.8,2923.5217,384,17,2783.0596,2923.5217,3013.7593
load_26,2014-07-22 17:00:00,2473.5,2901.0168,384,18,2776.8965,2901.0168,3002.33
load_26,2014-07-22 18:00:00,2487.0,2883.5237,384,19,2753.019,2883.5237,3005.891
load_26,2014-07-22 19:00:00,2503.5,2864.6033,384,20,2694.6653,2864.6033,2981.5105
load_26,2014-07-22 20:00:00,2169.6,2486.3472,384,21,2216.1497,2486.3472,2675.4863
load_26,2014-07-22 21:00:00,1189.2,1349.4143,384,22,1137.9664,1349.4143,1554.5416
load_26,2014-07-22 22:00:00,863.1,885.2902,384,23,755.90216,885.2902,1070.4266
load_26,2014-07-22 23:00:00,566.7,547.7655,384,24,478.86206,547.7655,637.1372
load_26,2014-07-23 00:00:00,502.5,464.38562,385,1,404.80005,464.38562,522.82837
load_26,2014-07-23 01:00:00,497.1,433.4663,385,2,380.2395,433.4663,491.88965
load_26,2014-07-23 02:00:00,462.3,426.2307,385,3,371.68335,426.2307,463.59656
load_26,2014-07-23 03:00:00,430.2,401.91003,385,4,352.64685,401.91003,447.08167
load_26,2014-07-23 04:00:00,602.1,401.10815,385,5,351.94934,401.10815,450.6046
load_26,2014-07-23 05:00:00,878.7,418.38574,385,6,368.38525,418.38574,461.93677
load_26,2014-07-23 06:00:00,871.5,418.57703,385,7,368.89197,418.57703,462.46387
load_26,2014-07-23 07:00:00,579.0,439.68213,385,8,391.47852,439.68213,503.14526
load_26,2014-07-23 08:00:00,658.2,589.95593,385,9,511.0321,589.95593,701.9011
load_26,2014-07-23 09:00:00,1077.0,1243.7395,385,10,1025.9067,1243.7395,1410.8833
load_26,2014-07-23 10:00:00,2261.7,2462.005,385,11,2178.9922,2462.005,2649.8135
load_26,2014-07-23 11:00:00,2734.2,2802.5977,385,12,2565.6702,2802.5977,2947.3203
load_26,2014-07-23 12:00:00,2936.1,2814.8628,385,13,2551.575,2814.8628,2973.5127
load_26,2014-07-23 13:00:00,2912.4,2793.052,385,14,2502.888,2793.052,2962.2292
load_26,2014-07-23 14:00:00,2682.3,2703.035,385,15,2427.829,2703.035,2908.4429
load_26,2014-07-23 15:00:00,2712.9,2696.1392,385,16,2397.2788,2696.1392,2887.5156
load_26,2014-07-23 16:00:00,2728.5,2681.2654,385,17,2369.8406,2681.2654,2871.4893
load_26,2014-07-23 17:00:00,2716.8,2681.3093,385,18,2376.0037,2681.3093,2883.161
load_26,2014-07-23 18:00:00,2731.5,2679.0898,385,19,2346.9268,2679.0898,2890.886
load_26,2014-07-23 19:00:00,2717.4,2672.5757,385,20,2336.288,2672.5757,2872.4966
load_26,2014-07-23 20:00:00,2325.0,2246.6304,385,21,1919.647,2246.6304,2496.2725
load_26,2014-07-23 21:00:00,1233.3,1220.0872,385,22,998.4948,1220.0872,1406.0999
load_26,2014-07-23 22:00:00,851.4,847.7805,385,23,705.1418,847.7805,1024.6458
load_26,2014-07-23 23:00:00,552.9,537.34827,385,24,455.42273,537.34827,625.6666
load_26,2014-07-24 00:00:00,501.3,481.1289,386,1,412.33093,481.1289,550.8248
load_26,2014-07-24 01:00:00,469.5,448.61,386,2,378.79578,448.61,533.0979
load_26,2014-07-24 02:00:00,419.7,436.49976,386,3,360.78577,436.49976,505.30786
load_26,2014-07-24 03:00:00,403.8,412.78174,386,4,338.7179,412.78174,504.94397
load_26,2014-07-24 04:00:00,429.3,424.57397,386,5,345.3092,424.57397,536.9326
load_26,2014-07-24 05:00:00,413.1,461.7013,386,6,380.08643,461.7013,595.7705
load_26,2014-07-24 06:00:00,391.8,470.70068,386,7,388.48303,470.70068,592.0315
load_26,2014-07-24 07:00:00,448.2,467.91125,386,8,391.8816,467.91125,581.2887
load_26,2014-07-24 08:00:00,578.4,598.5432,386,9,488.36792,598.5432,762.3074
load_26,2014-07-24 09:00:00,1025.4,1201.3896,386,10,978.9121,1201.3896,1417.302
load_26,2014-07-24 10:00:00,2226.6,2452.6516,386,11,2147.234,2452.6516,2684.0059
load_26,2014-07-24 11:00:00,2717.4,2803.8545,386,12,2560.2397,2803.8545,2967.8755
load_26,2014-07-24 12:00:00,2742.3,2833.4563,386,13,2596.1401,2833.4563,3001.7788
load_26,2014-07-24 13:00:00,2750.7,2823.9194,386,14,2550.942,2823.9194,2997.6465
load_26,2014-07-24 14:00:00,2615.4,2748.2458,386,15,2488.1973,2748.2458,2962.1543
load_26,2014-07-24 15:00:00,2543.7,2764.6475,386,16,2507.9507,2764.6475,2951.9917
load_26,2014-07-24 16:00:00,2592.3,2756.755,386,17,2493.1523,2756.755,2920.9453
load_26,2014-07-24 17:00:00,2607.9,2757.4597,386,18,2494.251,2757.4597,2945.6372
load_26,2014-07-24 18:00:00,2579.7,2739.0957,386,19,2486.5144,2739.0957,2947.9531
load_26,2014-07-24 19:00:00,2620.5,2717.6353,386,20,2434.6807,2717.6353,2928.5298
load_26,2014-07-24 20:00:00,2287.2,2346.3105,386,21,2020.0837,2346.3105,2597.4595
load_26,2014-07-24 21:00:00,1264.8,1280.8215,386,22,1059.7146,1280.8215,1506.2721
load_26,2014-07-24 22:00:00,986.7,875.98315,386,23,715.83307,875.98315,1090.0198
load_26,2014-07-24 23:00:00,741.9,579.30347,386,24,461.88452,579.30347,711.19556
load_26,2014-07-25 00:00:00,513.6,538.57776,387,1,465.89685,538.57776,581.87695
load_26,2014-07-25 01:00:00,450.9,474.65808,387,2,407.50085,474.65808,550.10144
load_26,2014-07-25 02:00:00,400.8,447.52673,387,3,376.9253,447.52673,505.8136
load_26,2014-07-25 03:00:00,402.6,418.11023,387,4,349.2417,418.11023,490.03284
load_26,2014-07-25 04:00:00,435.6,434.52905,387,5,365.1598,434.52905,512.01306
load_26,2014-07-25 05:00:00,420.6,464.33264,387,6,392.65503,464.33264,546.3268
load_26,2014-07-25 06:00:00,394.8,466.59705,387,7,389.71985,466.59705,554.1931
load_26,2014-07-25 07:00:00,449.4,458.3158,387,8,386.05676,458.3158,553.1615
load_26,2014-07-25 08:00:00,583.5,593.3617,387,9,489.9292,593.3617,735.3448
load_26,2014-07-25 09:00:00,1034.7,1148.2147,387,10,968.31055,1148.2147,1331.7239
load_26,2014-07-25 10:00:00,2278.5,2373.0796,387,11,2142.499,2373.0796,2573.9133
load_26,2014-07-25 11:00:00,2906.1,2760.6934,387,12,2566.733,2760.6934,2922.6694
load_26,2014-07-25 12:00:00,3002.7,2806.6904,387,13,2619.4133,2806.6904,2978.5212
load_26,2014-07-25 13:00:00,3051.9,2813.944,387,14,2606.5044,2813.944,2992.0552
load_26,2014-07-25 14:00:00,2808.3,2748.4219,387,15,2572.991,2748.4219,2961.2378
load_26,2014-07-25 15:00:00,2699.7,2740.3037,387,16,2555.31,2740.3037,2922.2847
load_26,2014-07-25 16:00:00,2690.4,2736.5464,387,17,2541.3994,2736.5464,2906.456
load_26,2014-07-25 17:00:00,2703.0,2732.5278,387,18,2533.1768,2732.5278,2918.5796
load_26,2014-07-25 18:00:00,2711.4,2713.3008,387,19,2501.5403,2713.3008,2924.3704
load_26,2014-07-25 19:00:00,2714.7,2707.5632,387,20,2485.556,2707.5632,2912.1938
load_26,2014-07-25 20:00:00,2655.9,2410.8486,387,21,2145.5845,2410.8486,2634.7854
load_26,2014-07-25 21:00:00,1723.5,1348.7538,387,22,1132.6682,1348.7538,1567.169
load_26,2014-07-25 22:00:00,1167.9,926.841,387,23,787.4474,926.841,1135.7192
load_26,2014-07-25 23:00:00,876.0,608.8201,387,24,499.02576,608.8201,740.3137
load_26,2014-07-28 00:00:00,459.0,624.3639,388,1,513.7683,624.3639,756.9116
load_26,2014-07-28 01:00:00,463.8,519.93115,388,2,414.0276,519.93115,671.0621
load_26,2014-07-28 02:00:00,378.0,463.15674,388,3,358.70935,463.15674,577.5637
load_26,2014-07-28 03:00:00,359.1,422.93042,388,4,323.16284,422.93042,559.74365
load_26,2014-07-28 04:00:00,382.5,421.16406,388,5,319.10352,421.16406,564.39343
load_26,2014-07-28 05:00:00,399.9,433.12598,388,6,327.5796,433.12598,574.7793
load_26,2014-07-28 06:00:00,426.6,432.87793,388,7,323.72278,432.87793,578.8236
load_26,2014-07-28 07:00:00,475.8,460.21375,388,8,355.4818,460.21375,618.0405
load_26,2014-07-28 08:00:00,552.9,627.91656,388,9,485.69922,627.91656,846.229
load_26,2014-07-28 09:00:00,879.6,1223.0913,388,10,995.8612,1223.0913,1480.6995
load_26,2014-07-28 10:00:00,1217.1,2476.4656,388,11,2179.556,2476.4656,2758.3516
load_26,2014-07-28 11:00:00,1222.8,2834.816,388,12,2594.4736,2834.816,3061.4136
load_26,2014-07-28 12:00:00,1281.0,2863.5342,388,13,2633.315,2863.5342,3095.23
load_26,2014-07-28 13:00:00,1257.6,2859.125,388,14,2607.3425,2859.125,3088.593
load_26,2014-07-28 14:00:00,1256.4,2790.2983,388,15,2555.6267,2790.2983,3038.753
load_26,2014-07-28 15:00:00,1269.3,2773.3918,388,16,2540.9355,2773.3918,3004.7588
load_26,2014-07-28 16:00:00,1247.7,2780.6772,388,17,2506.611,2780.6772,2991.79
load_26,2014-07-28 17:00:00,1242.6,2765.8416,388,18,2511.6646,2765.8416,3008.6748
load_26,2014-07-28 18:00:00,1281.0,2744.6792,388,19,2484.6924,2744.6792,3007.487
load_26,2014-07-28 19:00:00,1286.1,2737.8599,388,20,2445.441,2737.8599,3018.1184
load_26,2014-07-28 20:00:00,1223.1,2498.9182,388,21,2133.4126,2498.9182,2800.434
load_26,2014-07-28 21:00:00,1120.8,1453.9897,388,22,1172.0208,1453.9897,1779.9885
load_26,2014-07-28 22:00:00,986.1,1000.18005,388,23,800.1664,1000.18005,1297.0168
load_26,2014-07-28 23:00:00,752.1,691.8618,388,24,545.5023,691.8618,922.72974
load_26,2014-07-29 00:00:00,533.7,490.85614,389,1,436.53918,490.85614,536.77576
load_26,2014-07-29 01:00:00,469.2,464.8606,389,2,411.27222,464.8606,509.15106
load_26,2014-07-29 02:00:00,439.2,453.92163,389,3,402.39807,453.92163,481.81366
load_26,2014-07-29 03:00:00,418.8,440.4585,389,4,394.81616,440.4585,480.00232
load_26,2014-07-29 04:00:00,432.3,438.25012,389,5,388.7467,438.25012,493.10364
load_26,2014-07-29 05:00:00,468.0,454.15076,389,6,400.37317,454.15076,515.04193
load_26,2014-07-29 06:00:00,426.6,464.7379,389,7,410.12024,464.7379,521.7648
load_26,2014-07-29 07:00:00,566.4,469.04126,389,8,418.14624,469.04126,546.3955
load_26,2014-07-29 08:00:00,648.6,559.5509,389,9,470.4508,559.5509,735.7209
load_26,2014-07-29 09:00:00,1009.5,996.706,389,10,672.4707,996.706,1324.5693
load_26,2014-07-29 10:00:00,2276.7,2015.739,389,11,1207.3689,2015.739,2508.3513
load_26,2014-07-29 11:00:00,2571.6,2407.1997,389,12,1379.8849,2407.1997,2895.6099
load_26,2014-07-29 12:00:00,2591.7,2460.7236,389,13,1396.2461,2460.7236,2959.8372
load_26,2014-07-29 13:00:00,2631.0,2461.226,389,14,1465.6157,2461.226,2967.7402
load_26,2014-07-29 14:00:00,2617.2,2373.6475,389,15,1437.5322,2373.6475,2879.5132
load_26,2014-07-29 15:00:00,2642.4,2331.6353,389,16,1451.4088,2331.6353,2870.753
load_26,2014-07-29 16:00:00,2670.0,2353.7168,389,17,1512.1422,2353.7168,2794.356
load_26,2014-07-29 17:00:00,2649.0,2342.375,389,18,1474.3949,2342.375,2805.7915
load_26,2014-07-29 18:00:00,2674.8,2352.3643,389,19,1491.578,2352.3643,2838.152
load_26,2014-07-29 19:00:00,2645.7,2349.9458,389,20,1478.6963,2349.9458,2798.7524
load_26,2014-07-29 20:00:00,2304.3,2065.2864,389,21,1325.9791,2065.2864,2576.5095
load_26,2014-07-29 21:00:00,1255.8,1230.0549,389,22,863.1932,1230.0549,1563.1265
load_26,2014-07-29 22:00:00,969.3,883.95325,389,23,687.49756,883.95325,1105.2147
load_26,2014-07-29 23:00:00,794.4,617.5679,389,24,510.59253,617.5679,688.2059
load_26,2014-07-30 00:00:00,526.8,580.7412,390,1,503.6538,580.7412,644.7032
load_26,2014-07-30 01:00:00,496.8,502.36218,390,2,425.3009,502.36218,587.4914
load_26,2014-07-30 02:00:00,431.1,468.1458,390,3,386.38574,468.1458,538.5364
load_26,2014-07-30 03:00:00,393.6,442.03564,390,4,364.328,442.03564,529.67194
load_26,2014-07-30 04:00:00,425.4,451.15845,390,5,373.01892,451.15845,545.8648
load_26,2014-07-30 05:00:00,408.6,470.50885,390,6,389.78967,470.50885,569.76166
load_26,2014-07-30 06:00:00,393.0,467.91388,390,7,383.41504,467.91388,570.5278
load_26,2014-07-30 07:00:00,429.6,511.74396,390,8,417.3872,511.74396,612.5551
load_26,2014-07-30 08:00:00,565.2,641.9518,390,9,520.07227,641.9518,791.91095
load_26,2014-07-30 09:00:00,1026.3,1131.4436,390,10,933.9349,1131.4436,1339.7715
load_26,2014-07-30 10:00:00,2269.5,2372.8735,390,11,2076.0103,2372.8735,2599.7344
load_26,2014-07-30 11:00:00,2585.4,2710.6118,390,12,2474.9058,2710.6118,2879.083
load_26,2014-07-30 12:00:00,2722.8,2738.0144,390,13,2513.4353,2738.0144,2911.5266
load_26,2014-07-30 13:00:00,2937.6,2737.231,390,14,2480.2446,2737.231,2913.664
load_26,2014-07-30 14:00:00,2814.6,2640.6284,390,15,2409.333,2640.6284,2853.8684
load_26,2014-07-30 15:00:00,2793.9,2643.1982,390,16,2425.4165,2643.1982,2822.9937
load_26,2014-07-30 16:00:00,2833.2,2637.2573,390,17,2367.9692,2637.2573,2799.8901
load_26,2014-07-30 17:00:00,2787.3,2624.313,390,18,2370.4268,2624.313,2825.9116
load_26,2014-07-30 18:00:00,2814.3,2602.5142,390,19,2357.4175,2602.5142,2825.6582
load_26,2014-07-30 19:00:00,2813.1,2611.5203,390,20,2325.1948,2611.5203,2839.2808
load_26,2014-07-30 20:00:00,2328.3,2288.8628,390,21,1956.9932,2288.8628,2523.537
load_26,2014-07-30 21:00:00,1262.1,1289.1221,390,22,1079.5325,1289.1221,1501.3286
load_26,2014-07-30 22:00:00,986.4,970.02826,390,23,827.43274,970.02826,1163.9778
load_26,2014-07-30 23:00:00,728.1,730.72473,390,24,617.0015,730.72473,892.18054
load_26,2014-07-31 00:00:00,528.9,537.9286,391,1,464.91785,537.9286,584.71106
load_26,2014-07-31 01:00:00,499.2,483.73505,391,2,423.31104,483.73505,547.2927
load_26,2014-07-31 02:00:00,443.4,453.6867,391,3,393.65625,453.6867,499.42578
load_26,2014-07-31 03:00:00,426.0,425.4309,391,4,372.3683,425.4309,477.68158
load_26,2014-07-31 04:00:00,403.8,435.59045,391,5,381.1228,435.59045,498.989
load_26,2014-07-31 05:00:00,403.8,461.77533,391,6,405.94592,461.77533,523.37054
load_26,2014-07-31 06:00:00,405.0,459.6001,391,7,399.06787,459.6001,520.96326
load_26,2014-07-31 07:00:00,464.1,474.63916,391,8,419.5879,474.63916,552.4165
load_26,2014-07-31 08:00:00,615.0,603.72986,391,9,519.4212,603.72986,720.27435
load_26,2014-07-31 09:00:00,1063.2,1062.7993,391,10,895.6082,1062.7993,1228.1313
load_26,2014-07-31 10:00:00,2426.4,2336.2854,391,11,2069.3545,2336.2854,2541.6755
load_26,2014-07-31 11:00:00,2906.1,2721.8433,391,12,2498.3335,2721.8433,2883.8364
load_26,2014-07-31 12:00:00,2814.9,2794.5803,391,13,2577.8237,2794.5803,2969.5542
load_26,2014-07-31 13:00:00,2794.2,2824.82,391,14,2581.1963,2824.82,3003.6113
load_26,2014-07-31 14:00:00,2799.6,2740.4885,391,15,2536.4207,2740.4885,2938.7056
load_26,2014-07-31 15:00:00,2759.1,2713.681,391,16,2524.3875,2713.681,2889.3389
load_26,2014-07-31 16:00:00,2741.4,2710.8618,391,17,2491.5212,2710.8618,2858.732
load_26,2014-07-31 17:00:00,2719.8,2681.0095,391,18,2482.0864,2681.0095,2856.4333
load_26,2014-07-31 18:00:00,2717.1,2651.9375,391,19,2450.5024,2651.9375,2846.412
load_26,2014-07-31 19:00:00,2720.1,2657.7676,391,20,2411.7432,2657.7676,2854.4463
load_26,2014-07-31 20:00:00,2274.0,2364.1453,391,21,2084.7988,2364.1453,2566.819
load_26,2014-07-31 21:00:00,1290.0,1292.1492,391,22,1102.5148,1292.1492,1465.3062
load_26,2014-07-31 22:00:00,1008.9,984.8357,391,23,854.10016,984.8357,1159.2853
load_26,2014-07-31 23:00:00,749.4,736.73975,391,24,627.37115,736.73975,893.8163
load_26,2014-08-01 00:00:00,521.7,558.2389,392,1,492.33203,558.2389,616.64984
load_26,2014-08-01 01:00:00,464.4,489.4124,392,2,421.32263,489.4124,560.4867
load_26,2014-08-01 02:00:00,405.0,453.2337,392,3,385.62488,453.2337,504.53235
load_26,2014-08-01 03:00:00,397.2,422.96777,392,4,362.77417,422.96777,484.48425
load_26,2014-08-01 04:00:00,435.3,427.82544,392,5,370.6908,427.82544,488.25854
load_26,2014-08-01 05:00:00,432.6,447.07715,392,6,388.4165,447.07715,507.4806
load_26,2014-08-01 06:00:00,403.5,443.79602,392,7,381.62048,443.79602,500.9273
load_26,2014-08-01 07:00:00,466.2,486.3136,392,8,419.4121,486.3136,551.341
load_26,2014-08-01 08:00:00,655.8,623.6271,392,9,536.99304,623.6271,716.2951
load_26,2014-08-01 09:00:00,1577.4,1048.3616,392,10,902.87366,1048.3616,1183.895
load_26,2014-08-01 10:00:00,2403.9,2332.6462,392,11,2080.8853,2332.6462,2497.1086
load_26,2014-08-01 11:00:00,2764.2,2731.9258,392,12,2528.6182,2731.9258,2850.0835
load_26,2014-08-01 12:00:00,2862.9,2774.9673,392,13,2568.8096,2774.9673,2903.6672
load_26,2014-08-01 13:00:00,2865.9,2809.5913,392,14,2579.005,2809.5913,2941.7542
load_26,2014-08-01 14:00:00,2863.8,2784.419,392,15,2587.5828,2784.419,2918.1084
load_26,2014-08-01 15:00:00,2730.6,2740.4355,392,16,2544.0566,2740.4355,2878.4326
load_26,2014-08-01 16:00:00,2718.3,2724.6685,392,17,2469.1885,2724.6685,2861.1318
load_26,2014-08-01 17:00:00,2742.0,2698.5422,392,18,2460.5532,2698.5422,2861.0386
load_26,2014-08-01 18:00:00,2791.5,2671.833,392,19,2446.4597,2671.833,2856.3113
load_26,2014-08-01 19:00:00,2754.0,2682.2048,392,20,2391.795,2682.2048,2876.1606
load_26,2014-08-01 20:00:00,2680.2,2386.1143,392,21,2043.2313,2386.1143,2589.148
load_26,2014-08-01 21:00:00,1697.4,1316.782,392,22,1109.1572,1316.782,1511.3707
load_26,2014-08-01 22:00:00,1115.4,1008.8676,392,23,872.25305,1008.8676,1182.8501
load_26,2014-08-01 23:00:00,828.0,772.49506,392,24,663.7315,772.49506,920.9373
load_26,2014-08-04 00:00:00,507.3,539.8756,393,1,475.8249,539.8756,581.6412
load_26,2014-08-04 01:00:00,500.1,470.24316,393,2,416.0138,470.24316,528.9742
load_26,2014-08-04 02:00:00,426.9,447.3374,393,3,390.54175,447.3374,481.4007
load_26,2014-08-04 03:00:00,409.5,413.32996,393,4,367.16248,413.32996,455.27576
load_26,2014-08-04 04:00:00,440.4,409.53125,393,5,361.57178,409.53125,458.14648
load_26,2014-08-04 05:00:00,439.2,428.568,393,6,379.29053,428.568,471.62408
load_26,2014-08-04 06:00:00,410.1,430.4779,393,7,379.61963,430.4779,473.71222
load_26,2014-08-04 07:00:00,477.3,474.96997,393,8,418.61523,474.96997,534.1329
load_26,2014-08-04 08:00:00,635.4,618.0197,393,9,532.4891,618.0197,736.54626
load_26,2014-08-04 09:00:00,1734.6,1134.4535,393,10,908.8559,1134.4535,1322.396
load_26,2014-08-04 10:00:00,2488.8,2285.371,393,11,1896.1855,2285.371,2520.6978
load_26,2014-08-04 11:00:00,2753.4,2666.2727,393,12,2209.4014,2666.2727,2870.3027
load_26,2014-08-04 12:00:00,2723.1,2687.3562,393,13,2197.7932,2687.3562,2904.6265
load_26,2014-08-04 13:00:00,2694.9,2696.3152,393,14,2276.9927,2696.3152,2921.6182
load_26,2014-08-04 14:00:00,2658.9,2642.983,393,15,2180.1792,2642.983,2877.3613
load_26,2014-08-04 15:00:00,2677.2,2622.145,393,16,2146.2007,2622.145,2851.1274
load_26,2014-08-04 16:00:00,2682.3,2617.9111,393,17,2186.62,2617.9111,2827.3867
load_26,2014-08-04 17:00:00,2652.3,2623.3867,393,18,2190.062,2623.3867,2837.3005
load_26,2014-08-04 18:00:00,2665.2,2614.9043,393,19,2123.8262,2614.9043,2847.1267
load_26,2014-08-04 19:00:00,2657.4,2601.864,393,20,2154.6216,2601.864,2843.0928
load_26,2014-08-04 20:00:00,2333.7,2355.2373,393,21,1853.3677,2355.2373,2612.4338
load_26,2014-08-04 21:00:00,1258.5,1371.2122,393,22,1096.7892,1371.2122,1596.4128
load_26,2014-08-04 22:00:00,843.0,1040.0813,393,23,876.36804,1040.0813,1212.7185
load_26,2014-08-04 23:00:00,696.3,789.65173,393,24,678.9451,789.65173,927.53125
load_26,2014-08-05 00:00:00,520.5,497.80963,394,1,440.59717,497.80963,553.90125
load_26,2014-08-05 01:00:00,474.0,455.98047,394,2,397.542,455.98047,518.93146
load_26,2014-08-05 02:00:00,411.3,439.365,394,3,379.65552,439.365,479.55444
load_26,2014-08-05 03:00:00,396.6,419.4099,394,4,368.41943,419.4099,471.64838
load_26,2014-08-05 04:00:00,397.8,413.23425,394,5,359.83032,413.23425,470.41742
load_26,2014-08-05 05:00:00,397.2,431.87927,394,6,375.7279,431.87927,483.15784
load_26,2014-08-05 06:00:00,401.7,433.82678,394,7,379.64136,433.82678,483.2832
load_26,2014-08-05 07:00:00,461.7,476.25293,394,8,411.55188,476.25293,540.7815
load_26,2014-08-05 08:00:00,956.1,603.16345,394,9,505.5078,603.16345,746.82654
load_26,2014-08-05 09:00:00,1811.4,1297.5386,394,10,998.34924,1297.5386,1547.5795
load_26,2014-08-05 10:00:00,2381.1,2353.7012,394,11,1938.1324,2353.7012,2573.6868
load_26,2014-08-05 11:00:00,2722.8,2653.0322,394,12,2269.8997,2653.0322,2808.9802
load_26,2014-08-05 12:00:00,2740.2,2698.332,394,13,2342.713,2698.332,2864.4949
load_26,2014-08-05 13:00:00,2703.9,2719.382,394,14,2371.1982,2719.382,2884.0405
load_26,2014-08-05 14:00:00,2589.3,2716.584,394,15,2356.3372,2716.584,2882.1572
load_26,2014-08-05 15:00:00,2579.7,2683.339,394,16,2361.8008,2683.339,2857.8499
load_26,2014-08-05 16:00:00,2582.1,2663.6719,394,17,2306.8691,2663.6719,2809.9443
load_26,2014-08-05 17:00:00,2603.7,2649.7786,394,18,2297.2222,2649.7786,2819.5576
load_26,2014-08-05 18:00:00,2597.7,2639.102,394,19,2263.6494,2639.102,2831.056
load_26,2014-08-05 19:00:00,2576.1,2623.9634,394,20,2218.539,2623.9634,2832.211
load_26,2014-08-05 20:00:00,2272.2,2403.5728,394,21,1895.4597,2403.5728,2637.1895
load_26,2014-08-05 21:00:00,1265.7,1376.7556,394,22,1091.8254,1376.7556,1616.5269
load_26,2014-08-05 22:00:00,954.3,985.5829,394,23,822.9956,985.5829,1168.2356
load_26,2014-08-05 23:00:00,768.6,752.52203,394,24,639.59814,752.52203,890.6313
load_26,2014-08-06 00:00:00,548.1,534.7405,395,1,482.4884,534.7405,572.1331
load_26,2014-08-06 01:00:00,502.5,475.4875,395,2,426.54468,475.4875,530.9802
load_26,2014-08-06 02:00:00,424.2,452.2621,395,3,400.90015,452.2621,483.26184
load_26,2014-08-06 03:00:00,412.8,422.68164,395,4,379.87866,422.68164,462.42334
load_26,2014-08-06 04:00:00,431.4,416.4026,395,5,372.573,416.4026,461.52283
load_26,2014-08-06 05:00:00,427.5,434.42993,395,6,389.46765,434.42993,472.899
load_26,2014-08-06 06:00:00,412.5,437.10852,395,7,393.5056,437.10852,477.29688
load_26,2014-08-06 07:00:00,446.1,476.3814,395,8,425.13318,476.3814,534.26044
load_26,2014-08-06 08:00:00,580.5,681.4808,395,9,580.9804,681.4808,820.4732
load_26,2014-08-06 09:00:00,1238.7,1439.4004,395,10,1127.0889,1439.4004,1680.5526
load_26,2014-08-06 10:00:00,2415.6,2329.0356,395,11,1948.1685,2329.0356,2516.8137
load_26,2014-08-06 11:00:00,2696.4,2593.6147,395,12,2246.4834,2593.6147,2728.913
load_26,2014-08-06 12:00:00,2729.1,2605.8213,395,13,2259.8125,2605.8213,2749.7976
load_26,2014-08-06 13:00:00,2629.5,2606.3809,395,14,2291.4912,2606.3809,2747.475
load_26,2014-08-06 14:00:00,2596.2,2571.8257,395,15,2253.8015,2571.8257,2734.027
load_26,2014-08-06 15:00:00,2568.9,2561.9653,395,16,2253.4685,2561.9653,2713.8657
load_26,2014-08-06 16:00:00,2591.1,2576.5593,395,17,2247.0742,2576.5593,2708.1953
load_26,2014-08-06 17:00:00,2618.4,2559.7332,395,18,2228.4414,2559.7332,2714.3262
load_26,2014-08-06 18:00:00,2592.6,2543.8052,395,19,2165.2278,2543.8052,2721.296
load_26,2014-08-06 19:00:00,2557.5,2540.4102,395,20,2168.7856,2540.4102,2721.5977
load_26,2014-08-06 20:00:00,2232.0,2255.9285,395,21,1823.5803,2255.9285,2464.0786
load_26,2014-08-06 21:00:00,1263.6,1259.247,395,22,1024.487,1259.247,1454.4937
load_26,2014-08-06 22:00:00,1032.3,944.01056,395,23,804.68964,944.01056,1103.2528
load_26,2014-08-06 23:00:00,760.5,747.9232,395,24,649.441,747.9232,874.59705
load_26,2014-08-07 00:00:00,537.6,528.6842,396,1,466.0453,528.6842,565.9675
load_26,2014-08-07 01:00:00,506.4,459.76404,396,2,402.1643,459.76404,522.50073
load_26,2014-08-07 02:00:00,441.6,436.43237,396,3,375.9408,436.43237,476.6493
load_26,2014-08-07 03:00:00,403.2,406.23926,396,4,353.26367,406.23926,455.48364
load_26,2014-08-07 04:00:00,433.5,406.8573,396,5,354.50513,406.8573,459.43835
load_26,2014-08-07 05:00:00,450.3,419.44434,396,6,366.28418,419.44434,464.6422
load_26,2014-08-07 06:00:00,434.4,416.83044,396,7,361.64,416.83044,461.7317
load_26,2014-08-07 07:00:00,471.3,448.13074,396,8,388.5171,448.13074,512.4137
load_26,2014-08-07 08:00:00,600.0,685.1879,396,9,577.69257,685.1879,812.7047
load_26,2014-08-07 09:00:00,1505.4,1462.2769,396,10,1272.3533,1462.2769,1652.1108
load_26,2014-08-07 10:00:00,2342.1,2343.9404,396,11,2137.5708,2343.9404,2495.4941
load_26,2014-08-07 11:00:00,2491.2,2635.8472,396,12,2489.968,2635.8472,2737.1855
load_26,2014-08-07 12:00:00,2529.9,2669.1743,396,13,2533.4983,2669.1743,2772.8872
load_26,2014-08-07 13:00:00,2562.9,2656.372,396,14,2509.0217,2656.372,2761.8757
load_26,2014-08-07 14:00:00,2547.6,2605.142,396,15,2495.7617,2605.142,2737.3853
load_26,2014-08-07 15:00:00,2551.5,2598.7817,396,16,2478.7703,2598.7817,2712.6792
load_26,2014-08-07 16:00:00,2553.9,2609.7,396,17,2467.957,2609.7,2719.6287
load_26,2014-08-07 17:00:00,2546.1,2607.849,396,18,2472.8682,2607.849,2724.7732
load_26,2014-08-07 18:00:00,2547.9,2588.2505,396,19,2450.6108,2588.2505,2725.0562
load_26,2014-08-07 19:00:00,2533.8,2591.1067,396,20,2423.9395,2591.1067,2721.8735
load_26,2014-08-07 20:00:00,2202.6,2313.2861,396,21,2102.2163,2313.2861,2474.3826
load_26,2014-08-07 21:00:00,1234.5,1297.03,396,22,1139.3939,1297.03,1441.0874
load_26,2014-08-07 22:00:00,989.1,956.8182,396,23,854.0397,956.8182,1099.3264
load_26,2014-08-07 23:00:00,722.7,741.0516,396,24,660.4754,741.0516,866.9958
load_26,2014-08-08 00:00:00,524.7,508.386,397,1,457.86023,508.386,560.6809
load_26,2014-08-08 01:00:00,466.8,462.02246,397,2,409.7373,462.02246,521.3347
load_26,2014-08-08 02:00:00,407.4,444.5415,397,3,387.83374,444.5415,480.11853
load_26,2014-08-08 03:00:00,391.2,415.8872,397,4,365.71802,415.8872,460.93103
load_26,2014-08-08 04:00:00,390.0,420.19275,397,5,370.8324,420.19275,466.7898
load_26,2014-08-08 05:00:00,403.2,434.93164,397,6,383.56738,434.93164,477.427
load_26,2014-08-08 06:00:00,423.0,428.3617,397,7,374.19397,428.3617,467.5774
load_26,2014-08-08 07:00:00,741.0,438.14954,397,8,385.3413,438.14954,494.58545
load_26,2014-08-08 08:00:00,833.1,613.763,397,9,530.4663,613.763,730.03064
load_26,2014-08-08 09:00:00,1653.9,1432.143,397,10,1277.6213,1432.143,1605.4401
load_26,2014-08-08 10:00:00,2437.2,2319.248,397,11,2134.6416,2319.248,2468.301
load_26,2014-08-08 11:00:00,2637.9,2595.3455,397,12,2458.9043,2595.3455,2700.2942
load_26,2014-08-08 12:00:00,2489.4,2616.1055,397,13,2486.8467,2616.1055,2726.4424
load_26,2014-08-08 13:00:00,2530.8,2614.6245,397,14,2475.561,2614.6245,2726.357
load_26,2014-08-08 14:00:00,2542.5,2586.2886,397,15,2475.7466,2586.2886,2718.2324
load_26,2014-08-08 15:00:00,2545.8,2577.5906,397,16,2463.264,2577.5906,2692.87
load_26,2014-08-08 16:00:00,2490.3,2577.2861,397,17,2453.8828,2577.2861,2688.569
load_26,2014-08-08 17:00:00,2506.8,2565.6143,397,18,2438.6516,2565.6143,2686.9275
load_26,2014-08-08 18:00:00,2514.0,2545.036,397,19,2415.9211,2545.036,2686.026
load_26,2014-08-08 19:00:00,2492.1,2543.3289,397,20,2387.7402,2543.3289,2676.8896
load_26,2014-08-08 20:00:00,2402.7,2271.574,397,21,2061.7595,2271.574,2434.9194
load_26,2014-08-08 21:00:00,1484.4,1307.0361,397,22,1133.0532,1307.0361,1471.4204
load_26,2014-08-08 22:00:00,881.1,963.525,397,23,853.5958,963.525,1119.3259
load_26,2014-08-08 23:00:00,712.5,728.5074,397,24,648.8521,728.5074,856.87665
load_26,2014-08-11 00:00:00,464.7,519.3749,398,1,447.54785,519.3749,572.5722
load_26,2014-08-11 01:00:00,468.9,457.49036,398,2,391.21167,457.49036,533.49207
load_26,2014-08-11 02:00:00,408.0,433.58252,398,3,360.02844,433.58252,485.8506
load_26,2014-08-11 03:00:00,372.6,404.32666,398,4,335.52942,404.32666,470.20593
load_26,2014-08-11 04:00:00,392.1,406.2412,398,5,338.2611,406.2412,478.29553
load_26,2014-08-11 05:00:00,414.0,412.68713,398,6,343.38562,412.68713,480.6129
load_26,2014-08-11 06:00:00,410.1,422.4331,398,7,347.5365,422.4331,494.26746
load_26,2014-08-11 07:00:00,453.6,512.17175,398,8,408.51624,512.17175,594.80396
load_26,2014-08-11 08:00:00,567.6,756.3267,398,9,615.6601,756.3267,899.63434
load_26,2014-08-11 09:00:00,1244.7,1627.0011,398,10,1457.9545,1627.0011,1815.1473
load_26,2014-08-11 10:00:00,2313.9,2346.9146,398,11,2156.095,2346.9146,2520.6123
load_26,2014-08-11 11:00:00,2616.3,2569.734,398,12,2415.45,2569.734,2704.4585
load_26,2014-08-11 12:00:00,2648.7,2571.5657,398,13,2421.2942,2571.5657,2709.8877
load_26,2014-08-11 13:00:00,2670.9,2567.0442,398,14,2410.0881,2567.0442,2706.02
load_26,2014-08-11 14:00:00,2659.2,2541.2417,398,15,2413.5466,2541.2417,2700.15
load_26,2014-08-11 15:00:00,2663.4,2537.0813,398,16,2403.591,2537.0813,2680.084
load_26,2014-08-11 16:00:00,2661.0,2529.8003,398,17,2388.4282,2529.8003,2660.367
load_26,2014-08-11 17:00:00,2624.7,2527.194,398,18,2378.6104,2527.194,2670.7637
load_26,2014-08-11 18:00:00,2616.3,2511.6357,398,19,2363.0474,2511.6357,2674.9504
load_26,2014-08-11 19:00:00,2598.0,2515.187,398,20,2338.9546,2515.187,2682.4463
load_26,2014-08-11 20:00:00,2156.7,2287.8843,398,21,2080.9663,2287.8843,2469.1365
load_26,2014-08-11 21:00:00,1167.3,1297.0256,398,22,1128.9926,1297.0256,1461.2742
load_26,2014-08-11 22:00:00,906.3,924.1382,398,23,815.9011,924.1382,1076.235
load_26,2014-08-11 23:00:00,740.4,724.8385,398,24,634.71747,724.8385,865.59564
load_26,2014-08-12 00:00:00,570.6,509.61206,399,1,443.79993,509.61206,557.70294
load_26,2014-08-12 01:00:00,548.4,457.19324,399,2,398.02527,457.19324,523.25903
load_26,2014-08-12 02:00:00,488.7,434.45264,399,3,370.5227,434.45264,476.33008
load_26,2014-08-12 03:00:00,438.9,402.77747,399,4,345.9773,402.77747,453.88843
load_26,2014-08-12 04:00:00,465.3,406.57812,399,5,350.39917,406.57812,461.43176
load_26,2014-08-12 05:00:00,469.2,417.39075,399,6,360.81958,417.39075,466.17773
load_26,2014-08-12 06:00:00,465.0,425.24084,399,7,365.38892,425.24084,473.32324
load_26,2014-08-12 07:00:00,461.1,486.5171,399,8,412.9641,486.5171,545.35333
load_26,2014-08-12 08:00:00,573.0,657.8576,399,9,558.82056,657.8576,779.421
load_26,2014-08-12 09:00:00,1514.1,1492.3987,399,10,1334.775,1492.3987,1666.2894
load_26,2014-08-12 10:00:00,2384.4,2350.5808,399,11,2174.6177,2350.5808,2489.6162
load_26,2014-08-12 11:00:00,2526.3,2578.4219,399,12,2449.345,2578.4219,2674.288
load_26,2014-08-12 12:00:00,2540.4,2594.4,399,13,2473.5962,2594.4,2691.8218
load_26,2014-08-12 13:00:00,2558.7,2592.8125,399,14,2463.913,2592.8125,2691.7322
load_26,2014-08-12 14:00:00,2545.5,2568.9512,399,15,2465.0737,2568.9512,2690.0088
load_26,2014-08-12 15:00:00,2523.3,2564.7283,399,16,2454.886,2564.7283,2669.9136
load_26,2014-08-12 16:00:00,2493.0,2577.7812,399,17,2450.7012,2577.7812,2675.5098
load_26,2014-08-12 17:00:00,2536.5,2553.2896,399,18,2429.4182,2553.2896,2666.2007
load_26,2014-08-12 18:00:00,2553.0,2529.125,399,19,2401.36,2529.125,2661.5146
load_26,2014-08-12 19:00:00,2493.9,2523.9456,399,20,2370.0781,2523.9456,2649.5923
load_26,2014-08-12 20:00:00,2182.5,2266.2305,399,21,2062.8647,2266.2305,2422.8745
load_26,2014-08-12 21:00:00,1232.4,1275.0801,399,22,1112.2856,1275.0801,1432.1289
load_26,2014-08-12 22:00:00,889.8,920.19446,399,23,819.4397,920.19446,1063.1763
load_26,2014-08-12 23:00:00,794.7,721.63416,399,24,643.9952,721.63416,844.2227
load_26,2014-08-13 00:00:00,590.4,560.97345,400,1,492.72937,560.97345,615.2327
load_26,2014-08-13 01:00:00,548.4,492.99683,400,2,420.11157,492.99683,566.5051
load_26,2014-08-13 02:00:00,441.3,450.8772,400,3,376.13928,450.8772,508.77893
load_26,2014-08-13 03:00:00,416.4,413.11523,400,4,342.5962,413.11523,484.8152
load_26,2014-08-13 04:00:00,466.5,414.71008,400,5,346.55334,414.71008,488.5276
load_26,2014-08-13 05:00:00,465.3,425.69165,400,6,357.3246,425.69165,494.81116
load_26,2014-08-13 06:00:00,454.8,427.88403,400,7,355.52295,427.88403,504.28845
load_26,2014-08-13 07:00:00,483.0,456.89258,400,8,377.1095,456.89258,545.3085
load_26,2014-08-13 08:00:00,1170.6,654.8194,400,9,541.07935,654.8194,799.4814
load_26,2014-08-13 09:00:00,1698.3,1480.0973,400,10,1314.6844,1480.0973,1680.8304
load_26,2014-08-13 10:00:00,2407.8,2319.44,400,11,2138.431,2319.44,2468.6072
load_26,2014-08-13 11:00:00,2547.3,2530.2646,400,12,2398.1646,2530.2646,2628.2131
load_26,2014-08-13 12:00:00,2523.6,2551.275,400,13,2431.2915,2551.275,2647.746
load_26,2014-08-13 13:00:00,2546.1,2548.145,400,14,2423.3254,2548.145,2643.5286
load_26,2014-08-13 14:00:00,2535.3,2529.0757,400,15,2424.0295,2529.0757,2647.4119
load_26,2014-08-13 15:00:00,2513.4,2526.0176,400,16,2414.5945,2526.0176,2630.6938
load_26,2014-08-13 16:00:00,2577.3,2542.6497,400,17,2416.3635,2542.6497,2643.8115
load_26,2014-08-13 17:00:00,2553.6,2526.4524,400,18,2400.935,2526.4524,2639.7368
load_26,2014-08-13 18:00:00,2500.8,2500.421,400,19,2369.633,2500.421,2634.6729
load_26,2014-08-13 19:00:00,2507.4,2500.033,400,20,2343.3425,2500.033,2629.4097
load_26,2014-08-13 20:00:00,2125.2,2194.8296,400,21,1999.492,2194.8296,2361.8274
load_26,2014-08-13 21:00:00,1147.8,1201.0889,400,22,1065.5585,1201.0889,1342.7837
load_26,2014-08-13 22:00:00,822.0,899.0241,400,23,799.1262,899.0241,1036.2631
load_26,2014-08-13 23:00:00,722.4,731.7743,400,24,646.39386,731.7743,863.37665
load_26,2014-08-14 00:00:00,540.6,539.3349,401,1,471.34192,539.3349,584.71497
load_26,2014-08-14 01:00:00,507.0,476.50732,401,2,413.15515,476.50732,549.67584
load_26,2014-08-14 02:00:00,455.4,447.9463,401,3,378.88672,447.9463,496.91553
load_26,2014-08-14 03:00:00,406.5,418.50098,401,4,354.12903,418.50098,477.938
load_26,2014-08-14 04:00:00,425.7,421.82166,401,5,359.60706,421.82166,486.48975
load_26,2014-08-14 05:00:00,402.3,428.25342,401,6,366.20435,428.25342,486.75598
load_26,2014-08-14 06:00:00,434.4,434.22485,401,7,368.07056,434.22485,495.2527
load_26,2014-08-14 07:00:00,474.6,503.92322,401,8,418.2832,503.92322,572.62836
load_26,2014-08-14 08:00:00,599.7,765.6873,401,9,628.8921,765.6873,890.35583
load_26,2014-08-14 09:00:00,1511.1,1549.4663,401,10,1370.5903,1549.4663,1735.5834
load_26,2014-08-14 10:00:00,2429.7,2351.5774,401,11,2176.661,2351.5774,2478.9634
load_26,2014-08-14 11:00:00,2559.3,2521.1062,401,12,2395.3162,2521.1062,2611.026
load_26,2014-08-14 12:00:00,2498.7,2520.524,401,13,2400.4106,2520.524,2609.852
load_26,2014-08-14 13:00:00,2537.7,2520.3384,401,14,2391.693,2520.3384,2611.6714
load_26,2014-08-14 14:00:00,2511.9,2511.0347,401,15,2407.4668,2511.0347,2621.1587
load_26,2014-08-14 15:00:00,2634.0,2509.3833,401,16,2399.3503,2509.3833,2609.2488
load_26,2014-08-14 16:00:00,2593.5,2528.01,401,17,2395.216,2528.01,2621.071
load_26,2014-08-14 17:00:00,2619.3,2506.335,401,18,2383.5752,2506.335,2613.8813
load_26,2014-08-14 18:00:00,2537.1,2482.8843,401,19,2353.6611,2482.8843,2608.6538
load_26,2014-08-14 19:00:00,2536.2,2474.6958,401,20,2314.2253,2474.6958,2592.0254
load_26,2014-08-14 20:00:00,2176.2,2199.1992,401,21,1989.3959,2199.1992,2357.3225
load_26,2014-08-14 21:00:00,1193.7,1222.8453,401,22,1073.0802,1222.8453,1367.4414
load_26,2014-08-14 22:00:00,872.7,882.4789,401,23,780.906,882.4789,1019.1284
load_26,2014-08-14 23:00:00,756.6,728.09,401,24,646.67,728.09,853.3756
load_26,2014-08-18 00:00:00,537.9,543.16345,402,1,470.09534,543.16345,601.1953
load_26,2014-08-18 01:00:00,456.9,476.52783,402,2,404.89465,476.52783,556.5833
load_26,2014-08-18 02:00:00,405.9,439.30713,402,3,363.47522,439.30713,498.7138
load_26,2014-08-18 03:00:00,388.2,407.57654,402,4,336.0199,407.57654,479.0719
load_26,2014-08-18 04:00:00,422.4,411.6532,402,5,342.23682,411.6532,488.21375
load_26,2014-08-18 05:00:00,418.8,428.4945,402,6,359.5077,428.4945,501.8249
load_26,2014-08-18 06:00:00,426.3,426.7848,402,7,354.09338,426.7848,509.94458
load_26,2014-08-18 07:00:00,466.2,463.51367,402,8,379.44043,463.51367,554.66925
load_26,2014-08-18 08:00:00,934.2,690.9602,402,9,566.9941,690.9602,852.3774
load_26,2014-08-18 09:00:00,1408.2,1466.0491,402,10,1273.2931,1466.0491,1679.7548
load_26,2014-08-18 10:00:00,2179.5,2361.3672,402,11,2182.4348,2361.3672,2489.3398
load_26,2014-08-18 11:00:00,2563.8,2523.198,402,12,2402.4126,2523.198,2607.5393
load_26,2014-08-18 12:00:00,2572.5,2537.0107,402,13,2427.8394,2537.0107,2621.147
load_26,2014-08-18 13:00:00,2514.0,2547.1511,402,14,2444.6511,2547.1511,2628.7617
load_26,2014-08-18 14:00:00,2523.9,2552.8496,402,15,2455.3464,2552.8496,2648.9292
load_26,2014-08-18 15:00:00,2570.1,2543.5771,402,16,2447.6904,2543.5771,2635.0513
load_26,2014-08-18 16:00:00,2562.6,2562.3518,402,17,2445.295,2562.3518,2650.5322
load_26,2014-08-18 17:00:00,2546.7,2540.2764,402,18,2429.6887,2540.2764,2639.5603
load_26,2014-08-18 18:00:00,2494.8,2509.4868,402,19,2390.2583,2509.4868,2629.3499
load_26,2014-08-18 19:00:00,2487.3,2502.553,402,20,2363.9946,2502.553,2615.2837
load_26,2014-08-18 20:00:00,2142.0,2179.2856,402,21,1978.3323,2179.2856,2350.9165
load_26,2014-08-18 21:00:00,1035.0,1188.1056,402,22,1050.8285,1188.1056,1344.6321
load_26,2014-08-18 22:00:00,778.8,888.1119,402,23,786.8436,888.1119,1032.9183
load_26,2014-08-18 23:00:00,502.8,734.50134,402,24,649.7374,734.50134,869.7355
load_26,2014-08-19 00:00:00,463.8,462.42407,403,1,401.32312,462.42407,524.2274
load_26,2014-08-19 01:00:00,474.9,435.91028,403,2,378.41248,435.91028,497.87683
load_26,2014-08-19 02:00:00,397.5,423.56726,403,3,363.27612,423.56726,463.17883
load_26,2014-08-19 03:00:00,368.1,399.8401,403,4,345.04663,399.8401,446.45276
load_26,2014-08-19 04:00:00,406.5,405.6494,403,5,351.01978,405.6494,459.0005
load_26,2014-08-19 05:00:00,416.1,420.63025,403,6,366.41077,420.63025,465.29907
load_26,2014-08-19 06:00:00,403.2,428.1007,403,7,373.14917,428.1007,478.00183
load_26,2014-08-19 07:00:00,437.4,471.69775,403,8,407.10034,471.69775,536.3644
load_26,2014-08-19 08:00:00,582.6,677.0256,403,9,574.0727,677.0256,807.8241
load_26,2014-08-19 09:00:00,1108.8,1457.2661,403,10,1269.8801,1457.2661,1634.7831
load_26,2014-08-19 10:00:00,2148.3,2287.7205,403,11,2096.2227,2287.7205,2414.2144
load_26,2014-08-19 11:00:00,2545.5,2496.5542,403,12,2370.5315,2496.5542,2567.4436
load_26,2014-08-19 12:00:00,2610.6,2506.6956,403,13,2381.017,2506.6956,2579.3066
load_26,2014-08-19 13:00:00,2589.9,2511.981,403,14,2379.189,2511.981,2586.357
load_26,2014-08-19 14:00:00,2593.8,2519.8982,403,15,2419.2295,2519.8982,2607.518
load_26,2014-08-19 15:00:00,2603.4,2519.0664,403,16,2422.1448,2519.0664,2601.8142
load_26,2014-08-19 16:00:00,2590.2,2537.2227,403,17,2410.1401,2537.2227,2616.352
load_26,2014-08-19 17:00:00,2607.0,2511.218,403,18,2399.875,2511.218,2600.4907
load_26,2014-08-19 18:00:00,2559.0,2478.9805,403,19,2357.2212,2478.9805,2586.856
load_26,2014-08-19 19:00:00,2504.1,2462.5776,403,20,2305.6853,2462.5776,2562.2524
load_26,2014-08-19 20:00:00,2159.4,2141.1255,403,21,1927.6354,2141.1255,2310.8784
load_26,2014-08-19 21:00:00,1124.7,1131.2179,403,22,986.2738,1131.2179,1281.7007
load_26,2014-08-19 22:00:00,791.4,834.81335,403,23,728.1652,834.81335,973.3471
load_26,2014-08-19 23:00:00,530.4,677.3909,403,24,593.6632,677.3909,799.9149
load_26,2014-08-20 00:00:00,468.0,478.37708,404,1,414.74146,478.37708,537.6106
load_26,2014-08-20 01:00:00,486.3,435.2002,404,2,374.45972,435.2002,503.98047
load_26,2014-08-20 02:00:00,426.0,415.48987,404,3,352.76758,415.48987,459.73828
load_26,2014-08-20 03:00:00,416.1,397.10693,404,4,339.0537,397.10693,451.63806
load_26,2014-08-20 04:00:00,444.9,404.11072,404,5,348.47168,404.11072,462.7583
load_26,2014-08-20 05:00:00,421.2,413.11487,404,6,356.62476,413.11487,467.71558
load_26,2014-08-20 06:00:00,421.2,420.67297,404,7,359.98596,420.67297,479.58386
load_26,2014-08-20 07:00:00,450.6,448.65088,404,8,380.38123,448.65088,518.6168
load_26,2014-08-20 08:00:00,573.6,801.17395,404,9,659.6583,801.17395,921.2156
load_26,2014-08-20 09:00:00,1320.3,1402.1166,404,10,1227.3894,1402.1166,1589.5781
load_26,2014-08-20 10:00:00,2363.4,2288.5662,404,11,2110.3438,2288.5662,2419.3154
load_26,2014-08-20 11:00:00,2595.6,2542.107,404,12,2439.9023,2542.107,2610.4768
load_26,2014-08-20 12:00:00,2564.1,2563.169,404,13,2474.5134,2563.169,2629.0889
load_26,2014-08-20 13:00:00,2606.4,2569.3262,404,14,2480.1821,2569.3262,2634.6816
load_26,2014-08-20 14:00:00,2596.5,2579.776,404,15,2491.0413,2579.776,2649.1428
load_26,2014-08-20 15:00:00,2569.8,2569.0576,404,16,2487.2417,2569.0576,2644.413
load_26,2014-08-20 16:00:00,2555.1,2573.2222,404,17,2471.6692,2573.2222,2644.6343
load_26,2014-08-20 17:00:00,2562.9,2549.1948,404,18,2454.329,2549.1948,2629.8025
load_26,2014-08-20 18:00:00,2586.9,2519.734,404,19,2417.713,2519.734,2618.1968
load_26,2014-08-20 19:00:00,2563.5,2505.89,404,20,2393.912,2505.89,2599.9238
load_26,2014-08-20 20:00:00,2175.0,2151.83,404,21,1988.8839,2151.83,2315.7405
load_26,2014-08-20 21:00:00,1191.0,1117.2705,404,22,992.1055,1117.2705,1263.3773
load_26,2014-08-20 22:00:00,839.1,830.50476,404,23,730.9674,830.50476,968.04956
load_26,2014-08-20 23:00:00,578.4,662.16266,404,24,581.1372,662.16266,783.4024
load_26,2014-08-21 00:00:00,531.3,498.97278,405,1,440.4419,498.97278,551.27545
load_26,2014-08-21 01:00:00,557.1,458.15967,405,2,404.97937,458.15967,519.1846
load_26,2014-08-21 02:00:00,565.5,441.49426,405,3,384.66394,441.49426,479.09686
load_26,2014-08-21 03:00:00,550.2,415.96814,405,4,365.57556,415.96814,459.12158
load_26,2014-08-21 04:00:00,576.6,419.74963,405,5,369.84546,419.74963,468.17407
load_26,2014-08-21 05:00:00,469.8,438.20703,405,6,389.25354,438.20703,478.3604
load_26,2014-08-21 06:00:00,452.1,433.2705,405,7,382.55835,433.2705,475.37402
load_26,2014-08-21 07:00:00,551.1,447.91992,405,8,397.7937,447.91992,503.6347
load_26,2014-08-21 08:00:00,594.3,644.98303,405,9,561.649,644.98303,752.51337
load_26,2014-08-21 09:00:00,1302.3,1379.4076,405,10,1218.231,1379.4076,1527.8904
load_26,2014-08-21 10:00:00,2274.6,2294.2256,405,11,2114.9436,2294.2256,2411.774
load_26,2014-08-21 11:00:00,2602.2,2524.0276,405,12,2399.2231,2524.0276,2595.4807
load_26,2014-08-21 12:00:00,2696.7,2538.2227,405,13,2417.7195,2538.2227,2610.5588
load_26,2014-08-21 13:00:00,2733.3,2543.4617,405,14,2414.252,2543.4617,2618.4443
load_26,2014-08-21 14:00:00,2552.4,2551.6318,405,15,2448.1426,2551.6318,2631.333
load_26,2014-08-21 15:00:00,2541.3,2543.103,405,16,2446.1343,2543.103,2624.5261
load_26,2014-08-21 16:00:00,2565.0,2569.4639,405,17,2444.1475,2569.4639,2650.188
load_26,2014-08-21 17:00:00,2711.1,2543.5513,405,18,2431.5798,2543.5513,2633.657
load_26,2014-08-21 18:00:00,2573.7,2510.007,405,19,2385.4768,2510.007,2617.8955
load_26,2014-08-21 19:00:00,2525.7,2497.319,405,20,2338.4749,2497.319,2598.7808
load_26,2014-08-21 20:00:00,2133.9,2155.9219,405,21,1940.2539,2155.9219,2322.6057
load_26,2014-08-21 21:00:00,1062.3,1126.8617,405,22,973.3323,1126.8617,1274.1699
load_26,2014-08-21 22:00:00,777.0,810.35974,405,23,694.8852,810.35974,957.2767
load_26,2014-08-21 23:00:00,517.8,622.5302,405,24,539.37036,622.5302,730.3707
load_26,2014-08-22 00:00:00,445.8,477.10748,406,1,411.38037,477.10748,546.574
load_26,2014-08-22 01:00:00,449.4,445.59802,406,2,379.82605,445.59802,520.66583
load_26,2014-08-22 02:00:00,395.7,434.46948,406,3,365.46497,434.46948,485.08014
load_26,2014-08-22 03:00:00,367.8,416.90564,406,4,352.46033,416.90564,479.1336
load_26,2014-08-22 04:00:00,377.4,418.4442,406,5,358.22192,418.4442,484.56335
load_26,2014-08-22 05:00:00,428.7,428.03174,406,6,367.33215,428.03174,485.09668
load_26,2014-08-22 06:00:00,411.0,422.09253,406,7,357.52124,422.09253,482.97156
load_26,2014-08-22 07:00:00,461.4,438.33264,406,8,374.2306,438.33264,515.09894
load_26,2014-08-22 08:00:00,573.0,693.3801,406,9,575.63513,693.3801,835.8039
load_26,2014-08-22 09:00:00,1227.0,1371.2252,406,10,1194.7546,1371.2252,1564.8273
load_26,2014-08-22 10:00:00,2230.8,2325.9194,406,11,2149.7578,2325.9194,2456.0845
load_26,2014-08-22 11:00:00,2583.3,2559.9373,406,12,2457.591,2559.9373,2630.1848
load_26,2014-08-22 12:00:00,2581.2,2569.0127,406,13,2480.7898,2569.0127,2637.5474
load_26,2014-08-22 13:00:00,2564.1,2571.5896,406,14,2486.9592,2571.5896,2635.9697
load_26,2014-08-22 14:00:00,2595.0,2585.5117,406,15,2495.375,2585.5117,2652.295
load_26,2014-08-22 15:00:00,2562.6,2569.9922,406,16,2488.9465,2569.9922,2644.9663
load_26,2014-08-22 16:00:00,2570.4,2591.5095,406,17,2488.9263,2591.5095,2665.3174
load_26,2014-08-22 17:00:00,2575.2,2567.673,406,18,2474.499,2567.673,2647.3354
load_26,2014-08-22 18:00:00,2568.3,2535.3364,406,19,2431.3704,2535.3364,2633.8535
load_26,2014-08-22 19:00:00,2550.6,2520.1313,406,20,2405.3347,2520.1313,2614.9534
load_26,2014-08-22 20:00:00,2441.1,2187.8223,406,21,2009.6664,2187.8223,2342.8022
load_26,2014-08-22 21:00:00,1462.2,1107.7618,406,22,971.60236,1107.7618,1259.0441
load_26,2014-08-22 22:00:00,804.3,793.17365,406,23,680.9646,793.17365,937.28186
load_26,2014-08-22 23:00:00,519.6,617.99866,406,24,527.8679,617.99866,732.4268
load_26,2014-08-25 00:00:00,428.7,478.8512,407,1,416.3131,478.8512,541.5126
load_26,2014-08-25 01:00:00,447.9,450.03528,407,2,392.92456,450.03528,514.34717
load_26,2014-08-25 02:00:00,405.0,447.3069,407,3,388.79053,447.3069,490.2174
load_26,2014-08-25 03:00:00,378.3,429.85034,407,4,377.46753,429.85034,479.72504
load_26,2014-08-25 04:00:00,366.6,427.54834,407,5,375.0924,427.54834,483.21106
load_26,2014-08-25 05:00:00,362.7,441.10913,407,6,387.38965,441.10913,487.88837
load_26,2014-08-25 06:00:00,371.1,445.04712,407,7,390.26636,445.04712,497.26086
load_26,2014-08-25 07:00:00,438.0,477.01685,407,8,415.5089,477.01685,543.448
load_26,2014-08-25 08:00:00,556.2,641.1838,407,9,548.1575,641.1838,780.4359
load_26,2014-08-25 09:00:00,1349.7,1321.5432,407,10,1145.5818,1321.5432,1505.5239
load_26,2014-08-25 10:00:00,2379.3,2286.6772,407,11,2091.2993,2286.6772,2431.4814
load_26,2014-08-25 11:00:00,2652.3,2571.5637,407,12,2441.1091,2571.5637,2656.356
load_26,2014-08-25 12:00:00,2647.5,2593.5603,407,13,2471.7944,2593.5603,2681.943
load_26,2014-08-25 13:00:00,2526.3,2585.996,407,14,2451.6387,2585.996,2673.3125
load_26,2014-08-25 14:00:00,2528.7,2580.421,407,15,2468.9375,2580.421,2674.0662
load_26,2014-08-25 15:00:00,2626.8,2572.4531,407,16,2465.9028,2572.4531,2664.231
load_26,2014-08-25 16:00:00,2519.4,2595.057,407,17,2459.4324,2595.057,2684.3208
load_26,2014-08-25 17:00:00,2504.7,2573.769,407,18,2458.0598,2573.769,2669.1309
load_26,2014-08-25 18:00:00,2533.8,2542.8633,407,19,2414.0637,2542.8633,2656.7095
load_26,2014-08-25 19:00:00,2484.0,2525.6294,407,20,2351.144,2525.6294,2637.4578
load_26,2014-08-25 20:00:00,2114.1,2237.6882,407,21,1959.8799,2237.6882,2403.0332
load_26,2014-08-25 21:00:00,1163.1,1160.6925,407,22,959.9579,1160.6925,1371.3248
load_26,2014-08-25 22:00:00,815.4,788.92944,407,23,655.02045,788.92944,968.94666
load_26,2014-08-25 23:00:00,522.6,577.3665,407,24,489.28564,577.3665,672.5999
load_26,2014-08-26 00:00:00,450.0,454.7296,408,1,391.87622,454.7296,519.4472
load_26,2014-08-26 01:00:00,448.8,427.99976,408,2,367.7699,427.99976,496.2555
load_26,2014-08-26 02:00:00,397.8,426.5548,408,3,362.2793,426.5548,473.1772
load_26,2014-08-26 03:00:00,373.2,404.20935,408,4,345.06726,404.20935,460.6504
load_26,2014-08-26 04:00:00,390.6,398.46997,408,5,342.77783,398.46997,453.938
load_26,2014-08-26 05:00:00,420.3,410.1328,408,6,353.74194,410.1328,459.67834
load_26,2014-08-26 06:00:00,409.5,407.65015,408,7,349.30066,407.65015,457.083
load_26,2014-08-26 07:00:00,453.6,437.48865,408,8,375.29907,437.48865,500.068
load_26,2014-08-26 08:00:00,573.9,595.05475,408,9,507.99023,595.05475,709.17914
load_26,2014-08-26 09:00:00,1066.2,1304.0911,408,10,1168.0452,1304.0911,1455.9874
load_26,2014-08-26 10:00:00,2289.6,2304.4937,408,11,2149.5146,2304.4937,2420.6497
load_26,2014-08-26 11:00:00,2684.7,2559.1982,408,12,2460.957,2559.1982,2625.8994
load_26,2014-08-26 12:00:00,2582.1,2568.438,408,13,2482.2322,2568.438,2634.6567
load_26,2014-08-26 13:00:00,2601.9,2561.8188,408,14,2475.917,2561.8188,2626.893
load_26,2014-08-26 14:00:00,2552.4,2560.651,408,15,2476.817,2560.651,2635.9404
load_26,2014-08-26 15:00:00,2546.7,2553.2737,408,16,2470.2437,2553.2737,2626.2048
load_26,2014-08-26 16:00:00,2540.4,2562.1978,408,17,2451.6042,2562.1978,2638.4424
load_26,2014-08-26 17:00:00,2507.7,2539.53,408,18,2438.8718,2539.53,2624.457
load_26,2014-08-26 18:00:00,2380.8,2512.5005,408,19,2403.141,2512.5005,2615.904
load_26,2014-08-26 19:00:00,2359.8,2497.2637,408,20,2364.824,2497.2637,2593.0752
load_26,2014-08-26 20:00:00,2207.1,2222.178,408,21,2025.2122,2222.178,2364.0513
load_26,2014-08-26 21:00:00,1110.0,1175.2003,408,22,1021.6516,1175.2003,1318.9237
load_26,2014-08-26 22:00:00,788.4,773.83813,408,23,668.2269,773.83813,915.45935
load_26,2014-08-26 23:00:00,525.3,560.0332,408,24,478.12146,560.0332,650.8892
load_26,2014-08-27 00:00:00,472.5,455.04645,409,1,399.93616,455.04645,509.84735
load_26,2014-08-27 01:00:00,461.7,427.4254,409,2,377.849,427.4254,483.03003
load_26,2014-08-27 02:00:00,417.0,425.83582,409,3,374.5271,425.83582,460.54504
load_26,2014-08-27 03:00:00,370.8,406.3413,409,4,359.9662,406.3413,447.43945
load_26,2014-08-27 04:00:00,382.8,403.07275,409,5,357.9867,403.07275,445.6366
load_26,2014-08-27 05:00:00,401.1,419.2113,409,6,372.67212,419.2113,456.40228
load_26,2014-08-27 06:00:00,396.0,422.46265,409,7,373.09766,422.46265,459.90277
load_26,2014-08-27 07:00:00,414.0,445.62317,409,8,393.60962,445.62317,492.60138
load_26,2014-08-27 08:00:00,549.9,562.3755,409,9,494.26605,562.3755,641.68506
load_26,2014-08-27 09:00:00,1147.5,1209.2931,409,10,1082.288,1209.2931,1322.8356
load_26,2014-08-27 10:00:00,2110.2,2253.957,409,11,2085.688,2253.957,2366.8342
load_26,2014-08-27 11:00:00,2587.2,2570.142,409,12,2464.3198,2570.142,2638.0615
load_26,2014-08-27 12:00:00,2581.5,2588.496,409,13,2491.8457,2588.496,2660.1934
load_26,2014-08-27 13:00:00,2583.6,2575.2954,409,14,2470.301,2575.2954,2648.0933
load_26,2014-08-27 14:00:00,2549.4,2556.2744,409,15,2465.8308,2556.2744,2647.0083
load_26,2014-08-27 15:00:00,2549.7,2557.7212,409,16,2466.9512,2557.7212,2635.389
load_26,2014-08-27 16:00:00,2534.1,2549.81,409,17,2431.4863,2549.81,2627.2173
load_26,2014-08-27 17:00:00,2550.0,2521.8438,409,18,2416.231,2521.8438,2609.231
load_26,2014-08-27 18:00:00,2533.2,2491.4045,409,19,2376.2332,2491.4045,2599.3872
load_26,2014-08-27 19:00:00,2499.9,2472.7476,409,20,2324.248,2472.7476,2567.9663
load_26,2014-08-27 20:00:00,2154.6,2197.6003,409,21,1991.5317,2197.6003,2341.4243
load_26,2014-08-27 21:00:00,1160.1,1155.3188,409,22,997.49854,1155.3188,1298.2745
load_26,2014-08-27 22:00:00,830.7,764.45953,409,23,662.16516,764.45953,898.7715
load_26,2014-08-27 23:00:00,564.3,533.43896,409,24,461.12872,533.43896,609.5205
load_26,2014-08-28 00:00:00,496.2,464.74567,410,1,412.63696,464.74567,527.9083
load_26,2014-08-28 01:00:00,492.3,435.88916,410,2,380.75537,435.88916,499.22388
load_26,2014-08-28 02:00:00,439.8,428.54285,410,3,370.46265,428.54285,469.81635
load_26,2014-08-28 03:00:00,387.0,406.25537,410,4,353.31384,406.25537,455.17352
load_26,2014-08-28 04:00:00,381.6,402.7992,410,5,354.1698,402.7992,449.38745
load_26,2014-08-28 05:00:00,380.7,416.9076,410,6,366.30383,416.9076,459.54242
load_26,2014-08-28 06:00:00,384.9,415.7373,410,7,361.9463,415.7373,455.29663
load_26,2014-08-28 07:00:00,453.3,429.7146,410,8,376.662,429.7146,479.22333
load_26,2014-08-28 08:00:00,972.3,557.68604,410,9,489.85168,557.68604,632.06104
load_26,2014-08-28 09:00:00,1630.8,1195.7107,410,10,1085.61,1195.7107,1296.7239
load_26,2014-08-28 10:00:00,2310.6,2260.4922,410,11,2101.122,2260.4922,2369.7856
load_26,2014-08-28 11:00:00,2527.5,2570.4387,410,12,2472.3474,2570.4387,2636.9458
load_26,2014-08-28 12:00:00,2500.5,2571.4058,410,13,2483.3472,2571.4058,2638.842
load_26,2014-08-28 13:00:00,2553.3,2568.4062,410,14,2482.713,2568.4062,2636.3384
load_26,2014-08-28 14:00:00,2684.1,2575.044,410,15,2484.299,2575.044,2646.9138
load_26,2014-08-28 15:00:00,2625.9,2557.003,410,16,2474.8213,2557.003,2629.7673
load_26,2014-08-28 16:00:00,2615.7,2566.4658,410,17,2456.0627,2566.4658,2647.6558
load_26,2014-08-28 17:00:00,2551.8,2534.814,410,18,2433.6003,2534.814,2626.0247
load_26,2014-08-28 18:00:00,2510.1,2508.808,410,19,2398.3474,2508.808,2618.112
load_26,2014-08-28 19:00:00,2545.8,2485.3174,410,20,2356.9639,2485.3174,2584.3655
load_26,2014-08-28 20:00:00,2100.3,2263.707,410,21,2080.224,2263.707,2393.2437
load_26,2014-08-28 21:00:00,1067.4,1196.1837,410,22,1044.2476,1196.1837,1340.6592
load_26,2014-08-28 22:00:00,812.1,789.4571,410,23,686.16797,789.4571,929.33466
load_26,2014-08-28 23:00:00,537.9,564.2454,410,24,485.14642,564.2454,654.57666
load_26,2014-08-29 00:00:00,489.3,459.39838,411,1,400.53796,459.39838,517.88885
load_26,2014-08-29 01:00:00,483.0,432.6643,411,2,378.19397,432.6643,495.25238
load_26,2014-08-29 02:00:00,408.9,430.18262,411,3,373.07227,430.18262,471.59796
load_26,2014-08-29 03:00:00,386.4,407.38147,411,4,356.10498,407.38147,455.80676
load_26,2014-08-29 04:00:00,409.5,401.33423,411,5,351.86475,401.33423,451.46265
load_26,2014-08-29 05:00:00,413.7,409.583,411,6,359.0393,409.583,453.35144
load_26,2014-08-29 06:00:00,402.9,410.54004,411,7,357.2921,410.54004,453.76636
load_26,2014-08-29 07:00:00,444.3,441.87878,411,8,385.05347,441.87878,501.62445
load_26,2014-08-29 08:00:00,566.4,616.70575,411,9,527.24286,616.70575,740.8814
load_26,2014-08-29 09:00:00,1132.5,1318.605,411,10,1160.676,1318.605,1486.462
load_26,2014-08-29 10:00:00,2075.4,2252.8257,411,11,2069.8887,2252.8257,2387.471
load_26,2014-08-29 11:00:00,2640.0,2549.6875,411,12,2435.1184,2549.6875,2626.7559
load_26,2014-08-29 12:00:00,2579.4,2566.0693,411,13,2460.3354,2566.0693,2645.8855
load_26,2014-08-29 13:00:00,2602.5,2569.1228,411,14,2455.1208,2569.1228,2648.3245
load_26,2014-08-29 14:00:00,2637.9,2586.6797,411,15,2482.4236,2586.6797,2668.1897
load_26,2014-08-29 15:00:00,2538.3,2571.2861,411,16,2476.2905,2571.2861,2657.6812
load_26,2014-08-29 16:00:00,2527.8,2574.1274,411,17,2454.33,2574.1274,2658.768
load_26,2014-08-29 17:00:00,2538.0,2546.565,411,18,2434.0308,2546.565,2640.2437
load_26,2014-08-29 18:00:00,2540.7,2517.3096,411,19,2393.9949,2517.3096,2631.7686
load_26,2014-08-29 19:00:00,2523.0,2501.4639,411,20,2342.7192,2501.4639,2609.0142
load_26,2014-08-29 20:00:00,2458.5,2205.5122,411,21,1969.0784,2205.5122,2364.4678
load_26,2014-08-29 21:00:00,1436.1,1164.7687,411,22,991.30286,1164.7687,1336.5358
load_26,2014-08-29 22:00:00,798.0,775.95764,411,23,665.2318,775.95764,928.8971
load_26,2014-08-29 23:00:00,536.7,545.3349,411,24,469.14355,545.3349,628.61566
load_26,2014-09-01 00:00:00,573.0,461.5301,412,1,397.61877,461.5301,529.1394
load_26,2014-09-01 01:00:00,569.4,432.64624,412,2,372.17383,432.64624,504.15002
load_26,2014-09-01 02:00:00,508.5,421.59033,412,3,358.07288,421.59033,468.20612
load_26,2014-09-01 03:00:00,530.7,398.911,412,4,340.6759,398.911,453.38513
load_26,2014-09-01 04:00:00,531.0,397.94812,412,5,342.23682,397.94812,454.83978
load_26,2014-09-01 05:00:00,495.6,404.97388,412,6,349.03406,404.97388,457.6712
load_26,2014-09-01 06:00:00,523.2,412.6488,412,7,353.97803,412.6488,467.64178
load_26,2014-09-01 07:00:00,576.3,444.37292,412,8,379.52222,444.37292,510.05817
load_26,2014-09-01 08:00:00,672.6,655.6185,412,9,551.3423,655.6185,782.82874
load_26,2014-09-01 09:00:00,1395.6,1304.0276,412,10,1147.431,1304.0276,1471.3971
load_26,2014-09-01 10:00:00,2115.0,2259.1533,412,11,2078.6929,2259.1533,2399.7104
load_26,2014-09-01 11:00:00,2587.8,2572.5908,412,12,2459.7712,2572.5908,2658.358
load_26,2014-09-01 12:00:00,2619.6,2567.0168,412,13,2462.7957,2567.0168,2652.1118
load_26,2014-09-01 13:00:00,2654.1,2571.7388,412,14,2465.315,2571.7388,2655.5952
load_26,2014-09-01 14:00:00,2608.2,2594.8823,412,15,2493.4382,2594.8823,2677.3943
load_26,2014-09-01 15:00:00,2588.4,2570.7344,412,16,2472.89,2570.7344,2662.298
load_26,2014-09-01 16:00:00,2563.5,2557.353,412,17,2438.0972,2557.353,2649.2935
load_26,2014-09-01 17:00:00,2592.0,2527.434,412,18,2411.677,2527.434,2629.1802
load_26,2014-09-01 18:00:00,2638.2,2501.2786,412,19,2378.4648,2501.2786,2621.9487
load_26,2014-09-01 19:00:00,2541.6,2487.4749,412,20,2339.9646,2487.4749,2600.2065
load_26,2014-09-01 20:00:00,2444.1,2277.0872,412,21,2068.6948,2277.0872,2418.8223
load_26,2014-09-01 21:00:00,1439.1,1229.5325,412,22,1050.8717,1229.5325,1403.3837
load_26,2014-09-01 22:00:00,764.7,793.5612,412,23,679.59174,793.5612,947.8231
load_26,2014-09-01 23:00:00,535.5,563.1131,412,24,481.04028,563.1131,656.8629
load_26,2014-09-02 00:00:00,472.8,496.48022,413,1,430.5658,496.48022,560.39514
load_26,2014-09-02 01:00:00,456.9,465.26923,413,2,402.46912,465.26923,537.3496
load_26,2014-09-02 02:00:00,403.2,458.3263,413,3,392.6023,458.3263,508.50525
load_26,2014-09-02 03:00:00,382.2,435.68933,413,4,376.10974,435.68933,495.25946
load_26,2014-09-02 04:00:00,369.6,429.59912,413,5,371.6737,429.59912,489.18378
load_26,2014-09-02 05:00:00,367.5,437.84753,413,6,379.4995,437.84753,491.0177
load_26,2014-09-02 06:00:00,376.8,446.63965,413,7,386.4823,446.63965,503.40002
load_26,2014-09-02 07:00:00,441.6,476.92725,413,8,410.31787,476.92725,543.416
load_26,2014-09-02 08:00:00,825.3,633.42834,413,9,542.112,633.42834,753.61926
load_26,2014-09-02 09:00:00,951.9,1283.178,413,10,1124.4225,1283.178,1452.9763
load_26,2014-09-02 10:00:00,1988.7,2205.2917,413,11,2010.0502,2205.2917,2365.091
load_26,2014-09-02 11:00:00,2430.9,2565.4114,413,12,2434.554,2565.4114,2657.892
load_26,2014-09-02 12:00:00,2580.9,2579.325,413,13,2457.2947,2579.325,2672.6555
load_26,2014-09-02 13:00:00,2574.9,2580.8896,413,14,2446.4565,2580.8896,2671.7573
load_26,2014-09-02 14:00:00,2518.5,2596.5925,413,15,2476.7458,2596.5925,2684.3984
load_26,2014-09-02 15:00:00,2470.2,2571.1665,413,16,2460.1284,2571.1665,2669.0566
load_26,2014-09-02 16:00:00,2514.9,2569.9229,413,17,2437.9062,2569.9229,2666.2974
load_26,2014-09-02 17:00:00,2506.5,2545.6416,413,18,2421.565,2545.6416,2649.3765
load_26,2014-09-02 18:00:00,2522.4,2523.5005,413,19,2391.2026,2523.5005,2645.8003
load_26,2014-09-02 19:00:00,2495.4,2505.4197,413,20,2332.7524,2505.4197,2625.082
load_26,2014-09-02 20:00:00,2422.8,2321.319,413,21,2068.874,2321.319,2472.4263
load_26,2014-09-02 21:00:00,1423.8,1266.2424,413,22,1067.0332,1266.2424,1452.3925
load_26,2014-09-02 22:00:00,801.3,799.2755,413,23,671.9513,799.2755,964.1191
load_26,2014-09-02 23:00:00,509.1,575.40106,413,24,484.0097,575.40106,673.9523
load_26,2014-09-03 00:00:00,450.0,463.95972,414,1,399.20605,463.95972,530.336
load_26,2014-09-03 01:00:00,459.3,435.4574,414,2,375.02222,435.4574,505.33954
load_26,2014-09-03 02:00:00,398.7,423.95544,414,3,362.37305,423.95544,472.58173
load_26,2014-09-03 03:00:00,371.4,405.63806,414,4,350.04517,405.63806,461.8042
load_26,2014-09-03 04:00:00,398.4,403.82495,414,5,347.1289,403.82495,464.90332
load_26,2014-09-03 05:00:00,416.7,411.516,414,6,354.17957,411.516,466.26947
load_26,2014-09-03 06:00:00,381.6,421.10193,414,7,361.87512,421.10193,484.7633
load_26,2014-09-03 07:00:00,428.7,462.54028,414,8,394.42822,462.54028,540.22064
load_26,2014-09-03 08:00:00,565.2,678.9751,414,9,556.31445,678.9751,829.8814
load_26,2014-09-03 09:00:00,1088.4,1205.813,414,10,977.8184,1205.813,1423.5566
load_26,2014-09-03 10:00:00,2067.3,2131.811,414,11,1901.8894,2131.811,2322.5378
load_26,2014-09-03 11:00:00,2447.1,2507.0972,414,12,2350.2952,2507.0972,2600.5679
load_26,2014-09-03 12:00:00,2549.4,2531.5752,414,13,2381.6484,2531.5752,2626.022
load_26,2014-09-03 13:00:00,2638.2,2537.2388,414,14,2374.667,2537.2388,2630.3188
load_26,2014-09-03 14:00:00,2616.0,2542.4116,414,15,2418.9006,2542.4116,2632.3179
load_26,2014-09-03 15:00:00,2596.5,2531.108,414,16,2413.2183,2531.108,2628.814
load_26,2014-09-03 16:00:00,2594.7,2540.1216,414,17,2380.3267,2540.1216,2633.0486
load_26,2014-09-03 17:00:00,2639.4,2514.8433,414,18,2378.2,2514.8433,2615.0513
load_26,2014-09-03 18:00:00,2660.1,2493.7896,414,19,2349.361,2493.7896,2613.2993
load_26,2014-09-03 19:00:00,2590.8,2472.4653,414,20,2267.6,2472.4653,2589.083
load_26,2014-09-03 20:00:00,2400.9,2303.7627,414,21,2006.1351,2303.7627,2457.8142
load_26,2014-09-03 21:00:00,1367.7,1254.585,414,22,1030.2617,1254.585,1464.6611
load_26,2014-09-03 22:00:00,808.5,760.5802,414,23,623.7999,760.5802,942.1819
load_26,2014-09-03 23:00:00,549.9,540.1272,414,24,446.50085,540.1272,638.1255
load_26,2014-09-04 00:00:00,476.4,481.74072,415,1,412.21802,481.74072,543.45386
load_26,2014-09-04 01:00:00,469.5,452.0442,415,2,385.8357,452.0442,524.68555
load_26,2014-09-04 02:00:00,412.5,434.9464,415,3,368.88513,434.9464,488.27252
load_26,2014-09-04 03:00:00,421.8,408.94116,415,4,348.6643,408.94116,468.50128
load_26,2014-09-04 04:00:00,440.4,407.66565,415,5,349.3921,407.66565,469.24786
load_26,2014-09-04 05:00:00,410.7,416.12988,415,6,356.95532,416.12988,473.2669
load_26,2014-09-04 06:00:00,393.0,417.84326,415,7,354.7196,417.84326,477.16016
load_26,2014-09-04 07:00:00,454.8,446.38635,415,8,379.9619,446.38635,521.1207
load_26,2014-09-04 08:00:00,562.2,637.9065,415,9,531.39624,637.9065,774.0659
load_26,2014-09-04 09:00:00,1168.8,1135.6924,415,10,955.5879,1135.6924,1314.7189
load_26,2014-09-04 10:00:00,2065.5,2094.664,415,11,1902.2191,2094.664,2274.0652
load_26,2014-09-04 11:00:00,2676.9,2522.8628,415,12,2385.9297,2522.8628,2620.3096
load_26,2014-09-04 12:00:00,2598.0,2558.6045,415,13,2436.6213,2558.6045,2657.4214
load_26,2014-09-04 13:00:00,2535.3,2573.4048,415,14,2446.3313,2573.4048,2669.0938
load_26,2014-09-04 14:00:00,2551.8,2586.8096,415,15,2467.086,2586.8096,2679.3862
load_26,2014-09-04 15:00:00,2582.1,2559.6091,415,16,2447.4517,2559.6091,2662.1294
load_26,2014-09-04 16:00:00,2582.7,2574.512,415,17,2432.314,2574.512,2675.812
load_26,2014-09-04 17:00:00,2511.0,2552.5251,415,18,2421.433,2552.5251,2661.1729
load_26,2014-09-04 18:00:00,2571.6,2532.1577,415,19,2394.3213,2532.1577,2659.4802
load_26,2014-09-04 19:00:00,2532.6,2515.2393,415,20,2335.5396,2515.2393,2640.6792
load_26,2014-09-04 20:00:00,2462.4,2386.1128,415,21,2139.607,2386.1128,2535.587
load_26,2014-09-04 21:00:00,1492.5,1310.8533,415,22,1097.3802,1310.8533,1502.2662
load_26,2014-09-04 22:00:00,782.7,782.00995,415,23,649.27826,782.00995,951.7102
load_26,2014-09-04 23:00:00,513.9,563.34155,415,24,467.53918,563.34155,660.78864
load_26,2014-09-05 00:00:00,447.3,463.37384,416,1,404.46765,463.37384,521.49255
load_26,2014-09-05 01:00:00,441.9,434.88916,416,2,378.9607,434.88916,498.9643
load_26,2014-09-05 02:00:00,407.7,428.3501,416,3,372.79224,428.3501,469.4087
load_26,2014-09-05 03:00:00,403.2,412.70264,416,4,361.70276,412.70264,460.4265
load_26,2014-09-05 04:00:00,429.6,412.16016,416,5,363.39368,412.16016,464.8601
load_26,2014-09-05 05:00:00,413.4,416.23315,416,6,366.12805,416.23315,462.01147
load_26,2014-09-05 06:00:00,400.8,423.3849,416,7,369.84314,423.3849,473.37927
load_26,2014-09-05 07:00:00,463.8,444.36157,416,8,390.7362,444.36157,513.5191
load_26,2014-09-05 08:00:00,1014.0,635.22595,416,9,539.1839,635.22595,777.8977
load_26,2014-09-05 09:00:00,1176.9,1225.2861,416,10,1051.6117,1225.2861,1406.6254
load_26,2014-09-05 10:00:00,2099.1,2128.3984,416,11,1956.0259,2128.3984,2283.4856
load_26,2014-09-05 11:00:00,2598.3,2540.2866,416,12,2440.0903,2540.2866,2606.4756
load_26,2014-09-05 12:00:00,2643.0,2571.2524,416,13,2483.084,2571.2524,2637.8628
load_26,2014-09-05 13:00:00,2610.3,2580.771,416,14,2493.8171,2580.771,2644.643
load_26,2014-09-05 14:00:00,2624.7,2592.248,416,15,2508.4897,2592.248,2655.4473
load_26,2014-09-05 15:00:00,2563.5,2579.3992,416,16,2498.9922,2579.3992,2649.9595
load_26,2014-09-05 16:00:00,2573.1,2577.6675,416,17,2474.9883,2577.6675,2651.7805
load_26,2014-09-05 17:00:00,2613.6,2559.168,416,18,2452.861,2559.168,2639.0034
load_26,2014-09-05 18:00:00,2645.4,2541.788,416,19,2435.7363,2541.788,2635.4866
load_26,2014-09-05 19:00:00,2599.2,2531.8066,416,20,2397.2263,2531.8066,2626.026
load_26,2014-09-05 20:00:00,2549.4,2430.184,416,21,2230.0188,2430.184,2543.6553
load_26,2014-09-05 21:00:00,1571.1,1382.108,416,22,1157.0486,1382.108,1586.4843
load_26,2014-09-05 22:00:00,944.1,772.7366,416,23,642.6033,772.7366,946.2636
load_26,2014-09-05 23:00:00,743.7,564.9081,416,24,472.27722,564.9081,657.1484
load_26,2014-09-11 00:00:00,488.4,549.67303,417,1,463.9723,549.67303,621.558
load_26,2014-09-11 01:00:00,492.3,495.8913,417,2,411.61316,495.8913,584.0454
load_26,2014-09-11 02:00:00,418.8,455.4989,417,3,374.89294,455.4989,526.5286
load_26,2014-09-11 03:00:00,393.9,433.3723,417,4,357.69128,433.3723,517.1147
load_26,2014-09-11 04:00:00,411.0,438.09875,417,5,364.8778,438.09875,519.2732
load_26,2014-09-11 05:00:00,404.4,431.76062,417,6,357.61255,431.76062,510.3246
load_26,2014-09-11 06:00:00,391.2,435.412,417,7,357.21216,435.412,517.2676
load_26,2014-09-11 07:00:00,437.7,490.30908,417,8,400.68384,490.30908,578.7051
load_26,2014-09-11 08:00:00,539.4,744.2856,417,9,605.3516,744.2856,887.1044
load_26,2014-09-11 09:00:00,1064.7,1194.0133,417,10,1007.76984,1194.0133,1378.3353
load_26,2014-09-11 10:00:00,2062.5,2122.8584,417,11,1931.5424,2122.8584,2297.1147
load_26,2014-09-11 11:00:00,2574.6,2559.019,417,12,2430.9932,2559.019,2650.4365
load_26,2014-09-11 12:00:00,2627.1,2585.6245,417,13,2474.4478,2585.6245,2676.0266
load_26,2014-09-11 13:00:00,2613.0,2585.3135,417,14,2468.7554,2585.3135,2671.9722
load_26,2014-09-11 14:00:00,2584.2,2590.0886,417,15,2482.6797,2590.0886,2674.6128
load_26,2014-09-11 15:00:00,2551.5,2577.7104,417,16,2471.4563,2577.7104,2668.664
load_26,2014-09-11 16:00:00,2550.6,2592.9927,417,17,2463.6985,2592.9927,2690.1323
load_26,2014-09-11 17:00:00,2552.7,2576.0237,417,18,2452.1765,2576.0237,2678.317
load_26,2014-09-11 18:00:00,2541.6,2560.7031,417,19,2433.8196,2560.7031,2676.9814
load_26,2014-09-11 19:00:00,2496.3,2555.8955,417,20,2400.3608,2555.8955,2674.149
load_26,2014-09-11 20:00:00,2103.3,2480.9023,417,21,2284.8618,2480.9023,2610.5054
load_26,2014-09-11 21:00:00,1039.8,1454.2979,417,22,1216.0188,1454.2979,1672.2274
load_26,2014-09-11 22:00:00,750.6,807.4763,417,23,662.038,807.4763,994.019
load_26,2014-09-11 23:00:00,492.9,601.84814,417,24,489.90082,601.84814,723.0444
load_26,2014-09-12 00:00:00,487.8,459.12903,418,1,396.44678,459.12903,521.3847
load_26,2014-09-12 01:00:00,498.0,433.68835,418,2,371.4225,433.68835,501.44843
load_26,2014-09-12 02:00:00,421.2,426.20605,418,3,364.9779,426.20605,472.62506
load_26,2014-09-12 03:00:00,418.5,411.84424,418,4,355.21252,411.84424,463.9585
load_26,2014-09-12 04:00:00,431.7,411.87122,418,5,357.0133,411.87122,467.21173
load_26,2014-09-12 05:00:00,450.9,417.6023,418,6,360.761,417.6023,466.8316
load_26,2014-09-12 06:00:00,423.3,418.61743,418,7,359.1366,418.61743,468.76892
load_26,2014-09-12 07:00:00,445.2,448.41797,418,8,390.22778,448.41797,518.71375
load_26,2014-09-12 08:00:00,729.9,635.74426,418,9,532.3366,635.74426,770.335
load_26,2014-09-12 09:00:00,1064.1,1097.8154,418,10,912.68787,1097.8154,1267.9884
load_26,2014-09-12 10:00:00,2079.3,2046.6313,418,11,1859.9939,2046.6313,2210.0327
load_26,2014-09-12 11:00:00,2450.7,2523.0972,418,12,2398.9094,2523.0972,2597.752
load_26,2014-09-12 12:00:00,2651.1,2561.0562,418,13,2454.1094,2561.0562,2638.419
load_26,2014-09-12 13:00:00,2588.4,2564.3296,418,14,2450.162,2564.3296,2638.749
load_26,2014-09-12 14:00:00,2574.6,2563.1,418,15,2460.2478,2563.1,2633.773
load_26,2014-09-12 15:00:00,2565.0,2541.9473,418,16,2441.351,2541.9473,2620.1106
load_26,2014-09-12 16:00:00,2568.9,2560.2334,418,17,2415.73,2560.2334,2635.9045
load_26,2014-09-12 17:00:00,2585.7,2542.683,418,18,2419.6436,2542.683,2625.103
load_26,2014-09-12 18:00:00,2584.2,2525.8757,418,19,2399.0686,2525.8757,2624.0088
load_26,2014-09-12 19:00:00,2500.8,2511.1396,418,20,2325.7917,2511.1396,2608.4604
load_26,2014-09-12 20:00:00,2415.0,2405.2827,418,21,2139.7717,2405.2827,2531.2095
load_26,2014-09-12 21:00:00,1374.3,1334.1542,418,22,1099.9792,1334.1542,1541.0187
load_26,2014-09-12 22:00:00,802.2,737.9462,418,23,614.4684,737.9462,908.01624
load_26,2014-09-12 23:00:00,564.0,550.4553,418,24,463.83594,550.4553,636.15283
load_26,2014-09-15 00:00:00,437.1,461.82507,419,1,394.73987,461.82507,532.26245
load_26,2014-09-15 01:00:00,415.2,432.7224,419,2,369.0315,432.7224,506.37994
load_26,2014-09-15 02:00:00,420.6,421.84546,419,3,356.77356,421.84546,474.45392
load_26,2014-09-15 03:00:00,432.6,408.30957,419,4,348.06592,408.30957,468.1089
load_26,2014-09-15 04:00:00,435.3,412.17578,419,5,354.34314,412.17578,472.6103
load_26,2014-09-15 05:00:00,441.0,417.32214,419,6,358.547,417.32214,472.11774
load_26,2014-09-15 06:00:00,415.8,421.25708,419,7,359.26062,421.25708,477.08765
load_26,2014-09-15 07:00:00,435.3,449.43433,419,8,383.8745,449.43433,517.90436
load_26,2014-09-15 08:00:00,886.5,649.2008,419,9,546.7643,649.2008,767.5511
load_26,2014-09-15 09:00:00,972.6,1081.1891,419,10,933.2471,1081.1891,1212.5211
load_26,2014-09-15 10:00:00,1995.3,2054.5261,419,11,1891.1544,2054.5261,2201.327
load_26,2014-09-15 11:00:00,2429.4,2528.4316,419,12,2408.1025,2528.4316,2604.5708
load_26,2014-09-15 12:00:00,2557.5,2575.7002,419,13,2474.078,2575.7002,2656.7935
load_26,2014-09-15 13:00:00,2561.1,2576.9895,419,14,2469.9768,2576.9895,2655.394
load_26,2014-09-15 14:00:00,2515.8,2557.766,419,15,2462.3757,2557.766,2646.8264
load_26,2014-09-15 15:00:00,2511.0,2550.3232,419,16,2451.7876,2550.3232,2633.4539
load_26,2014-09-15 16:00:00,2504.4,2572.7979,419,17,2449.4954,2572.7979,2654.0127
load_26,2014-09-15 17:00:00,2523.6,2554.907,419,18,2439.5554,2554.907,2643.1753
load_26,2014-09-15 18:00:00,2527.2,2535.2407,419,19,2418.5312,2535.2407,2638.6921
load_26,2014-09-15 19:00:00,2489.1,2519.164,419,20,2361.5977,2519.164,2620.4766
load_26,2014-09-15 20:00:00,2010.6,2400.5933,419,21,2196.3127,2400.5933,2520.2102
load_26,2014-09-15 21:00:00,1006.5,1358.8844,419,22,1157.5557,1358.8844,1525.6628
load_26,2014-09-15 22:00:00,741.3,756.46985,419,23,637.51874,756.46985,905.8143
load_26,2014-09-15 23:00:00,476.1,562.1796,419,24,471.8133,562.1796,650.74414
load_26,2014-09-16 00:00:00,438.0,442.3324,420,1,388.5288,442.3324,496.26416
load_26,2014-09-16 01:00:00,441.3,422.89734,420,2,369.67114,422.89734,479.71338
load_26,2014-09-16 02:00:00,390.0,418.16772,420,3,366.12817,418.16772,455.3601
load_26,2014-09-16 03:00:00,381.9,407.6538,420,4,360.1847,407.6538,450.28925
load_26,2014-09-16 04:00:00,414.3,414.31848,420,5,367.85132,414.31848,461.73206
load_26,2014-09-16 05:00:00,408.0,420.48218,420,6,372.81897,420.48218,462.21808
load_26,2014-09-16 06:00:00,381.9,415.96582,420,7,363.96265,415.96582,454.6355
load_26,2014-09-16 07:00:00,440.1,436.75488,420,8,385.16504,436.75488,495.24646
load_26,2014-09-16 08:00:00,538.5,702.4763,420,9,578.8485,702.4763,810.8475
load_26,2014-09-16 09:00:00,1188.0,1022.7248,420,10,862.508,1022.7248,1168.5845
load_26,2014-09-16 10:00:00,2026.2,1999.9744,420,11,1818.9949,1999.9744,2155.0076
load_26,2014-09-16 11:00:00,2484.9,2472.4954,420,12,2345.0623,2472.4954,2548.3967
load_26,2014-09-16 12:00:00,2581.2,2527.359,420,13,2417.7705,2527.359,2605.8203
load_26,2014-09-16 13:00:00,2586.3,2539.2666,420,14,2417.3416,2539.2666,2616.8818
load_26,2014-09-16 14:00:00,2551.2,2537.396,420,15,2432.3462,2537.396,2608.3276
load_26,2014-09-16 15:00:00,2523.0,2522.5186,420,16,2421.5994,2522.5186,2601.912
load_26,2014-09-16 16:00:00,2512.5,2534.9023,420,17,2391.0867,2534.9023,2612.837
load_26,2014-09-16 17:00:00,2522.1,2516.6328,420,18,2396.9177,2516.6328,2601.8938
load_26,2014-09-16 18:00:00,2553.6,2502.0273,420,19,2376.9673,2502.0273,2605.1917
load_26,2014-09-16 19:00:00,2423.7,2475.966,420,20,2288.2354,2475.966,2577.855
load_26,2014-09-16 20:00:00,2011.5,2302.9697,420,21,2002.525,2302.9697,2449.526
load_26,2014-09-16 21:00:00,1004.4,1223.1486,420,22,1007.03735,1223.1486,1433.2612
load_26,2014-09-16 22:00:00,755.4,731.0484,420,23,616.27637,731.0484,894.21893
load_26,2014-09-16 23:00:00,498.0,542.1555,420,24,465.62018,542.1555,618.50793
load_26,2014-09-17 00:00:00,451.8,437.9673,421,1,382.51953,437.9673,494.59033
load_26,2014-09-17 01:00:00,448.5,414.26538,421,2,361.20056,414.26538,473.77618
load_26,2014-09-17 02:00:00,384.6,409.33496,421,3,356.44995,409.33496,449.03308
load_26,2014-09-17 03:00:00,369.3,399.05542,421,4,349.83362,399.05542,444.3532
load_26,2014-09-17 04:00:00,386.4,403.36438,421,5,354.65283,403.36438,452.57593
load_26,2014-09-17 05:00:00,375.0,412.8424,421,6,363.38086,412.8424,457.57043
load_26,2014-09-17 06:00:00,369.6,411.16028,421,7,358.70984,411.16028,454.75116
load_26,2014-09-17 07:00:00,433.5,428.00012,421,8,376.1919,428.00012,489.67877
load_26,2014-09-17 08:00:00,919.5,611.9325,421,9,516.5736,611.9325,731.6952
load_26,2014-09-17 09:00:00,930.6,1053.7505,421,10,888.80707,1053.7505,1197.3323
load_26,2014-09-17 10:00:00,1826.4,1982.8408,421,11,1809.1682,1982.8408,2136.5566
load_26,2014-09-17 11:00:00,2499.0,2461.3293,421,12,2330.3315,2461.3293,2544.3457
load_26,2014-09-17 12:00:00,2516.4,2508.603,421,13,2390.328,2508.603,2595.3145
load_26,2014-09-17 13:00:00,2515.2,2517.4683,421,14,2385.0825,2517.4683,2604.6204
load_26,2014-09-17 14:00:00,2484.6,2501.3394,421,15,2396.317,2501.3394,2595.793
load_26,2014-09-17 15:00:00,2458.2,2497.7024,421,16,2389.7317,2497.7024,2587.335
load_26,2014-09-17 16:00:00,2462.1,2518.6702,421,17,2361.9377,2518.6702,2607.115
load_26,2014-09-17 17:00:00,2492.1,2501.1123,421,18,2368.064,2501.1123,2598.3618
load_26,2014-09-17 18:00:00,2461.2,2478.9531,421,19,2339.729,2478.9531,2598.1301
load_26,2014-09-17 19:00:00,2460.9,2449.1228,421,20,2224.732,2449.1228,2575.896
load_26,2014-09-17 20:00:00,2081.7,2157.097,421,21,1834.3662,2157.097,2346.6523
load_26,2014-09-17 21:00:00,1016.7,1115.4214,421,22,904.19116,1115.4214,1332.2168
load_26,2014-09-17 22:00:00,744.0,709.256,421,23,591.69214,709.256,884.36285
load_26,2014-09-17 23:00:00,507.0,507.38702,421,24,441.08594,507.38702,592.58575
load_26,2014-09-18 00:00:00,445.8,436.065,422,1,381.09607,436.065,493.177
load_26,2014-09-18 01:00:00,445.5,416.67383,422,2,363.9275,416.67383,476.46924
load_26,2014-09-18 02:00:00,401.1,408.3778,422,3,355.39502,408.3778,447.66223
load_26,2014-09-18 03:00:00,393.3,396.48425,422,4,347.54285,396.48425,441.40338
load_26,2014-09-18 04:00:00,411.0,400.73206,422,5,352.5006,400.73206,449.78546
load_26,2014-09-18 05:00:00,409.8,407.7649,422,6,357.10376,407.7649,452.31665
load_26,2014-09-18 06:00:00,375.0,407.0183,422,7,352.4751,407.0183,449.63593
load_26,2014-09-18 07:00:00,423.3,433.82336,422,8,380.31726,433.82336,497.66895
load_26,2014-09-18 08:00:00,531.0,672.08,422,9,556.4532,672.08,788.0961
load_26,2014-09-18 09:00:00,950.4,999.26465,422,10,843.18506,999.26465,1151.1482
load_26,2014-09-18 10:00:00,2022.3,1944.1106,422,11,1776.3611,1944.1106,2101.1545
load_26,2014-09-18 11:00:00,2528.4,2462.7854,422,12,2342.7107,2462.7854,2541.1328
load_26,2014-09-18 12:00:00,2541.3,2506.0823,422,13,2402.2314,2506.0823,2588.4058
load_26,2014-09-18 13:00:00,2535.3,2513.6875,422,14,2403.7148,2513.6875,2594.9148
load_26,2014-09-18 14:00:00,2529.0,2510.2195,422,15,2410.0078,2510.2195,2589.7012
load_26,2014-09-18 15:00:00,2484.0,2495.3413,422,16,2397.309,2495.3413,2579.8572
load_26,2014-09-18 16:00:00,2505.3,2509.7349,422,17,2384.3828,2509.7349,2597.2651
load_26,2014-09-18 17:00:00,2520.6,2487.8774,422,18,2372.1943,2487.8774,2583.6812
load_26,2014-09-18 18:00:00,2537.7,2466.6252,422,19,2343.5474,2466.6252,2581.5215
load_26,2014-09-18 19:00:00,2419.8,2437.4204,422,20,2266.9072,2437.4204,2548.3425
load_26,2014-09-18 20:00:00,1991.7,2142.3809,422,21,1883.833,2142.3809,2318.6052
load_26,2014-09-18 21:00:00,990.9,1064.5183,422,22,889.93286,1064.5183,1265.7516
load_26,2014-09-18 22:00:00,745.2,713.7254,422,23,602.5641,713.7254,878.9012
load_26,2014-09-18 23:00:00,478.5,523.52124,422,24,449.2672,523.52124,606.801
load_26,2014-09-19 00:00:00,428.4,420.68823,423,1,367.4867,420.68823,474.53473
load_26,2014-09-19 01:00:00,429.0,403.28284,423,2,353.72327,403.28284,457.88147
load_26,2014-09-19 02:00:00,367.8,394.2622,423,3,343.56445,394.2622,429.90912
load_26,2014-09-19 03:00:00,378.0,381.70447,423,4,334.2887,381.70447,422.67322
load_26,2014-09-19 04:00:00,421.2,387.79382,423,5,343.7373,387.79382,431.2376
load_26,2014-09-19 05:00:00,394.5,397.46497,423,6,351.65564,397.46497,436.6847
load_26,2014-09-19 06:00:00,367.8,391.83276,423,7,339.9773,391.83276,426.83875
load_26,2014-09-19 07:00:00,423.6,407.24524,423,8,356.7102,407.24524,459.16693
load_26,2014-09-19 08:00:00,514.2,696.3584,423,9,583.75574,696.3584,783.8658
load_26,2014-09-19 09:00:00,1083.0,998.8109,423,10,866.37714,998.8109,1120.0203
load_26,2014-09-19 10:00:00,1964.4,1945.5658,423,11,1805.4407,1945.5658,2084.2078
load_26,2014-09-19 11:00:00,2484.9,2463.4832,423,12,2356.0977,2463.4832,2536.8125
load_26,2014-09-19 12:00:00,2508.3,2506.0645,423,13,2417.6975,2506.0645,2583.8623
load_26,2014-09-19 13:00:00,2516.1,2517.1323,423,14,2428.063,2517.1323,2594.2288
load_26,2014-09-19 14:00:00,2499.9,2493.4517,423,15,2406.714,2493.4517,2577.9998
load_26,2014-09-19 15:00:00,2491.8,2483.87,423,16,2392.2043,2483.87,2566.4575
load_26,2014-09-19 16:00:00,2499.0,2498.2773,423,17,2386.0134,2498.2773,2579.1997
load_26,2014-09-19 17:00:00,2519.1,2478.044,423,18,2372.526,2478.044,2568.1558
load_26,2014-09-19 18:00:00,2527.5,2456.103,423,19,2344.6667,2456.103,2564.828
load_26,2014-09-19 19:00:00,2390.1,2425.1787,423,20,2280.2354,2425.1787,2525.755
load_26,2014-09-19 20:00:00,2298.6,2057.357,423,21,1848.0869,2057.357,2236.5056
load_26,2014-09-19 21:00:00,1338.0,1006.0547,423,22,861.0707,1006.0547,1172.7849
load_26,2014-09-19 22:00:00,795.0,698.7955,423,23,599.3173,698.7955,843.5955
load_26,2014-09-19 23:00:00,518.4,497.70276,423,24,433.79114,497.70276,575.8925
load_26,2014-09-22 00:00:00,431.1,443.5869,424,1,389.69153,443.5869,496.90875
load_26,2014-09-22 01:00:00,430.5,415.2151,424,2,365.8485,415.2151,469.92114
load_26,2014-09-22 02:00:00,384.3,406.2442,424,3,357.1964,406.2442,441.25128
load_26,2014-09-22 03:00:00,346.5,398.0371,424,4,352.66016,398.0371,437.75122
load_26,2014-09-22 04:00:00,374.4,403.50342,424,5,359.91345,403.50342,446.4201
load_26,2014-09-22 05:00:00,373.8,409.94867,424,6,365.61804,409.94867,447.58026
load_26,2014-09-22 06:00:00,386.4,406.30548,424,7,357.6947,406.30548,441.5254
load_26,2014-09-22 07:00:00,483.6,425.00513,424,8,379.4264,425.00513,476.92743
load_26,2014-09-22 08:00:00,528.3,597.58,424,9,523.3986,597.58,696.1791
load_26,2014-09-22 09:00:00,1082.1,1019.724,424,10,888.34534,1019.724,1130.6403
load_26,2014-09-22 10:00:00,2001.0,1991.6624,424,11,1847.6146,1991.6624,2125.8792
load_26,2014-09-22 11:00:00,2370.0,2472.7988,424,12,2370.1516,2472.7988,2539.587
load_26,2014-09-22 12:00:00,2460.3,2518.794,424,13,2433.0735,2518.794,2591.8186
load_26,2014-09-22 13:00:00,2538.3,2524.0962,424,14,2438.143,2524.0962,2596.3027
load_26,2014-09-22 14:00:00,2517.3,2516.0527,424,15,2428.9294,2516.0527,2587.5151
load_26,2014-09-22 15:00:00,2436.3,2501.933,424,16,2417.448,2501.933,2577.064
load_26,2014-09-22 16:00:00,2400.0,2519.2258,424,17,2411.6262,2519.2258,2598.0312
load_26,2014-09-22 17:00:00,2487.0,2498.343,424,18,2396.3733,2498.343,2585.793
load_26,2014-09-22 18:00:00,2485.5,2476.8716,424,19,2369.644,2476.8716,2579.074
load_26,2014-09-22 19:00:00,2337.9,2439.7456,424,20,2294.0857,2439.7456,2536.5981
load_26,2014-09-22 20:00:00,1985.1,2136.94,424,21,1925.6162,2136.94,2291.148
load_26,2014-09-22 21:00:00,980.1,1090.3955,424,22,928.27795,1090.3955,1256.0056
load_26,2014-09-22 22:00:00,726.9,723.8776,424,23,616.84674,723.8776,870.62494
load_26,2014-09-22 23:00:00,487.8,512.8094,424,24,443.09753,512.8094,588.2527
load_26,2014-09-23 00:00:00,421.2,420.01984,425,1,371.34204,420.01984,469.2619
load_26,2014-09-23 01:00:00,430.2,401.05255,425,2,354.88416,401.05255,451.1468
load_26,2014-09-23 02:00:00,381.6,396.27063,425,3,350.3191,396.27063,427.2088
load_26,2014-09-23 03:00:00,348.9,387.39307,425,4,345.34546,387.39307,422.98358
load_26,2014-09-23 04:00:00,375.3,391.42505,425,5,350.64392,391.42505,430.18842
load_26,2014-09-23 05:00:00,377.1,398.1142,425,6,355.69177,398.1142,432.48987
load_26,2014-09-23 06:00:00,370.2,398.48346,425,7,352.9917,398.48346,430.16302
load_26,2014-09-23 07:00:00,409.2,419.66895,425,8,376.00684,419.66895,471.61188
load_26,2014-09-23 08:00:00,513.6,625.2904,425,9,533.3993,625.2904,729.81067
load_26,2014-09-23 09:00:00,912.9,1004.04236,425,10,864.09814,1004.04236,1129.2605
load_26,2014-09-23 10:00:00,1964.7,1936.0527,425,11,1790.3374,1936.0527,2076.151
load_26,2014-09-23 11:00:00,2435.7,2432.974,425,12,2325.4531,2432.974,2506.2168
load_26,2014-09-23 12:00:00,2509.2,2474.9722,425,13,2383.7207,2474.9722,2552.6055
load_26,2014-09-23 13:00:00,2498.4,2489.886,425,14,2399.8552,2489.886,2565.9033
load_26,2014-09-23 14:00:00,2454.9,2480.5264,425,15,2392.5193,2480.5264,2557.5396
load_26,2014-09-23 15:00:00,2404.8,2462.02,425,16,2373.9504,2462.02,2542.9792
load_26,2014-09-23 16:00:00,2388.9,2472.6272,425,17,2358.969,2472.6272,2554.8877
load_26,2014-09-23 17:00:00,2411.7,2459.8914,425,18,2355.757,2459.8914,2552.1797
load_26,2014-09-23 18:00:00,2440.5,2441.733,425,19,2330.0417,2441.733,2550.69
load_26,2014-09-23 19:00:00,2349.3,2406.5293,425,20,2252.7483,2406.5293,2508.1875
load_26,2014-09-23 20:00:00,1976.1,2091.8262,425,21,1871.6304,2091.8262,2252.7192
load_26,2014-09-23 21:00:00,1427.7,1051.7385,425,22,896.48425,1051.7385,1207.6321
load_26,2014-09-23 22:00:00,1128.9,693.62244,425,23,594.4121,693.62244,832.3103
load_26,2014-09-23 23:00:00,866.7,492.7541,425,24,431.56122,492.7541,567.9022
load_26,2014-09-24 00:00:00,645.6,591.2811,426,1,497.12042,591.2811,758.1442
load_26,2014-09-24 01:00:00,446.7,512.6073,426,2,411.17084,512.6073,720.5111
load_26,2014-09-24 02:00:00,378.3,450.4121,426,3,360.8252,450.4121,626.5385
load_26,2014-09-24 03:00:00,380.7,409.7746,426,4,322.11462,409.7746,591.6351
load_26,2014-09-24 04:00:00,386.7,414.79016,426,5,321.20288,414.79016,612.9676
load_26,2014-09-24 05:00:00,374.7,415.23724,426,6,329.31006,415.23724,618.5999
load_26,2014-09-24 06:00:00,370.2,409.66052,426,7,319.30835,409.66052,602.9914
load_26,2014-09-24 07:00:00,414.9,448.2301,426,8,351.61328,448.2301,680.9465
load_26,2014-09-24 08:00:00,521.1,601.3846,426,9,473.43396,601.3846,846.3153
load_26,2014-09-24 09:00:00,1220.4,1022.00415,426,10,827.38544,1022.00415,1293.7411
load_26,2014-09-24 10:00:00,1990.8,1957.7317,426,11,1745.1504,1957.7317,2212.7732
load_26,2014-09-24 11:00:00,2457.0,2380.2927,426,12,2210.2285,2380.2927,2549.4531
load_26,2014-09-24 12:00:00,2448.6,2430.3896,426,13,2267.2402,2430.3896,2602.7798
load_26,2014-09-24 13:00:00,2367.0,2440.2334,426,14,2269.125,2440.2334,2610.412
load_26,2014-09-24 14:00:00,2365.5,2440.8508,426,15,2290.4656,2440.8508,2605.3823
load_26,2014-09-24 15:00:00,2387.1,2427.997,426,16,2284.8516,2427.997,2603.393
load_26,2014-09-24 16:00:00,2460.0,2435.3667,426,17,2270.2422,2435.3667,2602.0305
load_26,2014-09-24 17:00:00,2371.5,2423.2065,426,18,2277.8125,2423.2065,2599.5786
load_26,2014-09-24 18:00:00,2362.8,2405.3926,426,19,2258.13,2405.3926,2598.2727
load_26,2014-09-24 19:00:00,2330.4,2366.4062,426,20,2163.6733,2366.4062,2564.9893
load_26,2014-09-24 20:00:00,1992.6,2026.5133,426,21,1725.9888,2026.5133,2302.4229
load_26,2014-09-24 21:00:00,1012.8,1188.2712,426,22,941.9149,1188.2712,1552.472
load_26,2014-09-24 22:00:00,798.6,855.075,426,23,654.7137,855.075,1256.2139
load_26,2014-09-24 23:00:00,519.3,608.3269,426,24,460.53577,608.3269,977.11365
load_26,2014-09-25 00:00:00,443.4,443.9583,427,1,388.60168,443.9583,500.39838
load_26,2014-09-25 01:00:00,433.5,410.4085,427,2,359.73206,410.4085,467.38214
load_26,2014-09-25 02:00:00,370.2,398.8109,427,3,348.9641,398.8109,436.9696
load_26,2014-09-25 03:00:00,373.2,386.18152,427,4,341.4463,386.18152,427.84338
load_26,2014-09-25 04:00:00,384.0,388.7323,427,5,344.8313,388.7323,432.89532
load_26,2014-09-25 05:00:00,374.7,397.7447,427,6,351.42615,397.7447,436.93164
load_26,2014-09-25 06:00:00,366.9,400.6494,427,7,352.43127,400.6494,439.06378
load_26,2014-09-25 07:00:00,420.0,417.64343,427,8,371.23145,417.64343,474.32062
load_26,2014-09-25 08:00:00,528.6,536.4788,427,9,465.35004,536.4788,640.5323
load_26,2014-09-25 09:00:00,1180.8,1022.74316,427,10,889.6365,1022.74316,1150.0579
load_26,2014-09-25 10:00:00,1990.8,1936.8213,427,11,1789.3162,1936.8213,2080.6152
load_26,2014-09-25 11:00:00,2541.9,2417.1167,427,12,2307.0674,2417.1167,2494.4941
load_26,2014-09-25 12:00:00,2588.1,2445.7944,427,13,2348.5989,2445.7944,2525.667
load_26,2014-09-25 13:00:00,2607.0,2441.5474,427,14,2344.2085,2441.5474,2520.6953
load_26,2014-09-25 14:00:00,2571.3,2430.246,427,15,2338.607,2430.246,2517.4783
load_26,2014-09-25 15:00:00,2546.7,2413.7778,427,16,2319.8843,2413.7778,2497.4077
load_26,2014-09-25 16:00:00,2537.7,2430.2583,427,17,2312.9714,2430.2583,2520.489
load_26,2014-09-25 17:00:00,2503.8,2410.872,427,18,2300.295,2410.872,2511.8457
load_26,2014-09-25 18:00:00,2517.9,2392.5503,427,19,2275.5967,2392.5503,2509.2148
load_26,2014-09-25 19:00:00,2361.9,2352.567,427,20,2200.1938,2352.567,2463.5713
load_26,2014-09-25 20:00:00,2109.6,2019.8949,427,21,1814.856,2019.8949,2199.2285
load_26,2014-09-25 21:00:00,986.1,1105.9517,427,22,931.1482,1105.9517,1298.4814
load_26,2014-09-25 22:00:00,726.6,792.37396,427,23,665.0497,792.37396,975.86755
load_26,2014-09-25 23:00:00,486.9,558.70734,427,24,470.22833,558.70734,683.7817
load_26,2014-09-26 00:00:00,440.7,425.26715,428,1,371.0924,425.26715,478.8178
load_26,2014-09-26 01:00:00,417.6,396.2174,428,2,346.64343,396.2174,450.60156
load_26,2014-09-26 02:00:00,364.2,389.9646,428,3,339.4004,389.9646,425.63263
load_26,2014-09-26 03:00:00,352.8,371.37,428,4,325.10083,371.37,412.44214
load_26,2014-09-26 04:00:00,382.8,373.55017,428,5,328.9048,373.55017,417.58545
load_26,2014-09-26 05:00:00,378.3,384.4729,428,6,337.93542,384.4729,423.08405
load_26,2014-09-26 06:00:00,364.8,388.70355,428,7,339.20654,388.70355,427.89832
load_26,2014-09-26 07:00:00,416.7,409.09198,428,8,358.635,409.09198,463.17938
load_26,2014-09-26 08:00:00,524.7,521.7697,428,9,451.83887,521.7697,618.4442
load_26,2014-09-26 09:00:00,949.5,1074.9553,428,10,931.55054,1074.9553,1205.4832
load_26,2014-09-26 10:00:00,2007.3,1983.4677,428,11,1825.4187,1983.4677,2127.58
load_26,2014-09-26 11:00:00,2468.7,2435.253,428,12,2322.1553,2435.253,2509.7148
load_26,2014-09-26 12:00:00,2528.7,2477.5674,428,13,2376.716,2477.5674,2557.3533
load_26,2014-09-26 13:00:00,2521.8,2485.971,428,14,2381.8052,2485.971,2563.5146
load_26,2014-09-26 14:00:00,2505.0,2489.8877,428,15,2388.5083,2489.8877,2566.3193
load_26,2014-09-26 15:00:00,2481.6,2463.7212,428,16,2368.33,2463.7212,2547.3323
load_26,2014-09-26 16:00:00,2511.0,2473.8447,428,17,2353.3748,2473.8447,2560.045
load_26,2014-09-26 17:00:00,2429.1,2450.1226,428,18,2335.8706,2450.1226,2545.0942
load_26,2014-09-26 18:00:00,2457.0,2425.6104,428,19,2308.1243,2425.6104,2536.9326
load_26,2014-09-26 19:00:00,2422.8,2384.0642,428,20,2220.835,2384.0642,2490.5598
load_26,2014-09-26 20:00:00,2316.9,2067.4897,428,21,1834.5186,2067.4897,2241.7778
load_26,2014-09-26 21:00:00,1329.6,1077.3691,428,22,903.50085,1077.3691,1269.0592
load_26,2014-09-26 22:00:00,809.4,757.0988,428,23,637.7718,757.0988,926.5725
load_26,2014-09-26 23:00:00,550.2,532.965,428,24,453.73798,532.965,629.6846
load_26,2014-09-29 00:00:00,431.1,454.0683,429,1,392.36145,454.0683,510.20807
load_26,2014-09-29 01:00:00,416.7,418.7942,429,2,368.3463,418.7942,476.54437
load_26,2014-09-29 02:00:00,369.9,412.09125,429,3,362.05066,412.09125,451.16168
load_26,2014-09-29 03:00:00,354.3,389.76337,429,4,346.3269,389.76337,432.07544
load_26,2014-09-29 04:00:00,387.6,386.92285,429,5,342.69763,386.92285,433.49347
load_26,2014-09-29 05:00:00,369.9,401.48212,429,6,355.02563,401.48212,441.1089
load_26,2014-09-29 06:00:00,361.2,410.96112,429,7,362.17432,410.96112,455.5197
load_26,2014-09-29 07:00:00,432.3,434.49255,429,8,379.03986,434.49255,487.59277
load_26,2014-09-29 08:00:00,540.6,530.9161,429,9,461.43292,530.9161,631.5397
load_26,2014-09-29 09:00:00,1074.3,1062.8127,429,10,914.3233,1062.8127,1190.2572
load_26,2014-09-29 10:00:00,1955.1,1970.8047,429,11,1805.084,1970.8047,2117.3174
load_26,2014-09-29 11:00:00,2341.8,2427.414,429,12,2298.173,2427.414,2513.0144
load_26,2014-09-29 12:00:00,2409.6,2466.061,429,13,2344.3545,2466.061,2558.016
load_26,2014-09-29 13:00:00,2605.8,2469.1152,429,14,2341.32,2469.1152,2560.815
load_26,2014-09-29 14:00:00,2497.5,2464.3042,429,15,2355.9058,2464.3042,2562.91
load_26,2014-09-29 15:00:00,2438.4,2445.4858,429,16,2335.325,2445.4858,2540.1704
load_26,2014-09-29 16:00:00,2436.6,2464.1123,429,17,2311.4146,2464.1123,2562.9575
load_26,2014-09-29 17:00:00,2452.5,2436.042,429,18,2305.3208,2436.042,2545.582
load_26,2014-09-29 18:00:00,2483.1,2411.703,429,19,2279.3323,2411.703,2537.063
load_26,2014-09-29 19:00:00,2417.7,2364.4717,429,20,2169.9744,2364.4717,2489.5483
load_26,2014-09-29 20:00:00,1998.6,2090.6846,429,21,1833.8359,2090.6846,2268.446
load_26,2014-09-29 21:00:00,1001.7,1141.6323,429,22,936.1825,1141.6323,1358.791
load_26,2014-09-29 22:00:00,750.6,802.0088,429,23,662.17957,802.0088,993.9194
load_26,2014-09-29 23:00:00,496.2,558.49164,429,24,467.1947,558.49164,675.4541
load_26,2014-09-30 00:00:00,437.1,418.5512,430,1,366.35547,418.5512,470.28308
load_26,2014-09-30 01:00:00,454.2,394.0547,430,2,345.81445,394.0547,446.3584
load_26,2014-09-30 02:00:00,384.9,389.8531,430,3,342.411,389.8531,423.7409
load_26,2014-09-30 03:00:00,382.2,370.73328,430,4,328.5354,370.73328,408.71344
load_26,2014-09-30 04:00:00,396.0,372.40356,430,5,330.36853,372.40356,413.12354
load_26,2014-09-30 05:00:00,367.5,389.06262,430,6,344.75952,389.06262,424.43323
load_26,2014-09-30 06:00:00,381.6,391.13782,430,7,344.8451,391.13782,425.25854
load_26,2014-09-30 07:00:00,439.8,404.9665,430,8,360.15137,404.9665,455.59283
load_26,2014-09-30 08:00:00,666.3,499.67468,430,9,439.0061,499.67468,584.217
load_26,2014-09-30 09:00:00,1068.6,1035.4309,430,10,879.6766,1035.4309,1154.0553
load_26,2014-09-30 10:00:00,1907.1,1951.246,430,11,1781.271,1951.246,2094.6313
load_26,2014-09-30 11:00:00,2350.8,2394.873,430,12,2264.0054,2394.873,2472.3945
load_26,2014-09-30 12:00:00,2360.1,2447.085,430,13,2323.9185,2447.085,2532.594
load_26,2014-09-30 13:00:00,2361.9,2460.4604,430,14,2334.8823,2460.4604,2544.525
load_26,2014-09-30 14:00:00,2320.5,2466.905,430,15,2352.971,2466.905,2548.935
load_26,2014-09-30 15:00:00,2304.9,2435.1865,430,16,2328.9011,2435.1865,2525.5247
load_26,2014-09-30 16:00:00,2323.5,2452.5757,430,17,2304.1262,2452.5757,2546.929
load_26,2014-09-30 17:00:00,2317.5,2424.7568,430,18,2291.0264,2424.7568,2528.313
load_26,2014-09-30 18:00:00,2390.7,2394.0725,430,19,2258.2725,2394.0725,2515.8262
load_26,2014-09-30 19:00:00,2355.9,2355.9268,430,20,2147.254,2355.9268,2476.3623
load_26,2014-09-30 20:00:00,1956.3,2072.707,430,21,1793.8676,2072.707,2252.033
load_26,2014-09-30 21:00:00,958.8,1097.508,430,22,892.7443,1097.508,1310.7196
load_26,2014-09-30 22:00:00,724.8,761.6531,430,23,621.02026,761.6531,949.4198
load_26,2014-09-30 23:00:00,468.3,535.4938,430,24,446.33813,535.4938,638.27515
load_26,2014-10-01 00:00:00,405.6,422.3954,431,1,372.615,422.3954,471.474
load_26,2014-10-01 01:00:00,413.1,401.1996,431,2,355.7544,401.1996,451.30817
load_26,2014-10-01 02:00:00,372.9,395.57434,431,3,350.6925,395.57434,426.80585
load_26,2014-10-01 03:00:00,371.4,377.1941,431,4,337.35706,377.1941,411.84375
load_26,2014-10-01 04:00:00,384.0,375.71393,431,5,336.42883,375.71393,413.1408
load_26,2014-10-01 05:00:00,362.4,388.1021,431,6,346.54553,388.1021,419.7442
load_26,2014-10-01 06:00:00,363.9,390.78204,431,7,347.38318,390.78204,423.45435
load_26,2014-10-01 07:00:00,421.8,416.44104,431,8,368.82446,416.44104,461.76154
load_26,2014-10-01 08:00:00,521.7,522.5925,431,9,459.09375,522.5925,605.66724
load_26,2014-10-01 09:00:00,908.4,1027.9348,431,10,894.8134,1027.9348,1132.4681
load_26,2014-10-01 10:00:00,1603.2,1912.1555,431,11,1757.2759,1912.1555,2049.7659
load_26,2014-10-01 11:00:00,2350.2,2368.4668,431,12,2241.5847,2368.4668,2453.4863
load_26,2014-10-01 12:00:00,2472.9,2418.0227,431,13,2293.9434,2418.0227,2510.0222
load_26,2014-10-01 13:00:00,2497.2,2429.3354,431,14,2300.1968,2429.3354,2523.242
load_26,2014-10-01 14:00:00,2502.0,2396.842,431,15,2291.9058,2396.842,2504.3335
load_26,2014-10-01 15:00:00,2479.2,2383.0105,431,16,2272.555,2383.0105,2480.8086
load_26,2014-10-01 16:00:00,2455.5,2389.5947,431,17,2241.757,2389.5947,2487.2017
load_26,2014-10-01 17:00:00,2403.3,2378.434,431,18,2247.2944,2378.434,2485.732
load_26,2014-10-01 18:00:00,2421.9,2364.7969,431,19,2238.296,2364.7969,2488.5278
load_26,2014-10-01 19:00:00,2355.3,2337.2385,431,20,2167.8665,2337.2385,2456.08
load_26,2014-10-01 20:00:00,2006.7,1999.3618,431,21,1778.3652,1999.3618,2180.8408
load_26,2014-10-01 21:00:00,1026.0,1023.5842,431,22,860.7747,1023.5842,1203.8885
load_26,2014-10-01 22:00:00,762.9,745.5313,431,23,632.9932,745.5313,908.7847
load_26,2014-10-01 23:00:00,500.4,523.1862,431,24,448.61243,523.1862,606.04407
load_26,2014-10-02 00:00:00,436.2,422.0728,432,1,372.70782,422.0728,471.12787
load_26,2014-10-02 01:00:00,433.2,396.0127,432,2,350.16772,396.0127,445.5832
load_26,2014-10-02 02:00:00,377.7,390.06097,432,3,343.60596,390.06097,422.2849
load_26,2014-10-02 03:00:00,357.6,375.78082,432,4,334.97412,375.78082,411.88257
load_26,2014-10-02 04:00:00,351.9,377.4007,432,5,337.29443,377.4007,417.4995
load_26,2014-10-02 05:00:00,369.9,388.20544,432,6,345.3286,388.20544,421.3639
load_26,2014-10-02 06:00:00,393.3,394.0318,432,7,348.78003,394.0318,429.85413
load_26,2014-10-02 07:00:00,444.3,408.87567,432,8,364.92877,408.87567,460.47076
load_26,2014-10-02 08:00:00,540.3,521.6256,432,9,455.98462,521.6256,608.7901
load_26,2014-10-02 09:00:00,945.9,998.98517,432,10,847.3337,998.98517,1121.4535
load_26,2014-10-02 10:00:00,1989.3,1853.7714,432,11,1686.6423,1853.7714,2006.627
load_26,2014-10-02 11:00:00,2290.8,2354.2512,432,12,2215.3276,2354.2512,2447.611
load_26,2014-10-02 12:00:00,2334.0,2405.099,432,13,2275.1392,2405.099,2501.642
load_26,2014-10-02 13:00:00,2338.8,2417.1265,432,14,2275.1038,2417.1265,2515.0493
load_26,2014-10-02 14:00:00,2493.9,2409.1128,432,15,2290.3533,2409.1128,2512.295
load_26,2014-10-02 15:00:00,2530.5,2390.4224,432,16,2273.521,2390.4224,2492.5469
load_26,2014-10-02 16:00:00,2366.4,2406.9658,432,17,2247.4185,2406.9658,2506.3
load_26,2014-10-02 17:00:00,2330.4,2379.4634,432,18,2229.9058,2379.4634,2491.755
load_26,2014-10-02 18:00:00,2351.4,2356.1042,432,19,2214.3896,2356.1042,2486.516
load_26,2014-10-02 19:00:00,2311.5,2336.9863,432,20,2144.9785,2336.9863,2462.049
load_26,2014-10-02 20:00:00,1960.8,2048.3633,432,21,1792.9127,2048.3633,2225.4507
load_26,2014-10-02 21:00:00,972.6,1044.97,432,22,864.64777,1044.97,1240.3892
load_26,2014-10-02 22:00:00,734.4,730.9856,432,23,606.1341,730.9856,905.9358
load_26,2014-10-02 23:00:00,483.3,515.37634,432,24,437.02087,515.37634,599.8474
load_26,2014-10-06 00:00:00,393.3,410.02783,433,1,364.6115,410.02783,455.43427
load_26,2014-10-06 01:00:00,401.7,389.3708,433,2,346.66992,389.3708,436.77362
load_26,2014-10-06 02:00:00,348.6,386.95166,433,3,343.91772,386.95166,417.02563
load_26,2014-10-06 03:00:00,332.1,376.96783,433,4,339.81958,376.96783,408.7699
load_26,2014-10-06 04:00:00,328.2,374.61926,433,5,337.07642,374.61926,408.63464
load_26,2014-10-06 05:00:00,350.4,384.1615,433,6,343.35498,384.1615,414.35968
load_26,2014-10-06 06:00:00,369.6,392.0462,433,7,350.36438,392.0462,423.33124
load_26,2014-10-06 07:00:00,415.2,409.92163,433,8,367.52087,409.92163,453.98273
load_26,2014-10-06 08:00:00,500.7,505.07428,433,9,447.3438,505.07428,589.64685
load_26,2014-10-06 09:00:00,879.6,994.53284,433,10,845.267,994.53284,1111.8077
load_26,2014-10-06 10:00:00,1608.0,1864.7241,433,11,1700.6704,1864.7241,2011.8904
load_26,2014-10-06 11:00:00,2318.1,2354.2446,433,12,2218.726,2354.2446,2443.3335
load_26,2014-10-06 12:00:00,2352.0,2409.4316,433,13,2276.4128,2409.4316,2503.0442
load_26,2014-10-06 13:00:00,2338.5,2430.969,433,14,2288.5962,2430.969,2525.4922
load_26,2014-10-06 14:00:00,2416.2,2446.398,433,15,2327.6855,2446.398,2534.1118
load_26,2014-10-06 15:00:00,2381.4,2416.8267,433,16,2311.634,2416.8267,2512.7249
load_26,2014-10-06 16:00:00,2358.0,2402.051,433,17,2269.962,2402.051,2487.1516
load_26,2014-10-06 17:00:00,2397.0,2377.8003,433,18,2260.1665,2377.8003,2473.583
load_26,2014-10-06 18:00:00,2400.0,2352.8696,433,19,2237.2917,2352.8696,2466.1797
load_26,2014-10-06 19:00:00,2293.2,2323.3018,433,20,2164.4265,2323.3018,2427.3833
load_26,2014-10-06 20:00:00,1935.3,1989.6907,433,21,1787.7076,1989.6907,2157.7537
load_26,2014-10-06 21:00:00,931.2,978.22675,433,22,840.36804,978.22675,1119.186
load_26,2014-10-06 22:00:00,712.8,694.51526,433,23,605.611,694.51526,822.6927
load_26,2014-10-06 23:00:00,465.9,487.84058,433,24,432.90228,487.84058,551.08453
load_26,2014-10-07 00:00:00,385.5,405.57422,434,1,362.73334,405.57422,449.39526
load_26,2014-10-07 01:00:00,385.5,382.90204,434,2,344.12872,382.90204,426.115
load_26,2014-10-07 02:00:00,349.8,380.96747,434,3,340.724,380.96747,407.38123
load_26,2014-10-07 03:00:00,331.8,370.97888,434,4,335.91968,370.97888,401.05804
load_26,2014-10-07 04:00:00,334.8,367.89014,434,5,333.29102,367.89014,397.25012
load_26,2014-10-07 05:00:00,332.7,373.34772,434,6,335.90735,373.34772,399.06158
load_26,2014-10-07 06:00:00,335.4,385.5974,434,7,345.8952,385.5974,411.86926
load_26,2014-10-07 07:00:00,399.0,398.82324,434,8,361.71863,398.82324,438.4751
load_26,2014-10-07 08:00:00,486.6,501.20703,434,9,446.74146,501.20703,566.3573
load_26,2014-10-07 09:00:00,841.2,935.886,434,10,816.3049,935.886,1021.58765
load_26,2014-10-07 10:00:00,1622.4,1808.5005,434,11,1667.8241,1808.5005,1938.6453
load_26,2014-10-07 11:00:00,2268.6,2298.734,434,12,2180.721,2298.734,2388.294
load_26,2014-10-07 12:00:00,2329.2,2344.1123,434,13,2229.3103,2344.1123,2434.5396
load_26,2014-10-07 13:00:00,2324.7,2360.146,434,14,2234.3022,2360.146,2453.1182
load_26,2014-10-07 14:00:00,2297.7,2389.4604,434,15,2277.6917,2389.4604,2478.9595
load_26,2014-10-07 15:00:00,2277.6,2362.0317,434,16,2260.8267,2362.0317,2459.2695
load_26,2014-10-07 16:00:00,2291.4,2346.7876,434,17,2226.3545,2346.7876,2432.3335
load_26,2014-10-07 17:00:00,2309.1,2326.0586,434,18,2213.75,2326.0586,2424.8518
load_26,2014-10-07 18:00:00,2318.4,2304.7866,434,19,2192.7378,2304.7866,2420.0957
load_26,2014-10-07 19:00:00,2310.9,2277.8997,434,20,2133.2507,2277.8997,2382.7214
load_26,2014-10-07 20:00:00,1966.8,1971.2385,434,21,1806.3748,1971.2385,2123.05
load_26,2014-10-07 21:00:00,957.9,970.67957,434,22,851.69385,970.67957,1088.1492
load_26,2014-10-07 22:00:00,718.5,683.12415,434,23,604.7756,683.12415,798.41296
load_26,2014-10-07 23:00:00,447.6,479.90515,434,24,425.526,479.90515,540.3385
load_26,2014-10-08 00:00:00,367.5,389.03656,435,1,343.9807,389.03656,434.3512
load_26,2014-10-08 01:00:00,375.6,364.50238,435,2,323.5545,364.50238,409.97705
load_26,2014-10-08 02:00:00,351.6,365.75726,435,3,323.40283,365.75726,395.18677
load_26,2014-10-08 03:00:00,331.5,349.4818,435,4,312.02893,349.4818,382.78015
load_26,2014-10-08 04:00:00,333.9,352.11023,435,5,314.90552,352.11023,384.66455
load_26,2014-10-08 05:00:00,363.3,357.32495,435,6,316.73193,357.32495,386.8191
load_26,2014-10-08 06:00:00,367.5,367.97272,435,7,325.15527,367.97272,397.48022
load_26,2014-10-08 07:00:00,408.9,378.94507,435,8,337.8393,378.94507,421.4192
load_26,2014-10-08 08:00:00,513.0,467.65912,435,9,412.5359,467.65912,533.0654
load_26,2014-10-08 09:00:00,889.2,871.6608,435,10,762.61597,871.6608,966.15027
load_26,2014-10-08 10:00:00,1455.0,1663.0424,435,11,1535.3733,1663.0424,1790.9564
load_26,2014-10-08 11:00:00,2250.3,2258.944,435,12,2143.3855,2258.944,2347.6487
load_26,2014-10-08 12:00:00,2292.9,2317.5854,435,13,2207.8584,2317.5854,2405.628
load_26,2014-10-08 13:00:00,2305.8,2336.1294,435,14,2219.1824,2336.1294,2425.9834
load_26,2014-10-08 14:00:00,2332.5,2356.3333,435,15,2248.9785,2356.3333,2441.7458
load_26,2014-10-08 15:00:00,2341.2,2325.9236,435,16,2229.5188,2325.9236,2419.6067
load_26,2014-10-08 16:00:00,2415.3,2322.784,435,17,2214.3901,2322.784,2405.9434
load_26,2014-10-08 17:00:00,2416.2,2304.655,435,18,2200.1013,2304.655,2400.1743
load_26,2014-10-08 18:00:00,2327.7,2290.6567,435,19,2186.5215,2290.6567,2400.8997
load_26,2014-10-08 19:00:00,2310.9,2267.9753,435,20,2149.4187,2267.9753,2367.5554
load_26,2014-10-08 20:00:00,1953.9,1949.5237,435,21,1797.8455,1949.5237,2098.4868
load_26,2014-10-08 21:00:00,972.0,947.999,435,22,833.055,947.999,1071.4164
load_26,2014-10-08 22:00:00,750.3,679.998,435,23,599.7596,679.998,800.87384
load_26,2014-10-08 23:00:00,477.3,467.74182,435,24,412.18378,467.74182,535.0282
load_26,2014-10-10 00:00:00,425.7,393.24506,436,1,347.9798,393.24506,439.3499
load_26,2014-10-10 01:00:00,408.0,369.9862,436,2,328.97986,369.9862,416.5995
load_26,2014-10-10 02:00:00,363.9,368.49243,436,3,324.46545,368.49243,399.3343
load_26,2014-10-10 03:00:00,342.6,348.66736,436,4,310.34686,348.66736,383.1855
load_26,2014-10-10 04:00:00,352.5,353.5335,436,5,315.6925,353.5335,386.41333
load_26,2014-10-10 05:00:00,385.2,360.41382,436,6,320.04712,360.41382,391.42072
load_26,2014-10-10 06:00:00,400.5,375.1338,436,7,332.95398,375.1338,408.90753
load_26,2014-10-10 07:00:00,459.3,394.18152,436,8,348.76697,394.18152,437.02917
load_26,2014-10-10 08:00:00,873.3,498.4804,436,9,437.489,498.4804,570.98456
load_26,2014-10-10 09:00:00,1396.2,892.0896,436,10,779.6953,892.0896,985.0123
load_26,2014-10-10 10:00:00,1966.5,1675.8174,436,11,1544.0156,1675.8174,1809.7521
load_26,2014-10-10 11:00:00,2443.5,2268.766,436,12,2150.3938,2268.766,2346.8638
load_26,2014-10-10 12:00:00,2505.3,2308.4756,436,13,2199.8499,2308.4756,2390.79
load_26,2014-10-10 13:00:00,2525.4,2315.901,436,14,2196.389,2315.901,2399.2783
load_26,2014-10-10 14:00:00,2473.8,2346.3901,436,15,2240.7017,2346.3901,2426.2427
load_26,2014-10-10 15:00:00,2458.2,2326.3914,436,16,2230.9177,2326.3914,2414.6465
load_26,2014-10-10 16:00:00,2480.7,2333.3208,436,17,2220.7131,2333.3208,2410.4663
load_26,2014-10-10 17:00:00,2467.2,2314.5693,436,18,2212.7773,2314.5693,2402.8716
load_26,2014-10-10 18:00:00,2412.3,2295.964,436,19,2190.0864,2295.964,2399.59
load_26,2014-10-10 19:00:00,2334.0,2271.3582,436,20,2146.5376,2271.3582,2365.3867
load_26,2014-10-10 20:00:00,2270.4,1938.9473,436,21,1784.783,1938.9473,2086.2712
load_26,2014-10-10 21:00:00,1281.0,943.8956,436,22,829.52734,943.8956,1061.1335
load_26,2014-10-10 22:00:00,719.1,693.08856,436,23,611.6714,693.08856,808.17804
load_26,2014-10-10 23:00:00,477.6,469.06427,436,24,411.627,469.06427,533.5277
load_26,2014-10-13 00:00:00,399.3,412.34045,437,1,359.7187,412.34045,464.9605
load_26,2014-10-13 01:00:00,415.2,389.34564,437,2,341.7428,389.34564,444.2082
load_26,2014-10-13 02:00:00,362.1,386.3565,437,3,336.4286,386.3565,424.09656
load_26,2014-10-13 03:00:00,343.8,369.60083,437,4,325.6908,369.60083,413.9665
load_26,2014-10-13 04:00:00,353.7,376.8332,437,5,331.07782,376.8332,426.22046
load_26,2014-10-13 05:00:00,374.4,383.69763,437,6,336.73877,383.69763,430.66772
load_26,2014-10-13 06:00:00,395.4,408.39978,437,7,359.31793,408.39978,468.17108
load_26,2014-10-13 07:00:00,431.7,455.98663,437,8,387.57178,455.98663,515.7317
load_26,2014-10-13 08:00:00,518.4,623.3755,437,9,515.44727,623.3755,750.6871
load_26,2014-10-13 09:00:00,873.9,1085.3372,437,10,915.77185,1085.3372,1258.5679
load_26,2014-10-13 10:00:00,1968.6,1771.9507,437,11,1600.6451,1771.9507,1958.8177
load_26,2014-10-13 11:00:00,2331.9,2349.0435,437,12,2199.9138,2349.0435,2460.6226
load_26,2014-10-13 12:00:00,2348.7,2392.0842,437,13,2254.6965,2392.0842,2509.1406
load_26,2014-10-13 13:00:00,2375.1,2399.1765,437,14,2244.975,2399.1765,2514.0344
load_26,2014-10-13 14:00:00,2344.2,2415.4092,437,15,2282.248,2415.4092,2522.5576
load_26,2014-10-13 15:00:00,2345.4,2394.2578,437,16,2272.6252,2394.2578,2512.3179
load_26,2014-10-13 16:00:00,2341.8,2408.279,437,17,2262.771,2408.279,2518.7412
load_26,2014-10-13 17:00:00,2387.1,2380.8765,437,18,2249.9395,2380.8765,2501.0945
load_26,2014-10-13 18:00:00,2386.5,2355.3267,437,19,2220.2725,2355.3267,2492.7183
load_26,2014-10-13 19:00:00,2387.7,2328.6257,437,20,2153.5256,2328.6257,2463.8335
load_26,2014-10-13 20:00:00,2010.9,2073.5786,437,21,1823.3134,2073.5786,2246.0002
load_26,2014-10-13 21:00:00,948.3,1046.1819,437,22,865.11316,1046.1819,1241.3098
load_26,2014-10-13 22:00:00,721.5,726.37024,437,23,608.4042,726.37024,895.69867
load_26,2014-10-13 23:00:00,462.3,493.8698,437,24,417.69965,493.8698,581.25336
load_26,2014-10-14 00:00:00,406.8,388.53107,438,1,340.2859,388.53107,435.71454
load_26,2014-10-14 01:00:00,415.2,367.65796,438,2,323.43817,367.65796,415.98608
load_26,2014-10-14 02:00:00,352.5,365.10925,438,3,318.75146,365.10925,397.6422
load_26,2014-10-14 03:00:00,333.6,348.7965,438,4,307.72546,348.7965,384.8427
load_26,2014-10-14 04:00:00,335.4,354.18884,438,5,313.44354,354.18884,391.48938
load_26,2014-10-14 05:00:00,363.0,361.30225,438,6,318.19525,361.30225,396.94305
load_26,2014-10-14 06:00:00,368.1,378.01117,438,7,332.8089,378.01117,419.6408
load_26,2014-10-14 07:00:00,393.6,397.9577,438,8,351.7539,397.9577,452.15387
load_26,2014-10-14 08:00:00,485.4,516.28937,438,9,442.5713,516.28937,622.7582
load_26,2014-10-14 09:00:00,892.5,919.1703,438,10,773.7209,919.1703,1066.2805
load_26,2014-10-14 10:00:00,1945.5,1729.7896,438,11,1565.8165,1729.7896,1899.6439
load_26,2014-10-14 11:00:00,2250.9,2293.9224,438,12,2160.9329,2293.9224,2388.867
load_26,2014-10-14 12:00:00,2274.3,2328.372,438,13,2207.691,2328.372,2426.4656
load_26,2014-10-14 13:00:00,2265.6,2333.5415,438,14,2205.507,2333.5415,2430.189
load_26,2014-10-14 14:00:00,2227.2,2352.0605,438,15,2238.3618,2352.0605,2445.0625
load_26,2014-10-14 15:00:00,2223.6,2333.044,438,16,2227.3708,2333.044,2434.875
load_26,2014-10-14 16:00:00,2236.5,2353.732,438,17,2224.5322,2353.732,2444.8677
load_26,2014-10-14 17:00:00,2286.9,2335.2368,438,18,2220.3245,2335.2368,2435.9277
load_26,2014-10-14 18:00:00,2277.9,2310.6013,438,19,2189.2622,2310.6013,2430.059
load_26,2014-10-14 19:00:00,2276.1,2285.187,438,20,2135.2644,2285.187,2395.3162
load_26,2014-10-14 20:00:00,1916.1,2029.6724,438,21,1828.1572,2029.6724,2180.263
load_26,2014-10-14 21:00:00,912.3,981.4524,438,22,835.5541,981.4524,1134.5215
load_26,2014-10-14 22:00:00,684.3,682.73865,438,23,584.66125,682.73865,826.47754
load_26,2014-10-14 23:00:00,438.9,456.8753,438,24,397.2563,456.8753,535.9685
load_26,2014-10-15 00:00:00,366.6,382.36334,439,1,336.89526,382.36334,427.55627
load_26,2014-10-15 01:00:00,362.7,361.32434,439,2,320.47363,361.32434,406.34796
load_26,2014-10-15 02:00:00,336.9,360.33698,439,3,317.55518,360.33698,388.8332
load_26,2014-10-15 03:00:00,317.1,342.88696,439,4,304.91638,342.88696,375.93066
load_26,2014-10-15 04:00:00,320.7,346.77032,439,5,309.15692,346.77032,379.07373
load_26,2014-10-15 05:00:00,356.1,357.21295,439,6,316.91748,357.21295,389.65228
load_26,2014-10-15 06:00:00,365.4,371.4723,439,7,329.60693,371.4723,406.96832
load_26,2014-10-15 07:00:00,407.1,385.63068,439,8,343.36157,385.63068,432.39948
load_26,2014-10-15 08:00:00,773.1,481.78595,439,9,420.6574,481.78595,565.575
load_26,2014-10-15 09:00:00,860.7,890.6848,439,10,762.87744,890.6848,1014.25586
load_26,2014-10-15 10:00:00,1662.3,1692.0457,439,11,1550.9965,1692.0457,1841.7875
load_26,2014-10-15 11:00:00,2231.4,2253.1118,439,12,2132.8994,2253.1118,2339.7612
load_26,2014-10-15 12:00:00,2260.5,2277.3064,439,13,2166.6255,2277.3064,2367.202
load_26,2014-10-15 13:00:00,2259.9,2281.4854,439,14,2162.873,2281.4854,2372.639
load_26,2014-10-15 14:00:00,2241.9,2291.0212,439,15,2189.7485,2291.0212,2384.6257
load_26,2014-10-15 15:00:00,2239.2,2280.676,439,16,2181.263,2280.676,2376.0186
load_26,2014-10-15 16:00:00,2256.6,2306.1345,439,17,2195.2336,2306.1345,2392.1282
load_26,2014-10-15 17:00:00,2288.4,2296.3958,439,18,2194.6606,2296.3958,2391.105
load_26,2014-10-15 18:00:00,2283.0,2275.6724,439,19,2167.803,2275.6724,2387.7632
load_26,2014-10-15 19:00:00,2269.2,2261.029,439,20,2139.6836,2261.029,2363.4126
load_26,2014-10-15 20:00:00,1951.5,1958.8727,439,21,1797.6604,1958.8727,2106.694
load_26,2014-10-15 21:00:00,946.2,939.1044,439,22,819.9246,939.1044,1068.1733
load_26,2014-10-15 22:00:00,697.8,677.16974,439,23,595.15247,677.16974,800.5933
load_26,2014-10-15 23:00:00,468.6,462.16095,439,24,405.0797,462.16095,532.46594
load_26,2014-10-16 00:00:00,413.7,376.18225,440,1,326.10846,376.18225,426.12506
load_26,2014-10-16 01:00:00,420.6,357.7519,440,2,312.41492,357.7519,407.22192
load_26,2014-10-16 02:00:00,367.2,349.5393,440,3,302.12775,349.5393,383.32574
load_26,2014-10-16 03:00:00,334.5,333.4209,440,4,289.69623,333.4209,371.72595
load_26,2014-10-16 04:00:00,331.5,338.56,440,5,296.22382,338.56,379.79468
load_26,2014-10-16 05:00:00,355.8,352.489,440,6,308.4209,352.489,393.25806
load_26,2014-10-16 06:00:00,363.0,370.5113,440,7,323.3075,370.5113,418.22235
load_26,2014-10-16 07:00:00,419.7,402.61273,440,8,346.62372,402.61273,458.11798
load_26,2014-10-16 08:00:00,523.2,586.61743,440,9,490.07703,586.61743,690.8644
load_26,2014-10-16 09:00:00,869.4,941.0393,440,10,800.4637,941.0393,1075.8351
load_26,2014-10-16 10:00:00,1502.4,1744.592,440,11,1593.8206,1744.592,1898.8231
load_26,2014-10-16 11:00:00,2236.8,2252.3687,440,12,2128.231,2252.3687,2346.3047
load_26,2014-10-16 12:00:00,2272.8,2279.3398,440,13,2166.5554,2279.3398,2376.5288
load_26,2014-10-16 13:00:00,2282.7,2284.1392,440,14,2170.8545,2284.1392,2381.456
load_26,2014-10-16 14:00:00,2246.1,2268.7234,440,15,2172.2593,2268.7234,2378.6614
load_26,2014-10-16 15:00:00,2244.9,2265.9565,440,16,2165.1719,2265.9565,2366.2632
load_26,2014-10-16 16:00:00,2265.0,2303.1304,440,17,2184.9258,2303.1304,2394.227
load_26,2014-10-16 17:00:00,2288.7,2288.901,440,18,2181.1765,2288.901,2390.5933
load_26,2014-10-16 18:00:00,2295.3,2270.8354,440,19,2155.4956,2270.8354,2390.4
load_26,2014-10-16 19:00:00,2277.3,2249.0686,440,20,2111.524,2249.0686,2363.691
load_26,2014-10-16 20:00:00,1934.1,1995.2522,440,21,1814.2535,1995.2522,2137.653
load_26,2014-10-16 21:00:00,1166.4,961.7021,440,22,831.2157,961.7021,1098.8353
load_26,2014-10-16 22:00:00,669.9,682.89594,440,23,594.4399,682.89594,814.40485
load_26,2014-10-16 23:00:00,432.6,458.0268,440,24,393.03442,458.0268,533.418
load_26,2014-10-17 00:00:00,399.0,384.49554,441,1,333.79236,384.49554,434.29987
load_26,2014-10-17 01:00:00,414.6,364.22974,441,2,317.88293,364.22974,416.63788
load_26,2014-10-17 02:00:00,382.8,361.65442,441,3,313.22247,361.65442,397.14667
load_26,2014-10-17 03:00:00,360.0,341.28595,441,4,296.6695,341.28595,381.00336
load_26,2014-10-17 04:00:00,384.0,351.02948,441,5,308.16083,351.02948,392.4629
load_26,2014-10-17 05:00:00,367.5,363.0465,441,6,317.7403,363.0465,404.71692
load_26,2014-10-17 06:00:00,356.7,374.81134,441,7,327.16052,374.81134,422.74475
load_26,2014-10-17 07:00:00,402.9,403.26062,441,8,347.38177,403.26062,459.33112
load_26,2014-10-17 08:00:00,495.9,575.8039,441,9,476.86407,575.8039,687.03845
load_26,2014-10-17 09:00:00,857.1,916.9961,441,10,771.41595,916.9961,1071.1005
load_26,2014-10-17 10:00:00,1616.7,1660.9717,441,11,1506.3491,1660.9717,1835.0222
load_26,2014-10-17 11:00:00,2253.0,2243.4717,441,12,2117.76,2243.4717,2337.4673
load_26,2014-10-17 12:00:00,2254.2,2270.371,441,13,2160.9553,2270.371,2366.6284
load_26,2014-10-17 13:00:00,2268.3,2273.8542,441,14,2160.1423,2273.8542,2368.5332
load_26,2014-10-17 14:00:00,2299.2,2266.804,441,15,2165.8713,2266.804,2369.6172
load_26,2014-10-17 15:00:00,2296.5,2263.422,441,16,2162.302,2263.422,2362.526
load_26,2014-10-17 16:00:00,2297.4,2300.6235,441,17,2184.7202,2300.6235,2393.3618
load_26,2014-10-17 17:00:00,2325.0,2285.9626,441,18,2177.1006,2285.9626,2388.6616
load_26,2014-10-17 18:00:00,2345.4,2269.416,441,19,2154.0757,2269.416,2388.8076
load_26,2014-10-17 19:00:00,2335.2,2262.0776,441,20,2135.384,2262.0776,2375.5767
load_26,2014-10-17 20:00:00,2267.7,2005.6484,441,21,1819.7249,2005.6484,2148.4177
load_26,2014-10-17 21:00:00,1254.6,1026.1705,441,22,873.93665,1026.1705,1181.0149
load_26,2014-10-17 22:00:00,894.3,683.44104,441,23,583.1276,683.44104,826.4851
load_26,2014-10-17 23:00:00,807.3,472.7198,441,24,403.61224,472.7198,551.8289
load_26,2014-10-20 00:00:00,399.6,591.54333,442,1,496.2121,591.54333,748.9855
load_26,2014-10-20 01:00:00,420.3,548.46106,442,2,426.0645,548.46106,742.2533
load_26,2014-10-20 02:00:00,384.9,484.40326,442,3,368.21234,484.40326,679.2628
load_26,2014-10-20 03:00:00,368.7,441.82483,442,4,323.30383,441.82483,626.98315
load_26,2014-10-20 04:00:00,371.4,444.85095,442,5,323.19116,444.85095,644.9646
load_26,2014-10-20 05:00:00,381.9,462.55444,442,6,333.71436,462.55444,683.51215
load_26,2014-10-20 06:00:00,370.2,479.7735,442,7,340.13257,479.7735,722.1236
load_26,2014-10-20 07:00:00,407.7,524.8998,442,8,373.45428,524.8998,790.86597
load_26,2014-10-20 08:00:00,517.2,710.20416,442,9,519.4591,710.20416,1025.4194
load_26,2014-10-20 09:00:00,847.8,1060.8658,442,10,837.28784,1060.8658,1381.3353
load_26,2014-10-20 10:00:00,1791.0,1855.4489,442,11,1619.7859,1855.4489,2171.2268
load_26,2014-10-20 11:00:00,2247.6,2316.8337,442,12,2122.7583,2316.8337,2554.5015
load_26,2014-10-20 12:00:00,2282.1,2344.9868,442,13,2160.065,2344.9868,2582.5532
load_26,2014-10-20 13:00:00,2288.4,2352.3096,442,14,2157.939,2352.3096,2585.7585
load_26,2014-10-20 14:00:00,2269.8,2357.3125,442,15,2178.7795,2357.3125,2587.182
load_26,2014-10-20 15:00:00,2283.6,2345.73,442,16,2179.769,2345.73,2584.277
load_26,2014-10-20 16:00:00,2287.2,2376.396,442,17,2217.6553,2376.396,2594.0874
load_26,2014-10-20 17:00:00,2326.5,2360.496,442,18,2203.452,2360.496,2585.4785
load_26,2014-10-20 18:00:00,2415.9,2343.426,442,19,2181.2632,2343.426,2587.0427
load_26,2014-10-20 19:00:00,2352.6,2331.4055,442,20,2161.1482,2331.4055,2588.9956
load_26,2014-10-20 20:00:00,1985.4,2186.3748,442,21,1916.542,2186.3748,2482.2197
load_26,2014-10-20 21:00:00,1217.7,1204.9316,442,22,961.09204,1204.9316,1587.8462
load_26,2014-10-20 22:00:00,999.9,838.0636,442,23,644.09515,838.0636,1214.3699
load_26,2014-10-20 23:00:00,717.3,617.2482,442,24,459.22205,617.2482,988.48096
load_26,2014-10-21 00:00:00,481.2,470.8518,443,1,392.18884,470.8518,544.9334
load_26,2014-10-21 01:00:00,473.1,430.32666,443,2,357.10583,430.32666,509.6092
load_26,2014-10-21 02:00:00,409.2,400.00323,443,3,329.39484,400.00323,465.93073
load_26,2014-10-21 03:00:00,387.6,373.30914,443,4,308.22742,373.30914,448.10767
load_26,2014-10-21 04:00:00,396.3,377.89288,443,5,313.10522,377.89288,451.00958
load_26,2014-10-21 05:00:00,420.0,388.24292,443,6,323.43195,388.24292,461.12006
load_26,2014-10-21 06:00:00,423.9,395.80994,443,7,327.6986,395.80994,476.10565
load_26,2014-10-21 07:00:00,435.9,438.2724,443,8,358.85297,438.2724,521.7369
load_26,2014-10-21 08:00:00,554.7,599.0482,443,9,491.4668,599.0482,728.66473
load_26,2014-10-21 09:00:00,910.5,917.81396,443,10,776.70496,917.81396,1078.1842
load_26,2014-10-21 10:00:00,1695.0,1779.509,443,11,1607.324,1779.509,1960.4572
load_26,2014-10-21 11:00:00,2240.1,2242.821,443,12,2093.2017,2242.821,2364.9106
load_26,2014-10-21 12:00:00,2259.0,2271.6482,443,13,2132.3127,2271.6482,2394.8381
load_26,2014-10-21 13:00:00,2297.7,2278.8289,443,14,2133.5215,2278.8289,2403.2773
load_26,2014-10-21 14:00:00,2302.8,2269.3123,443,15,2144.0642,2269.3123,2405.9
load_26,2014-10-21 15:00:00,2259.9,2267.0693,443,16,2138.9534,2267.0693,2391.6016
load_26,2014-10-21 16:00:00,2263.8,2301.0178,443,17,2160.6853,2301.0178,2427.3755
load_26,2014-10-21 17:00:00,2274.3,2291.0508,443,18,2157.2698,2291.0508,2427.429
load_26,2014-10-21 18:00:00,2286.0,2279.188,443,19,2140.0671,2279.188,2431.3965
load_26,2014-10-21 19:00:00,2277.3,2266.336,443,20,2111.4749,2266.336,2418.2095
load_26,2014-10-21 20:00:00,1909.8,2065.8757,443,21,1850.887,2065.8757,2247.0388
load_26,2014-10-21 21:00:00,1016.7,1137.1045,443,22,943.0989,1137.1045,1361.42
load_26,2014-10-21 22:00:00,709.2,815.9772,443,23,660.7789,815.9772,1034.7897
load_26,2014-10-21 23:00:00,429.6,590.7848,443,24,475.22845,590.7848,781.6358
load_26,2014-10-22 00:00:00,374.7,391.58746,444,1,334.6067,391.58746,449.92023
load_26,2014-10-22 01:00:00,409.5,370.46222,444,2,317.91052,370.46222,429.1452
load_26,2014-10-22 02:00:00,359.1,365.2032,444,3,309.6684,365.2032,408.22876
load_26,2014-10-22 03:00:00,339.9,344.4361,444,4,292.5147,344.4361,391.20837
load_26,2014-10-22 04:00:00,343.5,351.78656,444,5,302.09705,351.78656,396.65808
load_26,2014-10-22 05:00:00,363.0,364.47217,444,6,313.60596,364.47217,409.84918
load_26,2014-10-22 06:00:00,365.4,375.46216,444,7,321.90967,375.46216,422.8366
load_26,2014-10-22 07:00:00,409.8,401.7812,444,8,342.76245,401.7812,452.52838
load_26,2014-10-22 08:00:00,502.5,518.8217,444,9,443.47052,518.8217,596.1542
load_26,2014-10-22 09:00:00,870.6,855.9446,444,10,748.91,855.9446,961.15234
load_26,2014-10-22 10:00:00,1622.1,1705.5964,444,11,1564.2539,1705.5964,1840.822
load_26,2014-10-22 11:00:00,2241.3,2224.627,444,12,2112.1868,2224.627,2299.4814
load_26,2014-10-22 12:00:00,2251.8,2249.445,444,13,2149.3843,2249.445,2327.0532
load_26,2014-10-22 13:00:00,2242.5,2253.0051,444,14,2150.1138,2253.0051,2331.0576
load_26,2014-10-22 14:00:00,2226.0,2245.1501,444,15,2155.338,2245.1501,2332.7422
load_26,2014-10-22 15:00:00,2246.1,2233.0159,444,16,2141.879,2233.0159,2314.8838
load_26,2014-10-22 16:00:00,2228.4,2264.8945,444,17,2156.2026,2264.8945,2347.0857
load_26,2014-10-22 17:00:00,2261.4,2255.4604,444,18,2153.851,2255.4604,2346.3599
load_26,2014-10-22 18:00:00,2283.0,2245.7495,444,19,2138.9624,2245.7495,2351.4514
load_26,2014-10-22 19:00:00,2272.8,2236.892,444,20,2114.3457,2236.892,2340.2344
load_26,2014-10-22 20:00:00,1920.9,1936.7675,444,21,1754.3588,1936.7675,2087.9824
load_26,2014-10-22 21:00:00,983.4,1004.84546,444,22,859.6605,1004.84546,1160.6323
load_26,2014-10-22 22:00:00,858.0,724.9032,444,23,611.2414,724.9032,875.88684
load_26,2014-10-22 23:00:00,605.7,510.19617,444,24,429.34717,510.19617,610.7434
load_26,2014-10-23 00:00:00,533.7,406.95428,445,1,349.46375,406.95428,466.59613
load_26,2014-10-23 01:00:00,475.2,382.65576,445,2,329.19202,382.65576,445.74756
load_26,2014-10-23 02:00:00,333.9,371.3969,445,3,316.3515,371.3969,414.7896
load_26,2014-10-23 03:00:00,316.2,348.84607,445,4,297.6203,348.84607,398.62988
load_26,2014-10-23 04:00:00,310.2,359.68103,445,5,312.36353,359.68103,406.96753
load_26,2014-10-23 05:00:00,346.8,367.0879,445,6,317.59204,367.0879,413.8626
load_26,2014-10-23 06:00:00,351.0,375.75385,445,7,323.65033,375.75385,424.06366
load_26,2014-10-23 07:00:00,377.1,396.7365,445,8,340.54333,396.7365,449.47833
load_26,2014-10-23 08:00:00,515.1,544.5234,445,9,473.59747,544.5234,626.0638
load_26,2014-10-23 09:00:00,847.8,867.3965,445,10,771.4975,867.3965,965.2434
load_26,2014-10-23 10:00:00,1750.2,1662.9365,445,11,1549.2104,1662.9365,1782.392
load_26,2014-10-23 11:00:00,2214.9,2223.6648,445,12,2134.8682,2223.6648,2284.6267
load_26,2014-10-23 12:00:00,2242.2,2250.7305,445,13,2174.126,2250.7305,2312.7085
load_26,2014-10-23 13:00:00,2240.4,2254.2012,445,14,2180.215,2254.2012,2316.9773
load_26,2014-10-23 14:00:00,2248.2,2259.5444,445,15,2185.1577,2259.5444,2326.523
load_26,2014-10-23 15:00:00,2224.8,2248.924,445,16,2174.8904,2248.924,2314.7842
load_26,2014-10-23 16:00:00,2260.8,2274.0784,445,17,2177.7742,2274.0784,2345.5234
load_26,2014-10-23 17:00:00,2270.7,2265.1133,445,18,2179.0354,2265.1133,2344.4336
load_26,2014-10-23 18:00:00,2292.0,2260.505,445,19,2170.282,2260.505,2351.106
load_26,2014-10-23 19:00:00,2268.9,2244.433,445,20,2153.9658,2244.433,2334.7695
load_26,2014-10-23 20:00:00,1920.3,2018.5692,445,21,1865.8673,2018.5692,2140.6992
load_26,2014-10-23 21:00:00,1158.0,1065.4698,445,22,920.1477,1065.4698,1226.6746
load_26,2014-10-23 22:00:00,679.5,780.9943,445,23,666.2266,780.9943,939.7596
load_26,2014-10-23 23:00:00,427.5,545.08636,445,24,458.79974,545.08636,674.97705
load_26,2014-10-24 00:00:00,369.9,407.2395,446,1,355.95502,407.2395,462.7556
load_26,2014-10-24 01:00:00,369.3,379.9461,446,2,330.28247,379.9461,435.73956
load_26,2014-10-24 02:00:00,339.3,371.59875,446,3,319.33777,371.59875,410.08002
load_26,2014-10-24 03:00:00,324.0,346.28455,446,4,296.70844,346.28455,389.72394
load_26,2014-10-24 04:00:00,324.3,355.52655,446,5,310.48926,355.52655,394.9879
load_26,2014-10-24 05:00:00,315.0,361.9167,446,6,314.66064,361.9167,401.25696
load_26,2014-10-24 06:00:00,322.2,371.76392,446,7,321.81995,371.76392,410.2823
load_26,2014-10-24 07:00:00,395.7,395.3141,446,8,339.8839,395.3141,437.77808
load_26,2014-10-24 08:00:00,507.3,514.44135,446,9,452.3,514.44135,575.85364
load_26,2014-10-24 09:00:00,867.9,849.4923,446,10,768.39215,849.4923,931.3728
load_26,2014-10-24 10:00:00,1709.4,1647.8438,446,11,1547.4211,1647.8438,1751.3785
load_26,2014-10-24 11:00:00,2256.0,2232.9346,446,12,2150.543,2232.9346,2287.9263
load_26,2014-10-24 12:00:00,2300.1,2258.3188,446,13,2187.5935,2258.3188,2316.0747
load_26,2014-10-24 13:00:00,2314.2,2257.0852,446,14,2186.858,2257.0852,2315.4346
load_26,2014-10-24 14:00:00,2293.2,2263.0078,446,15,2193.9365,2263.0078,2329.0645
load_26,2014-10-24 15:00:00,2273.4,2253.7234,446,16,2184.6348,2253.7234,2317.2588
load_26,2014-10-24 16:00:00,2266.8,2274.6987,446,17,2181.1958,2274.6987,2342.6753
load_26,2014-10-24 17:00:00,2292.3,2265.4634,446,18,2180.4478,2265.4634,2342.7285
load_26,2014-10-24 18:00:00,2305.8,2264.5088,446,19,2176.334,2264.5088,2351.5938
load_26,2014-10-24 19:00:00,2299.5,2251.149,446,20,2161.0012,2251.149,2338.2485
load_26,2014-10-24 20:00:00,2229.0,1999.2637,446,21,1843.1733,1999.2637,2123.086
load_26,2014-10-24 21:00:00,1218.3,1091.137,446,22,945.91943,1091.137,1244.267
load_26,2014-10-24 22:00:00,728.1,786.11755,446,23,673.4538,786.11755,939.0559
load_26,2014-10-24 23:00:00,486.6,575.8201,446,24,492.21655,575.8201,704.8562
load_26,2014-10-27 00:00:00,393.9,399.28033,447,1,346.55798,399.28033,456.6795
load_26,2014-10-27 01:00:00,394.2,366.40546,447,2,313.04456,366.40546,424.95764
load_26,2014-10-27 02:00:00,348.6,349.5694,447,3,293.06738,349.5694,390.5946
load_26,2014-10-27 03:00:00,324.3,321.0161,447,4,267.45667,321.0161,366.6057
load_26,2014-10-27 04:00:00,323.1,327.898,447,5,278.36493,327.898,372.35834
load_26,2014-10-27 05:00:00,354.0,334.07373,447,6,283.46735,334.07373,375.70135
load_26,2014-10-27 06:00:00,352.2,346.30853,447,7,292.8963,346.30853,388.30188
load_26,2014-10-27 07:00:00,383.1,375.1338,447,8,314.6748,375.1338,420.0144
load_26,2014-10-27 08:00:00,488.7,497.07507,447,9,429.61578,497.07507,559.689
load_26,2014-10-27 09:00:00,833.1,845.4524,447,10,764.1187,845.4524,924.3715
load_26,2014-10-27 10:00:00,1578.9,1662.4863,447,11,1554.1333,1662.4863,1763.0884
load_26,2014-10-27 11:00:00,2227.5,2218.5718,447,12,2126.8145,2218.5718,2278.536
load_26,2014-10-27 12:00:00,2238.3,2249.5264,447,13,2166.3174,2249.5264,2314.3386
load_26,2014-10-27 13:00:00,2230.8,2252.0613,447,14,2171.4473,2252.0613,2317.223
load_26,2014-10-27 14:00:00,2211.3,2262.383,447,15,2183.8164,2262.383,2330.09
load_26,2014-10-27 15:00:00,2189.7,2247.2002,447,16,2170.9436,2247.2002,2316.2173
load_26,2014-10-27 16:00:00,2205.0,2271.2925,447,17,2166.659,2271.2925,2345.8638
load_26,2014-10-27 17:00:00,2227.5,2261.311,447,18,2164.1274,2261.311,2344.6582
load_26,2014-10-27 18:00:00,2250.9,2253.101,447,19,2151.038,2253.101,2347.79
load_26,2014-10-27 19:00:00,2246.4,2243.2888,447,20,2122.12,2243.2888,2338.4321
load_26,2014-10-27 20:00:00,1873.5,2033.1323,447,21,1840.2731,2033.1323,2156.7808
load_26,2014-10-27 21:00:00,869.7,1118.7393,447,22,954.37585,1118.7393,1278.4452
load_26,2014-10-27 22:00:00,676.8,737.5652,447,23,624.04724,737.5652,886.0724
load_26,2014-10-27 23:00:00,448.5,519.16815,447,24,437.4859,519.16815,627.30493
load_26,2014-10-28 00:00:00,378.9,377.10254,448,1,321.375,377.10254,431.84332
load_26,2014-10-28 01:00:00,373.5,351.56635,448,2,301.54565,351.56635,407.0213
load_26,2014-10-28 02:00:00,333.9,345.11786,448,3,293.0216,345.11786,382.95374
load_26,2014-10-28 03:00:00,315.3,321.4859,448,4,272.54126,321.4859,364.9499
load_26,2014-10-28 04:00:00,317.1,329.40863,448,5,284.03937,329.40863,369.62292
load_26,2014-10-28 05:00:00,343.8,336.7813,448,6,289.9947,336.7813,375.6822
load_26,2014-10-28 06:00:00,343.8,346.27374,448,7,297.36072,346.27374,382.36267
load_26,2014-10-28 07:00:00,395.4,364.9348,448,8,314.05182,364.9348,408.1272
load_26,2014-10-28 08:00:00,484.8,472.2771,448,9,408.71167,472.2771,525.1639
load_26,2014-10-28 09:00:00,858.0,815.04065,448,10,731.75635,815.04065,897.4442
load_26,2014-10-28 10:00:00,1676.7,1620.9572,448,11,1508.1812,1620.9572,1723.4657
load_26,2014-10-28 11:00:00,2272.5,2200.275,448,12,2100.2493,2200.275,2266.2192
load_26,2014-10-28 12:00:00,2275.8,2231.1094,448,13,2141.3037,2231.1094,2300.3594
load_26,2014-10-28 13:00:00,2263.5,2230.597,448,14,2138.7861,2230.597,2301.0444
load_26,2014-10-28 14:00:00,2252.7,2221.124,448,15,2140.719,2221.124,2305.127
load_26,2014-10-28 15:00:00,2254.8,2212.038,448,16,2127.4827,2212.038,2286.6348
load_26,2014-10-28 16:00:00,2243.7,2239.2166,448,17,2130.953,2239.2166,2319.226
load_26,2014-10-28 17:00:00,2275.5,2232.269,448,18,2129.985,2232.269,2321.1743
load_26,2014-10-28 18:00:00,2281.8,2224.1646,448,19,2116.455,2224.1646,2327.3796
load_26,2014-10-28 19:00:00,2287.2,2225.4958,448,20,2092.1804,2225.4958,2325.9868
load_26,2014-10-28 20:00:00,2002.5,1984.5305,448,21,1774.716,1984.5305,2121.5771
load_26,2014-10-28 21:00:00,887.7,1025.8938,448,22,870.96497,1025.8938,1190.0792
load_26,2014-10-28 22:00:00,668.4,727.9083,448,23,610.5417,727.9083,880.0277
load_26,2014-10-28 23:00:00,428.1,517.73773,448,24,436.13983,517.73773,624.54065
load_26,2014-10-29 00:00:00,364.5,371.59906,449,1,322.61188,371.59906,422.49652
load_26,2014-10-29 01:00:00,369.0,344.15222,449,2,300.3089,344.15222,393.76984
load_26,2014-10-29 02:00:00,330.9,336.74353,449,3,289.66364,336.74353,368.82404
load_26,2014-10-29 03:00:00,312.0,314.8009,449,4,270.00616,314.8009,352.58405
load_26,2014-10-29 04:00:00,313.8,324.8147,449,5,284.11072,324.8147,360.19812
load_26,2014-10-29 05:00:00,342.6,334.1908,449,6,292.29327,334.1908,369.7682
load_26,2014-10-29 06:00:00,332.4,348.57446,449,7,303.58832,348.57446,382.96173
load_26,2014-10-29 07:00:00,381.6,365.32684,449,8,316.7235,365.32684,403.39612
load_26,2014-10-29 08:00:00,486.6,479.18658,449,9,421.75592,479.18658,533.8813
load_26,2014-10-29 09:00:00,871.5,844.32,449,10,764.4364,844.32,911.6476
load_26,2014-10-29 10:00:00,1634.4,1656.1431,449,11,1562.8673,1656.1431,1738.8523
load_26,2014-10-29 11:00:00,2261.4,2214.879,449,12,2138.0667,2214.879,2268.1982
load_26,2014-10-29 12:00:00,2272.5,2243.273,449,13,2174.5015,2243.273,2300.0923
load_26,2014-10-29 13:00:00,2266.5,2241.3638,449,14,2173.6753,2241.3638,2299.1929
load_26,2014-10-29 14:00:00,2226.9,2239.3232,449,15,2175.8625,2239.3232,2305.684
load_26,2014-10-29 15:00:00,2215.2,2227.733,449,16,2159.9324,2227.733,2290.0303
load_26,2014-10-29 16:00:00,2212.8,2249.9817,449,17,2159.9478,2249.9817,2311.9858
load_26,2014-10-29 17:00:00,2231.7,2242.2605,449,18,2160.1106,2242.2605,2314.6394
load_26,2014-10-29 18:00:00,2252.1,2232.1995,449,19,2146.1514,2232.1995,2317.2861
load_26,2014-10-29 19:00:00,2253.3,2234.7603,449,20,2141.1458,2234.7603,2315.459
load_26,2014-10-29 20:00:00,1886.7,1979.259,449,21,1828.1389,1979.259,2089.6868
load_26,2014-10-29 21:00:00,911.7,988.4336,449,22,865.209,988.4336,1111.4803
load_26,2014-10-29 22:00:00,699.0,685.81726,449,23,601.34045,685.81726,803.75806
load_26,2014-10-29 23:00:00,443.4,471.41534,449,24,411.33435,471.41534,541.12006
load_26,2014-10-30 00:00:00,406.2,384.61542,450,1,337.48663,384.61542,433.01093
load_26,2014-10-30 01:00:00,398.1,357.51898,450,2,315.75616,357.51898,404.5196
load_26,2014-10-30 02:00:00,343.2,350.71332,450,3,306.64642,350.71332,380.55225
load_26,2014-10-30 03:00:00,332.7,328.57153,450,4,287.00165,328.57153,362.69116
load_26,2014-10-30 04:00:00,331.5,338.2975,450,5,301.18768,338.2975,370.09076
load_26,2014-10-30 05:00:00,341.7,346.00323,450,6,307.50134,346.00323,378.20154
load_26,2014-10-30 06:00:00,356.4,356.91656,450,7,315.48737,356.91656,385.06744
load_26,2014-10-30 07:00:00,403.8,380.89203,450,8,337.90076,380.89203,415.67755
load_26,2014-10-30 08:00:00,690.9,488.91266,450,9,441.331,488.91266,534.9557
load_26,2014-10-30 09:00:00,867.3,865.9738,450,10,794.8506,865.9738,925.25244
load_26,2014-10-30 10:00:00,1549.5,1661.8911,450,11,1571.7926,1661.8911,1740.1846
load_26,2014-10-30 11:00:00,2118.9,2226.7488,450,12,2154.2585,2226.7488,2280.0142
load_26,2014-10-30 12:00:00,2233.5,2255.2278,450,13,2191.7847,2255.2278,2309.8027
load_26,2014-10-30 13:00:00,2242.8,2251.2546,450,14,2190.5774,2251.2546,2305.7666
load_26,2014-10-30 14:00:00,2199.6,2241.7166,450,15,2180.3962,2241.7166,2305.2173
load_26,2014-10-30 15:00:00,2181.6,2227.5742,450,16,2163.941,2227.5742,2286.0112
load_26,2014-10-30 16:00:00,2200.5,2240.2898,450,17,2158.8071,2240.2898,2294.7905
load_26,2014-10-30 17:00:00,2224.5,2229.36,450,18,2157.9622,2229.36,2295.2651
load_26,2014-10-30 18:00:00,2235.0,2220.206,450,19,2144.2776,2220.206,2297.456
load_26,2014-10-30 19:00:00,2241.6,2227.6943,450,20,2149.924,2227.6943,2298.5203
load_26,2014-10-30 20:00:00,1954.2,1987.3711,450,21,1863.435,1987.3711,2086.9114
load_26,2014-10-30 21:00:00,1148.4,966.22723,450,22,864.37366,966.22723,1067.9907
load_26,2014-10-30 22:00:00,684.3,690.634,450,23,620.57214,690.634,793.3252
load_26,2014-10-30 23:00:00,436.8,475.78918,450,24,426.4618,475.78918,536.02466
load_26,2014-10-31 00:00:00,377.1,372.35693,451,1,328.43658,372.35693,418.26392
load_26,2014-10-31 01:00:00,369.9,346.65326,451,2,306.59796,346.65326,391.02686
load_26,2014-10-31 02:00:00,336.9,340.80194,451,3,298.31647,340.80194,368.6286
load_26,2014-10-31 03:00:00,328.2,319.02173,451,4,279.3208,319.02173,350.6183
load_26,2014-10-31 04:00:00,328.8,330.0381,451,5,293.08118,330.0381,360.86316
load_26,2014-10-31 05:00:00,352.5,338.22888,451,6,300.9065,338.22888,368.07104
load_26,2014-10-31 06:00:00,361.8,351.4178,451,7,311.50854,351.4178,381.8073
load_26,2014-10-31 07:00:00,400.8,383.76404,451,8,334.66486,383.76404,416.83484
load_26,2014-10-31 08:00:00,509.4,508.83948,451,9,456.45514,508.83948,569.1308
load_26,2014-10-31 09:00:00,864.3,850.03033,451,10,764.2455,850.03033,913.9783
load_26,2014-10-31 10:00:00,1614.0,1618.323,451,11,1521.4354,1618.323,1707.2919
load_26,2014-10-31 11:00:00,2280.6,2194.7322,451,12,2108.6626,2194.7322,2248.165
load_26,2014-10-31 12:00:00,2285.4,2226.71,451,13,2147.1912,2226.71,2284.3713
load_26,2014-10-31 13:00:00,2279.4,2228.6506,451,14,2147.157,2228.6506,2289.4014
load_26,2014-10-31 14:00:00,2265.3,2217.4414,451,15,2145.4756,2217.4414,2283.8862
load_26,2014-10-31 15:00:00,2245.8,2204.776,451,16,2129.7014,2204.776,2267.4387
load_26,2014-10-31 16:00:00,2254.8,2227.41,451,17,2135.2183,2227.41,2287.9788
load_26,2014-10-31 17:00:00,2271.0,2220.5469,451,18,2135.9683,2220.5469,2290.816
load_26,2014-10-31 18:00:00,2298.6,2215.8994,451,19,2126.7747,2215.8994,2297.8647
load_26,2014-10-31 19:00:00,2283.0,2220.582,451,20,2111.4268,2220.582,2299.8186
load_26,2014-10-31 20:00:00,2226.0,1973.999,451,21,1790.8362,1973.999,2085.0154
load_26,2014-10-31 21:00:00,1242.3,1020.2076,451,22,876.4291,1020.2076,1152.5765
load_26,2014-10-31 22:00:00,724.2,679.62305,451,23,585.23254,679.62305,803.2253
load_26,2014-10-31 23:00:00,478.5,464.45428,451,24,402.42004,464.45428,527.3414
load_26,2014-11-03 00:00:00,398.4,384.11377,452,1,333.89716,384.11377,431.60223
load_26,2014-11-03 01:00:00,369.0,357.90393,452,2,313.70288,357.90393,406.32068
load_26,2014-11-03 02:00:00,329.1,349.68994,452,3,303.73407,349.68994,380.74982
load_26,2014-11-03 03:00:00,309.6,329.58264,452,4,288.63373,329.58264,363.3222
load_26,2014-11-03 04:00:00,315.9,336.91284,452,5,296.64392,336.91284,373.02747
load_26,2014-11-03 05:00:00,344.7,343.318,452,6,302.64246,343.318,375.7071
load_26,2014-11-03 06:00:00,352.8,358.5982,452,7,314.8562,358.5982,395.36475
load_26,2014-11-03 07:00:00,409.2,387.26617,452,8,338.31848,387.26617,428.7517
load_26,2014-11-03 08:00:00,498.6,530.5656,452,9,468.29126,530.5656,605.4145
load_26,2014-11-03 09:00:00,870.9,867.75,452,10,767.21906,867.75,944.724
load_26,2014-11-03 10:00:00,1430.1,1616.5339,452,11,1499.5056,1616.5339,1728.8602
load_26,2014-11-03 11:00:00,2165.1,2205.1885,452,12,2097.3196,2205.1885,2271.4995
load_26,2014-11-03 12:00:00,2217.9,2236.7886,452,13,2135.7898,2236.7886,2308.5981
load_26,2014-11-03 13:00:00,2217.0,2233.1907,452,14,2128.4368,2233.1907,2307.0127
load_26,2014-11-03 14:00:00,2233.2,2230.593,452,15,2143.5078,2230.593,2304.8945
load_26,2014-11-03 15:00:00,2225.1,2220.493,452,16,2134.1025,2220.493,2293.9802
load_26,2014-11-03 16:00:00,2218.2,2248.3037,452,17,2130.6272,2248.3037,2323.6455
load_26,2014-11-03 17:00:00,2221.5,2234.93,452,18,2131.8015,2234.93,2319.7363
load_26,2014-11-03 18:00:00,2237.1,2224.1602,452,19,2111.6243,2224.1602,2322.6665
load_26,2014-11-03 19:00:00,2235.3,2222.999,452,20,2077.717,2222.999,2320.9033
load_26,2014-11-03 20:00:00,1887.6,2036.0295,452,21,1812.7358,2036.0295,2161.3257
load_26,2014-11-03 21:00:00,886.5,1035.1519,452,22,864.548,1035.1519,1200.2902
load_26,2014-11-03 22:00:00,668.7,676.31616,452,23,568.8573,676.31616,817.0393
load_26,2014-11-03 23:00:00,391.8,466.33008,452,24,398.05908,466.33008,534.2541
load_26,2014-11-04 00:00:00,358.5,363.09515,453,1,318.93707,363.09515,405.9516
load_26,2014-11-04 01:00:00,362.1,342.75134,453,2,303.07593,342.75134,385.17645
load_26,2014-11-04 02:00:00,331.2,341.8189,453,3,300.90845,341.8189,369.35486
load_26,2014-11-04 03:00:00,309.3,322.44666,453,4,284.2835,322.44666,353.75336
load_26,2014-11-04 04:00:00,314.7,332.75323,453,5,297.36438,332.75323,362.92932
load_26,2014-11-04 05:00:00,339.3,340.4569,453,6,303.74365,340.4569,369.90967
load_26,2014-11-04 06:00:00,320.4,351.91437,453,7,313.07635,351.91437,380.41736
load_26,2014-11-04 07:00:00,362.4,377.92944,453,8,334.23657,377.92944,412.21698
load_26,2014-11-04 08:00:00,477.9,492.63153,453,9,439.94257,492.63153,547.5369
load_26,2014-11-04 09:00:00,858.9,854.0848,453,10,766.17865,854.0848,915.02246
load_26,2014-11-04 10:00:00,1416.6,1563.8353,453,11,1464.075,1563.8353,1654.9711
load_26,2014-11-04 11:00:00,2210.4,2195.3025,453,12,2107.4321,2195.3025,2255.018
load_26,2014-11-04 12:00:00,2252.1,2224.5476,453,13,2145.4624,2224.5476,2286.3113
load_26,2014-11-04 13:00:00,2250.3,2219.1125,453,14,2139.9172,2219.1125,2282.4106
load_26,2014-11-04 14:00:00,2226.0,2209.8792,453,15,2139.9504,2209.8792,2284.145
load_26,2014-11-04 15:00:00,2197.2,2200.04,453,16,2125.2556,2200.04,2266.9993
load_26,2014-11-04 16:00:00,2205.6,2220.68,453,17,2128.5947,2220.68,2285.3167
load_26,2014-11-04 17:00:00,2227.5,2210.21,453,18,2123.199,2210.21,2284.076
load_26,2014-11-04 18:00:00,2251.8,2198.0754,453,19,2105.5056,2198.0754,2285.9597
load_26,2014-11-04 19:00:00,2228.1,2199.1772,453,20,2084.712,2199.1772,2280.832
load_26,2014-11-04 20:00:00,1885.8,1987.9148,453,21,1816.6777,1987.9148,2098.7302
load_26,2014-11-04 21:00:00,867.3,979.1067,453,22,845.2634,979.1067,1101.6489
load_26,2014-11-04 22:00:00,665.7,659.3684,453,23,575.36115,659.3684,771.76514
load_26,2014-11-04 23:00:00,433.5,443.46814,453,24,388.44055,443.46814,502.35205
load_26,2014-11-05 00:00:00,362.1,365.15607,454,1,319.96863,365.15607,408.03424
load_26,2014-11-05 01:00:00,371.1,344.75793,454,2,304.25372,344.75793,387.69202
load_26,2014-11-05 02:00:00,340.5,340.62585,454,3,298.71692,340.62585,367.93683
load_26,2014-11-05 03:00:00,324.9,322.38605,454,4,282.6543,322.38605,353.47015
load_26,2014-11-05 04:00:00,339.6,332.2234,454,5,295.72186,332.2234,362.91785
load_26,2014-11-05 05:00:00,339.6,340.53802,454,6,302.5818,340.53802,370.52637
load_26,2014-11-05 06:00:00,342.0,348.9546,454,7,308.4505,348.9546,379.5199
load_26,2014-11-05 07:00:00,397.8,375.87878,454,8,330.65393,375.87878,411.81976
load_26,2014-11-05 08:00:00,501.3,515.77966,454,9,462.909,515.77966,578.1537
load_26,2014-11-05 09:00:00,864.3,861.2433,454,10,777.13965,861.2433,923.5884
load_26,2014-11-05 10:00:00,1547.4,1516.4578,454,11,1421.0211,1516.4578,1613.4583
load_26,2014-11-05 11:00:00,2200.2,2178.456,454,12,2099.1094,2178.456,2230.8726
load_26,2014-11-05 12:00:00,2232.6,2213.1777,454,13,2145.351,2213.1777,2269.2854
load_26,2014-11-05 13:00:00,2239.2,2209.893,454,14,2142.7585,2209.893,2267.0483
load_26,2014-11-05 14:00:00,2304.0,2196.968,454,15,2133.391,2196.968,2263.137
load_26,2014-11-05 15:00:00,2178.3,2193.3179,454,16,2125.4138,2193.3179,2253.4812
load_26,2014-11-05 16:00:00,2205.9,2215.3083,454,17,2130.4424,2215.3083,2271.5178
load_26,2014-11-05 17:00:00,2233.8,2205.187,454,18,2128.8936,2205.187,2270.8628
load_26,2014-11-05 18:00:00,2264.4,2193.7854,454,19,2113.1768,2193.7854,2272.669
load_26,2014-11-05 19:00:00,2246.4,2195.9949,454,20,2105.7969,2195.9949,2270.297
load_26,2014-11-05 20:00:00,1902.3,1955.008,454,21,1804.1101,1955.008,2061.3428
load_26,2014-11-05 21:00:00,895.8,943.9332,454,22,823.90173,943.9332,1062.3184
load_26,2014-11-05 22:00:00,696.3,650.41956,454,23,572.9848,650.41956,760.72833
load_26,2014-11-05 23:00:00,449.1,436.10236,454,24,384.42145,436.10236,496.34595
load_26,2014-11-06 00:00:00,401.7,371.4804,455,1,327.09875,371.4804,414.8036
load_26,2014-11-06 01:00:00,384.9,355.25134,455,2,315.44183,355.25134,397.36993
load_26,2014-11-06 02:00:00,336.6,348.60565,455,3,307.47046,348.60565,376.3781
load_26,2014-11-06 03:00:00,327.3,331.16528,455,4,293.10394,331.16528,362.29077
load_26,2014-11-06 04:00:00,338.4,340.50574,455,5,305.403,340.50574,372.04987
load_26,2014-11-06 05:00:00,347.1,352.9082,455,6,316.4309,352.9082,383.10986
load_26,2014-11-06 06:00:00,342.9,360.02295,455,7,320.80634,360.02295,390.0951
load_26,2014-11-06 07:00:00,387.0,392.81207,455,8,345.84515,392.81207,426.1349
load_26,2014-11-06 08:00:00,492.9,509.1712,455,9,459.8153,509.1712,566.06506
load_26,2014-11-06 09:00:00,882.9,877.7449,455,10,797.90076,877.7449,935.05664
load_26,2014-11-06 10:00:00,1443.3,1519.9423,455,11,1419.2294,1519.9423,1616.2432
load_26,2014-11-06 11:00:00,2012.1,2192.1248,455,12,2108.1875,2192.1248,2246.19
load_26,2014-11-06 12:00:00,2261.1,2227.0762,455,13,2155.3716,2227.0762,2282.9702
load_26,2014-11-06 13:00:00,2245.5,2224.971,455,14,2156.1187,2224.971,2281.6108
load_26,2014-11-06 14:00:00,2236.8,2217.054,455,15,2149.6958,2217.054,2278.4707
load_26,2014-11-06 15:00:00,2226.9,2199.0393,455,16,2129.38,2199.0393,2259.0056
load_26,2014-11-06 16:00:00,2243.1,2215.7026,455,17,2129.593,2215.7026,2272.7915
load_26,2014-11-06 17:00:00,2250.0,2206.0264,455,18,2128.1628,2206.0264,2273.4233
load_26,2014-11-06 18:00:00,2255.1,2198.5095,455,19,2116.129,2198.5095,2278.417
load_26,2014-11-06 19:00:00,2257.2,2195.4578,455,20,2101.6628,2195.4578,2269.9763
load_26,2014-11-06 20:00:00,1935.6,1964.1821,455,21,1821.4446,1964.1821,2067.876
load_26,2014-11-06 21:00:00,980.1,952.9581,455,22,837.97107,952.9581,1063.3892
load_26,2014-11-06 22:00:00,677.1,661.02386,455,23,584.2329,661.02386,769.5867
load_26,2014-11-06 23:00:00,425.4,444.29822,455,24,391.41693,444.29822,502.815
load_26,2014-11-07 00:00:00,361.8,360.38745,456,1,316.01172,360.38745,403.17737
load_26,2014-11-07 01:00:00,367.5,342.28748,456,2,302.61304,342.28748,386.1955
load_26,2014-11-07 02:00:00,324.3,335.44452,456,3,293.92206,335.44452,362.59442
load_26,2014-11-07 03:00:00,312.3,318.62488,456,4,280.64282,318.62488,349.91656
load_26,2014-11-07 04:00:00,318.0,333.00085,456,5,297.25922,333.00085,364.51062
load_26,2014-11-07 05:00:00,340.8,341.06592,456,6,303.99542,341.06592,370.91974
load_26,2014-11-07 06:00:00,346.2,349.9478,456,7,310.56512,349.9478,381.0464
load_26,2014-11-07 07:00:00,388.8,379.56067,456,8,332.9574,379.56067,414.5645
load_26,2014-11-07 08:00:00,515.7,509.51178,456,9,454.6062,509.51178,575.66455
load_26,2014-11-07 09:00:00,893.4,863.84186,456,10,775.07227,863.84186,928.4994
load_26,2014-11-07 10:00:00,1503.6,1484.2885,456,11,1378.7366,1484.2885,1589.2502
load_26,2014-11-07 11:00:00,2261.4,2153.1418,456,12,2064.001,2153.1418,2204.734
load_26,2014-11-07 12:00:00,2352.3,2204.098,456,13,2130.1797,2204.098,2261.4666
load_26,2014-11-07 13:00:00,2362.5,2209.6929,456,14,2130.524,2209.6929,2266.6448
load_26,2014-11-07 14:00:00,2320.8,2218.5667,456,15,2143.2915,2218.5667,2272.7734
load_26,2014-11-07 15:00:00,2314.8,2195.738,456,16,2123.3242,2195.738,2255.8757
load_26,2014-11-07 16:00:00,2304.9,2221.8596,456,17,2130.1975,2221.8596,2282.2876
load_26,2014-11-07 17:00:00,2319.3,2212.0269,456,18,2127.297,2212.0269,2280.9248
load_26,2014-11-07 18:00:00,2342.7,2201.0679,456,19,2111.8416,2201.0679,2283.1113
load_26,2014-11-07 19:00:00,2315.1,2204.353,456,20,2097.9663,2204.353,2283.0576
load_26,2014-11-07 20:00:00,2264.1,1977.605,456,21,1797.0488,1977.605,2089.1208
load_26,2014-11-07 21:00:00,1203.9,976.42694,456,22,837.2841,976.42694,1111.7976
load_26,2014-11-07 22:00:00,684.0,658.0292,456,23,566.1099,658.0292,781.5751
load_26,2014-11-07 23:00:00,439.8,443.7608,456,24,383.2334,443.7608,507.8924
load_26,2014-11-10 00:00:00,361.2,373.57947,457,1,328.58118,373.57947,416.45032
load_26,2014-11-10 01:00:00,369.0,354.38116,457,2,315.41364,354.38116,396.12604
load_26,2014-11-10 02:00:00,319.8,343.99548,457,3,303.0221,343.99548,370.21057
load_26,2014-11-10 03:00:00,300.6,328.2072,457,4,290.56232,328.2072,357.53253
load_26,2014-11-10 04:00:00,316.8,334.79504,457,5,298.73273,334.79504,365.4812
load_26,2014-11-10 05:00:00,333.0,347.06488,457,6,309.5348,347.06488,375.4535
load_26,2014-11-10 06:00:00,336.0,361.87653,457,7,321.78986,361.87653,394.50385
load_26,2014-11-10 07:00:00,374.7,390.2262,457,8,342.57068,390.2262,425.36395
load_26,2014-11-10 08:00:00,460.5,505.9035,457,9,451.86462,505.9035,568.0947
load_26,2014-11-10 09:00:00,858.9,887.6408,457,10,811.66016,887.6408,944.213
load_26,2014-11-10 10:00:00,1485.3,1484.0248,457,11,1384.7329,1484.0248,1585.5159
load_26,2014-11-10 11:00:00,2274.3,2181.5361,457,12,2086.2134,2181.5361,2254.414
load_26,2014-11-10 12:00:00,2301.6,2244.1064,457,13,2159.1914,2244.1064,2320.7104
load_26,2014-11-10 13:00:00,2286.6,2249.3267,457,14,2164.7861,2249.3267,2325.6287
load_26,2014-11-10 14:00:00,2279.1,2240.211,457,15,2161.81,2240.211,2323.7524
load_26,2014-11-10 15:00:00,2248.2,2228.6333,457,16,2147.2344,2228.6333,2308.686
load_26,2014-11-10 16:00:00,2171.4,2248.3896,457,17,2144.7937,2248.3896,2329.2593
load_26,2014-11-10 17:00:00,2168.1,2235.8037,457,18,2139.1826,2235.8037,2327.5198
load_26,2014-11-10 18:00:00,2175.6,2226.62,457,19,2125.5342,2226.62,2331.8953
load_26,2014-11-10 19:00:00,2157.9,2226.9575,457,20,2109.7568,2226.9575,2330.9683
load_26,2014-11-10 20:00:00,1842.9,2019.6438,457,21,1854.0881,2019.6438,2145.4048
load_26,2014-11-10 21:00:00,909.3,1001.5167,457,22,863.73315,1001.5167,1133.2169
load_26,2014-11-10 22:00:00,680.7,671.48,457,23,586.2901,671.48,793.1371
load_26,2014-11-10 23:00:00,427.5,447.45013,457,24,389.07703,447.45013,511.24902
load_26,2014-11-11 00:00:00,368.7,354.04193,458,1,311.0713,354.04193,395.44604
load_26,2014-11-11 01:00:00,373.8,342.40674,458,2,304.04468,342.40674,384.48187
load_26,2014-11-11 02:00:00,339.0,332.6302,458,3,293.12817,332.6302,357.92584
load_26,2014-11-11 03:00:00,321.9,318.95197,458,4,282.5301,318.95197,349.38367
load_26,2014-11-11 04:00:00,325.5,327.32544,458,5,292.885,327.32544,356.40338
load_26,2014-11-11 05:00:00,355.8,338.88916,458,6,302.50684,338.88916,366.95856
load_26,2014-11-11 06:00:00,359.4,346.04547,458,7,307.9131,346.04547,373.9958
load_26,2014-11-11 07:00:00,396.0,368.14764,458,8,326.3363,368.14764,401.37012
load_26,2014-11-11 08:00:00,510.3,475.487,458,9,425.72986,475.487,527.89923
load_26,2014-11-11 09:00:00,861.0,866.7641,458,10,787.95935,866.7641,922.48346
load_26,2014-11-11 10:00:00,1433.1,1470.8484,458,11,1373.0773,1470.8484,1565.6053
load_26,2014-11-11 11:00:00,2251.8,2185.9822,458,12,2091.724,2185.9822,2252.3071
load_26,2014-11-11 12:00:00,2193.0,2232.4517,458,13,2147.4275,2232.4517,2303.9678
load_26,2014-11-11 13:00:00,2193.3,2238.1743,458,14,2149.3594,2238.1743,2309.793
load_26,2014-11-11 14:00:00,2151.9,2239.3037,458,15,2155.084,2239.3037,2312.7822
load_26,2014-11-11 15:00:00,2154.6,2209.681,458,16,2128.0312,2209.681,2285.5952
load_26,2014-11-11 16:00:00,2135.4,2210.9954,458,17,2116.165,2210.9954,2290.0522
load_26,2014-11-11 17:00:00,2174.1,2205.7834,458,18,2111.8677,2205.7834,2291.0032
load_26,2014-11-11 18:00:00,2189.4,2192.8604,458,19,2095.5479,2192.8604,2292.4932
load_26,2014-11-11 19:00:00,2166.6,2190.084,458,20,2075.8533,2190.084,2280.7522
load_26,2014-11-11 20:00:00,1867.5,1982.454,458,21,1819.0261,1982.454,2100.9321
load_26,2014-11-11 21:00:00,880.2,953.1636,458,22,827.22095,953.1636,1072.8021
load_26,2014-11-11 22:00:00,658.8,647.5793,458,23,570.88983,647.5793,757.7107
load_26,2014-11-11 23:00:00,417.6,426.79932,458,24,373.91315,426.79932,488.3913
load_26,2014-11-12 00:00:00,367.2,355.6432,459,1,312.20807,355.6432,398.08344
load_26,2014-11-12 01:00:00,369.0,341.2082,459,2,302.69885,341.2082,382.3405
load_26,2014-11-12 02:00:00,327.3,333.72247,459,3,293.9367,333.72247,359.1172
load_26,2014-11-12 03:00:00,325.5,319.97278,459,4,283.36584,319.97278,349.88647
load_26,2014-11-12 04:00:00,308.1,329.53223,459,5,294.7873,329.53223,359.16956
load_26,2014-11-12 05:00:00,303.9,343.79883,459,6,307.3736,343.79883,373.15466
load_26,2014-11-12 06:00:00,311.7,351.17438,459,7,312.74445,351.17438,381.60162
load_26,2014-11-12 07:00:00,371.4,376.29022,459,8,330.85413,376.29022,408.65063
load_26,2014-11-12 08:00:00,482.1,482.03918,459,9,432.51233,482.03918,535.0319
load_26,2014-11-12 09:00:00,856.8,878.36426,459,10,805.423,878.36426,926.6828
load_26,2014-11-12 10:00:00,1452.9,1439.6177,459,11,1344.001,1439.6177,1533.1879
load_26,2014-11-12 11:00:00,2175.6,2163.0652,459,12,2066.1567,2163.0652,2224.602
load_26,2014-11-12 12:00:00,2207.4,2207.3418,459,13,2117.0474,2207.3418,2275.5588
load_26,2014-11-12 13:00:00,2239.2,2212.2385,459,14,2118.0903,2212.2385,2283.0947
load_26,2014-11-12 14:00:00,2176.5,2193.536,459,15,2116.4104,2193.536,2273.0615
load_26,2014-11-12 15:00:00,2161.2,2179.7163,459,16,2099.7402,2179.7163,2253.5925
load_26,2014-11-12 16:00:00,2173.8,2181.5105,459,17,2087.9783,2181.5105,2256.3093
load_26,2014-11-12 17:00:00,2206.8,2179.273,459,18,2089.6636,2179.273,2260.25
load_26,2014-11-12 18:00:00,2209.8,2167.9104,459,19,2073.9067,2167.9104,2263.2798
load_26,2014-11-12 19:00:00,2183.7,2167.3484,459,20,2056.9758,2167.3484,2255.3557
load_26,2014-11-12 20:00:00,1859.1,1902.6904,459,21,1748.4062,1902.6904,2021.8218
load_26,2014-11-12 21:00:00,893.1,899.442,459,22,787.8887,899.442,1008.554
load_26,2014-11-12 22:00:00,673.8,638.99426,459,23,566.73285,638.99426,743.3756
load_26,2014-11-12 23:00:00,422.7,426.0138,459,24,376.29785,426.0138,484.2954
load_26,2014-11-13 00:00:00,364.2,359.4959,460,1,315.40308,359.4959,401.78564
load_26,2014-11-13 01:00:00,359.7,345.69214,460,2,306.1264,345.69214,387.79053
load_26,2014-11-13 02:00:00,321.3,337.09308,460,3,296.3565,337.09308,363.38782
load_26,2014-11-13 03:00:00,302.1,320.1131,460,4,282.00153,320.1131,350.1051
load_26,2014-11-13 04:00:00,307.5,327.95746,460,5,293.81146,327.95746,356.9386
load_26,2014-11-13 05:00:00,332.4,339.5882,460,6,303.30737,339.5882,366.5052
load_26,2014-11-13 06:00:00,339.0,343.90875,460,7,305.26172,343.90875,370.63104
load_26,2014-11-13 07:00:00,364.2,372.23456,460,8,329.2265,372.23456,403.1339
load_26,2014-11-13 08:00:00,477.6,488.0749,460,9,442.0135,488.0749,539.4473
load_26,2014-11-13 09:00:00,885.0,876.631,460,10,813.59033,876.631,923.88574
load_26,2014-11-13 10:00:00,1481.4,1455.5552,460,11,1363.694,1455.5552,1547.578
load_26,2014-11-13 11:00:00,1824.6,2175.4521,460,12,2087.1328,2175.4521,2237.3384
load_26,2014-11-13 12:00:00,1895.1,2212.2712,460,13,2133.7761,2212.2712,2277.9297
load_26,2014-11-13 13:00:00,2110.2,2216.0037,460,14,2138.4387,2216.0037,2282.6863
load_26,2014-11-13 14:00:00,1887.6,2198.1143,460,15,2126.8354,2198.1143,2273.1414
load_26,2014-11-13 15:00:00,2031.6,2184.2083,460,16,2110.301,2184.2083,2254.4607
load_26,2014-11-13 16:00:00,1988.4,2183.6628,460,17,2096.6387,2183.6628,2254.4705
load_26,2014-11-13 17:00:00,1969.2,2181.9043,460,18,2097.8064,2181.9043,2260.0547
load_26,2014-11-13 18:00:00,2060.7,2171.453,460,19,2083.8953,2171.453,2263.0967
load_26,2014-11-13 19:00:00,1953.6,2163.9622,460,20,2065.7285,2163.9622,2245.52
load_26,2014-11-13 20:00:00,1937.4,1935.6182,460,21,1804.0616,1935.6182,2043.562
load_26,2014-11-13 21:00:00,908.4,924.16284,460,22,821.6559,924.16284,1020.6459
load_26,2014-11-13 22:00:00,636.0,649.1569,460,23,585.6897,649.1569,742.9401
load_26,2014-11-13 23:00:00,395.7,433.8106,460,24,387.6275,433.8106,488.6328
load_26,2014-11-14 00:00:00,346.8,351.3739,461,1,311.67084,351.3739,388.15558
load_26,2014-11-14 01:00:00,340.8,341.1657,461,2,304.84772,341.1657,380.01794
load_26,2014-11-14 02:00:00,321.9,335.18567,461,3,298.75244,335.18567,360.37775
load_26,2014-11-14 03:00:00,329.7,327.1762,461,4,295.67963,327.1762,354.73743
load_26,2014-11-14 04:00:00,317.4,328.35986,461,5,296.7046,328.35986,354.823
load_26,2014-11-14 05:00:00,329.4,341.48798,461,6,307.19653,341.48798,368.75726
load_26,2014-11-14 06:00:00,349.8,347.4303,461,7,313.4145,347.4303,376.5866
load_26,2014-11-14 07:00:00,371.4,360.01306,461,8,322.35223,360.01306,397.31525
load_26,2014-11-14 08:00:00,469.8,448.34875,461,9,397.53058,448.34875,511.08734
load_26,2014-11-14 09:00:00,872.7,846.3633,461,10,737.1736,846.3633,915.49945
load_26,2014-11-14 10:00:00,1527.6,1417.2296,461,11,1287.4008,1417.2296,1534.7657
load_26,2014-11-14 11:00:00,1913.7,2049.1125,461,12,1913.3152,2049.1125,2163.141
load_26,2014-11-14 12:00:00,2015.1,2107.566,461,13,1949.085,2107.566,2225.1199
load_26,2014-11-14 13:00:00,2307.3,2126.643,461,14,1962.6653,2126.643,2244.8853
load_26,2014-11-14 14:00:00,2271.0,2077.0188,461,15,1942.8992,2077.0188,2216.681
load_26,2014-11-14 15:00:00,2251.5,2090.0068,461,16,1959.2188,2090.0068,2209.879
load_26,2014-11-14 16:00:00,2270.7,2074.2734,461,17,1916.5166,2074.2734,2191.765
load_26,2014-11-14 17:00:00,2220.9,2091.4346,461,18,1948.3018,2091.4346,2210.696
load_26,2014-11-14 18:00:00,1910.1,2090.6506,461,19,1949.4514,2090.6506,2223.3787
load_26,2014-11-14 19:00:00,1872.0,2083.579,461,20,1909.66,2083.579,2215.3408
load_26,2014-11-14 20:00:00,1824.6,1879.8224,461,21,1672.8464,1879.8224,2033.1946
load_26,2014-11-14 21:00:00,1232.7,903.7551,461,22,763.6568,903.7551,1027.0342
load_26,2014-11-14 22:00:00,706.8,623.18353,461,23,534.6609,623.18353,739.4689
load_26,2014-11-14 23:00:00,468.6,413.1626,461,24,357.72498,413.1626,477.2953
load_26,2014-11-17 00:00:00,415.8,358.96124,462,1,314.27118,358.96124,402.7188
load_26,2014-11-17 01:00:00,414.9,345.68506,462,2,303.5442,345.68506,391.5592
load_26,2014-11-17 02:00:00,374.7,334.69067,462,3,293.68243,334.69067,366.03723
load_26,2014-11-17 03:00:00,335.4,320.8858,462,4,286.5854,320.8858,354.78522
load_26,2014-11-17 04:00:00,374.4,324.0622,462,5,287.5722,324.0622,358.06647
load_26,2014-11-17 05:00:00,383.1,335.4217,462,6,297.47644,335.4217,367.2801
load_26,2014-11-17 06:00:00,380.7,350.6211,462,7,313.79828,350.6211,389.71576
load_26,2014-11-17 07:00:00,407.7,374.90198,462,8,329.04956,374.90198,418.15656
load_26,2014-11-17 08:00:00,519.0,478.3723,462,9,417.4132,478.3723,554.19806
load_26,2014-11-17 09:00:00,975.9,879.21924,462,10,756.8717,879.21924,961.39185
load_26,2014-11-17 10:00:00,1530.3,1471.5453,462,11,1312.9336,1471.5453,1619.7708
load_26,2014-11-17 11:00:00,1842.9,2047.74,462,12,1861.7583,2047.74,2197.2407
load_26,2014-11-17 12:00:00,1938.3,2115.984,462,13,1915.0076,2115.984,2269.376
load_26,2014-11-17 13:00:00,1939.8,2155.7444,462,14,1955.0995,2155.7444,2307.1897
load_26,2014-11-17 14:00:00,2320.5,2138.4211,462,15,1969.3943,2138.4211,2294.982
load_26,2014-11-17 15:00:00,2062.5,2139.5435,462,16,1982.6758,2139.5435,2283.3823
load_26,2014-11-17 16:00:00,2090.7,2142.398,462,17,1940.2919,2142.398,2264.4702
load_26,2014-11-17 17:00:00,2068.2,2118.4917,462,18,1921.1674,2118.4917,2268.4382
load_26,2014-11-17 18:00:00,2067.0,2087.15,462,19,1853.7415,2087.15,2256.1572
load_26,2014-11-17 19:00:00,2242.5,2058.9019,462,20,1802.5696,2058.9019,2240.5361
load_26,2014-11-17 20:00:00,1769.4,1902.4009,462,21,1618.1178,1902.4009,2092.8152
load_26,2014-11-17 21:00:00,957.3,1002.31476,462,22,821.8044,1002.31476,1158.5437
load_26,2014-11-17 22:00:00,688.8,662.499,462,23,556.69586,662.499,802.223
load_26,2014-11-17 23:00:00,429.0,438.7469,462,24,370.073,438.7469,505.14783
load_26,2014-11-18 00:00:00,397.2,363.18365,463,1,324.98175,363.18365,402.09827
load_26,2014-11-18 01:00:00,384.0,355.9895,463,2,318.88116,355.9895,396.8725
load_26,2014-11-18 02:00:00,342.6,354.83472,463,3,318.77777,354.83472,383.30927
load_26,2014-11-18 03:00:00,330.6,339.94537,463,4,311.48218,339.94537,368.1812
load_26,2014-11-18 04:00:00,344.7,341.1012,463,5,309.49054,341.1012,370.7757
load_26,2014-11-18 05:00:00,358.2,351.43042,463,6,317.4107,351.43042,379.64972
load_26,2014-11-18 06:00:00,361.5,361.41858,463,7,329.1457,361.41858,394.0448
load_26,2014-11-18 07:00:00,395.1,371.31238,463,8,338.62018,371.31238,416.0536
load_26,2014-11-18 08:00:00,501.0,451.69482,463,9,404.31146,451.69482,530.9233
load_26,2014-11-18 09:00:00,1023.9,870.21497,463,10,735.95337,870.21497,971.8866
load_26,2014-11-18 10:00:00,1553.7,1473.4629,463,11,1309.1774,1473.4629,1629.3374
load_26,2014-11-18 11:00:00,1887.0,1963.2928,463,12,1756.2904,1963.2928,2139.05
load_26,2014-11-18 12:00:00,1908.3,2027.3672,463,13,1807.8586,2027.3672,2211.6438
load_26,2014-11-18 13:00:00,1910.4,2104.9585,463,14,1885.082,2104.9585,2270.7017
load_26,2014-11-18 14:00:00,2219.7,2136.5671,463,15,1960.6517,2136.5671,2288.6277
load_26,2014-11-18 15:00:00,2263.8,2097.3179,463,16,1927.6179,2097.3179,2256.2598
load_26,2014-11-18 16:00:00,2021.1,2088.2656,463,17,1887.596,2088.2656,2234.9258
load_26,2014-11-18 17:00:00,2109.3,2071.3628,463,18,1884.9685,2071.3628,2233.344
load_26,2014-11-18 18:00:00,1894.2,2033.8308,463,19,1811.6638,2033.8308,2218.9094
load_26,2014-11-18 19:00:00,1857.0,2017.2512,463,20,1768.0991,2017.2512,2212.6355
load_26,2014-11-18 20:00:00,1695.3,1824.8574,463,21,1545.186,1824.8574,2032.1714
load_26,2014-11-18 21:00:00,891.6,953.1234,463,22,773.0864,953.1234,1121.9298
load_26,2014-11-18 22:00:00,670.8,630.0513,463,23,524.97797,630.0513,776.97656
load_26,2014-11-18 23:00:00,414.9,418.0918,463,24,368.8479,418.0918,491.14935
load_26,2014-11-19 00:00:00,365.1,366.24017,464,1,323.43182,366.24017,408.74402
load_26,2014-11-19 01:00:00,373.8,351.35724,464,2,310.96722,351.35724,395.7602
load_26,2014-11-19 02:00:00,341.7,345.35815,464,3,303.04834,345.35815,375.0197
load_26,2014-11-19 03:00:00,324.3,327.70532,464,4,291.86438,327.70532,359.9862
load_26,2014-11-19 04:00:00,343.8,333.2838,464,5,296.2893,333.2838,364.42145
load_26,2014-11-19 05:00:00,368.1,344.0739,464,6,305.9687,344.0739,377.28363
load_26,2014-11-19 06:00:00,374.4,355.74365,464,7,318.19574,355.74365,392.60663
load_26,2014-11-19 07:00:00,386.7,380.8725,464,8,335.4959,380.8725,424.23987
load_26,2014-11-19 08:00:00,587.4,485.85846,464,9,425.23328,485.85846,556.6243
load_26,2014-11-19 09:00:00,1046.1,921.8922,464,10,809.7567,921.8922,1009.63513
load_26,2014-11-19 10:00:00,1599.6,1481.9175,464,11,1338.6986,1481.9175,1622.9114
load_26,2014-11-19 11:00:00,1851.9,1893.033,464,12,1718.2437,1893.033,2072.8958
load_26,2014-11-19 12:00:00,1841.4,1966.0267,464,13,1777.5991,1966.0267,2152.8906
load_26,2014-11-19 13:00:00,1865.4,2053.7776,464,14,1843.4675,2053.7776,2225.4854
load_26,2014-11-19 14:00:00,1914.3,2115.8362,464,15,1940.3525,2115.8362,2279.4814
load_26,2014-11-19 15:00:00,2362.5,2093.8464,464,16,1933.1572,2093.8464,2275.8306
load_26,2014-11-19 16:00:00,2213.7,2040.8489,464,17,1833.0408,2040.8489,2199.5144
load_26,2014-11-19 17:00:00,2329.5,2042.1357,464,18,1856.7124,2042.1357,2203.9084
load_26,2014-11-19 18:00:00,2227.5,1989.8584,464,19,1772.075,1989.8584,2183.958
load_26,2014-11-19 19:00:00,1887.0,1986.2216,464,20,1750.2805,1986.2216,2174.6873
load_26,2014-11-19 20:00:00,1721.4,1769.5538,464,21,1531.4664,1769.5538,1966.2312
load_26,2014-11-19 21:00:00,969.6,938.8944,464,22,790.4154,938.8944,1077.7001
load_26,2014-11-19 22:00:00,750.3,643.7082,464,23,554.13086,643.7082,772.694
load_26,2014-11-19 23:00:00,510.9,431.72064,464,24,370.83423,431.72064,497.88885
load_26,2014-11-20 00:00:00,463.8,380.10236,465,1,338.21625,380.10236,424.2721
load_26,2014-11-20 01:00:00,454.5,362.77448,465,2,321.1435,362.77448,409.1964
load_26,2014-11-20 02:00:00,371.4,358.58228,465,3,317.54944,358.58228,391.09485
load_26,2014-11-20 03:00:00,355.5,344.56097,465,4,310.7035,344.56097,376.2317
load_26,2014-11-20 04:00:00,365.4,347.4931,465,5,311.37067,347.4931,379.54694
load_26,2014-11-20 05:00:00,379.2,361.52423,465,6,324.61987,361.52423,395.84637
load_26,2014-11-20 06:00:00,390.6,374.5857,465,7,338.31696,374.5857,417.46796
load_26,2014-11-20 07:00:00,403.2,393.7185,465,8,350.59186,393.7185,443.80243
load_26,2014-11-20 08:00:00,535.8,509.72803,465,9,445.14966,509.72803,596.7793
load_26,2014-11-20 09:00:00,1020.6,983.53,465,10,865.2687,983.53,1084.7285
load_26,2014-11-20 10:00:00,1536.9,1548.8308,465,11,1391.283,1548.8308,1707.7505
load_26,2014-11-20 11:00:00,1880.1,1893.5424,465,12,1705.5864,1893.5424,2086.8135
load_26,2014-11-20 12:00:00,1924.2,1946.3613,465,13,1744.9448,1946.3613,2156.715
load_26,2014-11-20 13:00:00,1881.3,2043.278,465,14,1815.9529,2043.278,2235.0718
load_26,2014-11-20 14:00:00,2231.1,2134.5703,465,15,1940.51,2134.5703,2316.4385
load_26,2014-11-20 15:00:00,2304.9,2168.8289,465,16,1997.7101,2168.8289,2372.267
load_26,2014-11-20 16:00:00,2133.9,2127.2407,465,17,1926.7106,2127.2407,2305.2344
load_26,2014-11-20 17:00:00,1947.9,2106.8157,465,18,1931.4622,2106.8157,2302.2954
load_26,2014-11-20 18:00:00,2092.2,2055.349,465,19,1841.1643,2055.349,2263.4731
load_26,2014-11-20 19:00:00,1885.5,1969.021,465,20,1722.1953,1969.021,2190.7588
load_26,2014-11-20 20:00:00,1707.3,1781.4797,465,21,1529.5577,1781.4797,2002.9177
load_26,2014-11-20 21:00:00,898.5,981.89526,465,22,819.29126,981.89526,1143.9114
load_26,2014-11-20 22:00:00,657.9,681.0442,465,23,584.09906,681.0442,831.59485
load_26,2014-11-20 23:00:00,413.1,452.99084,465,24,389.2682,452.99084,525.27893
load_26,2014-11-21 00:00:00,362.7,388.33667,466,1,340.38574,388.33667,436.92932
load_26,2014-11-21 01:00:00,361.2,367.3512,466,2,320.68805,367.3512,418.6792
load_26,2014-11-21 02:00:00,329.4,362.52362,466,3,314.06805,362.52362,399.50537
load_26,2014-11-21 03:00:00,321.6,340.31818,466,4,298.38495,340.31818,377.4679
load_26,2014-11-21 04:00:00,342.6,346.5031,466,5,304.1162,346.5031,382.3363
load_26,2014-11-21 05:00:00,347.1,360.81946,466,6,318.48657,360.81946,399.6609
load_26,2014-11-21 06:00:00,347.1,371.78656,466,7,329.87683,371.78656,417.29956
load_26,2014-11-21 07:00:00,385.8,389.91687,466,8,339.73114,389.91687,438.82623
load_26,2014-11-21 08:00:00,507.3,524.00494,466,9,452.0337,524.00494,605.45294
load_26,2014-11-21 09:00:00,1037.1,998.3498,466,10,888.8042,998.3498,1098.0214
load_26,2014-11-21 10:00:00,1556.4,1541.4937,466,11,1394.6403,1541.4937,1692.1523
load_26,2014-11-21 11:00:00,1912.8,1844.7014,466,12,1676.0332,1844.7014,2020.3055
load_26,2014-11-21 12:00:00,1947.6,1911.9309,466,13,1731.7947,1911.9309,2103.7302
load_26,2014-11-21 13:00:00,2218.8,2004.4146,466,14,1793.383,2004.4146,2194.381
load_26,2014-11-21 14:00:00,2347.2,2130.3882,466,15,1939.3899,2130.3882,2312.9663
load_26,2014-11-21 15:00:00,2336.1,2190.5657,466,16,2015.916,2190.5657,2402.7554
load_26,2014-11-21 16:00:00,2334.6,2117.2683,466,17,1908.3887,2117.2683,2295.064
load_26,2014-11-21 17:00:00,2385.9,2081.839,466,18,1883.9624,2081.839,2269.3877
load_26,2014-11-21 18:00:00,2370.0,2034.6332,466,19,1810.5281,2034.6332,2234.7498
load_26,2014-11-21 19:00:00,2227.5,1936.5535,466,20,1699.4946,1936.5535,2146.8115
load_26,2014-11-21 20:00:00,1824.0,1772.1559,466,21,1533.5618,1772.1559,1985.5083
load_26,2014-11-21 21:00:00,1271.7,987.05853,466,22,823.6798,987.05853,1160.9852
load_26,2014-11-21 22:00:00,734.4,688.48816,466,23,584.67566,688.48816,843.34314
load_26,2014-11-21 23:00:00,501.6,464.49988,466,24,391.11176,464.49988,545.0782
load_26,2014-11-24 00:00:00,343.8,400.9095,467,1,355.5163,400.9095,449.6433
load_26,2014-11-24 01:00:00,349.2,382.79578,467,2,337.1104,382.79578,434.287
load_26,2014-11-24 02:00:00,322.5,372.3919,467,3,328.06506,372.3919,408.7954
load_26,2014-11-24 03:00:00,305.1,361.43127,467,4,324.50433,361.43127,396.49426
load_26,2014-11-24 04:00:00,329.4,360.84076,467,5,320.81525,360.84076,396.81598
load_26,2014-11-24 05:00:00,336.9,376.70435,467,6,336.17975,376.70435,413.9627
load_26,2014-11-24 06:00:00,352.2,386.3205,467,7,346.39484,386.3205,432.146
load_26,2014-11-24 07:00:00,382.8,404.50104,467,8,357.6134,404.50104,457.3388
load_26,2014-11-24 08:00:00,492.3,519.0198,467,9,453.44812,519.0198,611.2982
load_26,2014-11-24 09:00:00,1003.2,1021.13,467,10,900.9906,1021.13,1131.212
load_26,2014-11-24 10:00:00,1578.6,1576.6724,467,11,1419.8163,1576.6724,1734.7344
load_26,2014-11-24 11:00:00,1923.3,1890.1979,467,12,1708.0591,1890.1979,2074.1802
load_26,2014-11-24 12:00:00,1944.9,1956.6174,467,13,1758.4736,1956.6174,2161.2734
load_26,2014-11-24 13:00:00,1947.0,2065.627,467,14,1834.1699,2065.627,2266.1487
load_26,2014-11-24 14:00:00,2215.2,2225.5476,467,15,2035.7798,2225.5476,2411.4016
load_26,2014-11-24 15:00:00,2264.1,2258.9546,467,16,2077.9385,2258.9546,2470.512
load_26,2014-11-24 16:00:00,2232.3,2178.19,467,17,1963.7571,2178.19,2368.085
load_26,2014-11-24 17:00:00,2243.7,2149.7117,467,18,1952.5979,2149.7117,2355.4692
load_26,2014-11-24 18:00:00,1955.1,2107.4526,467,19,1894.7156,2107.4526,2325.5698
load_26,2014-11-24 19:00:00,1910.4,2039.0381,467,20,1775.3169,2039.0381,2265.608
load_26,2014-11-24 20:00:00,1731.3,1809.3785,467,21,1534.3339,1809.3785,2042.1447
load_26,2014-11-24 21:00:00,928.5,1041.8867,467,22,850.2247,1041.8867,1233.2152
load_26,2014-11-24 22:00:00,671.1,680.0673,467,23,564.9095,680.0673,847.9585
load_26,2014-11-24 23:00:00,428.1,462.56567,467,24,392.39178,462.56567,544.24347
load_26,2014-11-25 00:00:00,384.0,377.19757,468,1,335.83685,377.19757,419.43042
load_26,2014-11-25 01:00:00,367.5,361.22052,468,2,319.96918,361.22052,405.21497
load_26,2014-11-25 02:00:00,332.7,355.8841,468,3,316.59283,355.8841,385.27295
load_26,2014-11-25 03:00:00,314.7,347.9516,468,4,315.43256,347.9516,375.99274
load_26,2014-11-25 04:00:00,328.5,345.73358,468,5,310.17853,345.73358,373.2845
load_26,2014-11-25 05:00:00,349.2,361.3465,468,6,325.4803,361.3465,391.3377
load_26,2014-11-25 06:00:00,346.8,370.13928,468,7,336.55084,370.13928,405.23358
load_26,2014-11-25 07:00:00,369.0,384.68835,468,8,347.9148,384.68835,430.7995
load_26,2014-11-25 08:00:00,496.5,504.4458,468,9,444.6198,504.4458,585.8953
load_26,2014-11-25 09:00:00,1006.2,1011.9166,468,10,894.5324,1011.9166,1120.1577
load_26,2014-11-25 10:00:00,1594.8,1558.1002,468,11,1407.5063,1558.1002,1702.7278
load_26,2014-11-25 11:00:00,1813.8,1852.6389,468,12,1682.3613,1852.6389,2018.3937
load_26,2014-11-25 12:00:00,1851.9,1912.0452,468,13,1725.5927,1912.0452,2091.5906
load_26,2014-11-25 13:00:00,1850.7,2012.6421,468,14,1796.1134,2012.6421,2200.775
load_26,2014-11-25 14:00:00,2074.8,2189.9746,468,15,2007.5481,2189.9746,2358.644
load_26,2014-11-25 15:00:00,2143.2,2221.6138,468,16,2045.1387,2221.6138,2423.1365
load_26,2014-11-25 16:00:00,2200.5,2147.2651,468,17,1921.132,2147.2651,2320.393
load_26,2014-11-25 17:00:00,2106.3,2118.9036,468,18,1923.9985,2118.9036,2301.0498
load_26,2014-11-25 18:00:00,1916.4,2048.2134,468,19,1812.7677,2048.2134,2246.8403
load_26,2014-11-25 19:00:00,1844.7,1952.6461,468,20,1708.9844,1952.6461,2156.4763
load_26,2014-11-25 20:00:00,1700.1,1737.7078,468,21,1498.6066,1737.7078,1949.0671
load_26,2014-11-25 21:00:00,908.1,1011.85095,468,22,838.75336,1011.85095,1180.3971
load_26,2014-11-25 22:00:00,661.2,670.8265,468,23,567.83673,670.8265,822.0205
load_26,2014-11-25 23:00:00,432.3,454.45062,468,24,392.22003,454.45062,524.4019
load_26,2014-11-26 00:00:00,394.8,372.9516,469,1,334.1537,372.9516,411.19635
load_26,2014-11-26 01:00:00,372.3,356.36926,469,2,319.3202,356.36926,395.73553
load_26,2014-11-26 02:00:00,341.1,350.03064,469,3,313.52368,350.03064,374.02435
load_26,2014-11-26 03:00:00,328.8,346.85455,469,4,315.47644,346.85455,370.8437
load_26,2014-11-26 04:00:00,342.0,345.40283,469,5,313.17755,345.40283,367.17725
load_26,2014-11-26 05:00:00,380.4,363.07196,469,6,330.5376,363.07196,388.24963
load_26,2014-11-26 06:00:00,385.2,367.86304,469,7,335.2293,367.86304,395.25378
load_26,2014-11-26 07:00:00,427.8,369.40955,469,8,337.15863,369.40955,403.9453
load_26,2014-11-26 08:00:00,520.2,478.32312,469,9,430.93915,478.32312,534.6229
load_26,2014-11-26 09:00:00,1020.6,998.77875,469,10,920.49207,998.77875,1072.1226
load_26,2014-11-26 10:00:00,1535.4,1532.341,469,11,1415.954,1532.341,1635.2148
load_26,2014-11-26 11:00:00,1817.7,1816.7709,469,12,1681.685,1816.7709,1940.104
load_26,2014-11-26 12:00:00,1843.2,1852.8062,469,13,1711.1943,1852.8062,1982.2922
load_26,2014-11-26 13:00:00,2015.1,1914.9023,469,14,1754.5842,1914.9023,2066.811
load_26,2014-11-26 14:00:00,2162.4,2139.0386,469,15,1996.6128,2139.0386,2257.5127
load_26,2014-11-26 15:00:00,2180.7,2190.869,469,16,2055.1904,2190.869,2340.9092
load_26,2014-11-26 16:00:00,2202.3,2131.997,469,17,1954.6469,2131.997,2286.4458
load_26,2014-11-26 17:00:00,2231.1,2099.4941,469,18,1939.9509,2099.4941,2269.9187
load_26,2014-11-26 18:00:00,2228.7,2026.689,469,19,1819.6558,2026.689,2211.0454
load_26,2014-11-26 19:00:00,1883.1,1919.4026,469,20,1705.7512,1919.4026,2106.87
load_26,2014-11-26 20:00:00,1695.3,1715.3855,469,21,1509.0498,1715.3855,1908.581
load_26,2014-11-26 21:00:00,926.4,947.1172,469,22,803.9386,947.1172,1090.9702
load_26,2014-11-26 22:00:00,715.2,655.3738,469,23,568.2953,655.3738,789.4191
load_26,2014-11-26 23:00:00,487.2,441.6098,469,24,384.06396,441.6098,507.69525
load_26,2014-11-27 00:00:00,433.8,389.07263,470,1,344.30084,389.07263,434.7328
load_26,2014-11-27 01:00:00,415.8,369.25842,470,2,325.41467,369.25842,415.59027
load_26,2014-11-27 02:00:00,359.4,359.90833,470,3,316.29895,359.90833,391.7749
load_26,2014-11-27 03:00:00,335.1,346.563,470,4,309.29742,346.563,377.4937
load_26,2014-11-27 04:00:00,322.2,348.78113,470,5,310.00922,348.78113,380.57684
load_26,2014-11-27 05:00:00,352.8,366.00903,470,6,326.73505,366.00903,400.01477
load_26,2014-11-27 06:00:00,369.3,375.27094,470,7,336.1858,375.27094,415.21338
load_26,2014-11-27 07:00:00,408.3,401.1281,470,8,354.36395,401.1281,444.74408
load_26,2014-11-27 08:00:00,521.7,519.81146,470,9,459.67865,519.81146,595.56824
load_26,2014-11-27 09:00:00,916.8,1020.06604,470,10,922.6146,1020.06604,1116.332
load_26,2014-11-27 10:00:00,1490.7,1552.533,470,11,1412.5851,1552.533,1694.0652
load_26,2014-11-27 11:00:00,2061.6,1820.2839,470,12,1664.5527,1820.2839,1980.5466
load_26,2014-11-27 12:00:00,2303.1,1863.123,470,13,1695.4111,1863.123,2030.51
load_26,2014-11-27 13:00:00,2254.5,1955.3816,470,14,1763.4202,1955.3816,2134.0493
load_26,2014-11-27 14:00:00,2152.8,2129.605,470,15,1959.051,2129.605,2282.567
load_26,2014-11-27 15:00:00,2142.0,2188.028,470,16,2027.7369,2188.028,2377.3755
load_26,2014-11-27 16:00:00,2155.8,2155.1592,470,17,1971.6562,2155.1592,2322.0781
load_26,2014-11-27 17:00:00,2160.0,2133.0603,470,18,1965.8499,2133.0603,2316.5376
load_26,2014-11-27 18:00:00,2184.3,2065.7527,470,19,1874.2874,2065.7527,2257.617
load_26,2014-11-27 19:00:00,2130.6,1911.4318,470,20,1691.9812,1911.4318,2113.648
load_26,2014-11-27 20:00:00,1692.0,1719.07,470,21,1514.0322,1719.07,1922.5989
load_26,2014-11-27 21:00:00,930.0,976.9076,470,22,827.7897,976.9076,1125.4403
load_26,2014-11-27 22:00:00,705.0,684.1323,470,23,587.3164,684.1323,826.8468
load_26,2014-11-27 23:00:00,462.3,470.94922,470,24,404.0349,470.94922,543.5393
load_26,2014-11-28 00:00:00,411.9,387.44916,471,1,343.77972,387.44916,431.90808
load_26,2014-11-28 01:00:00,409.5,363.94104,471,2,321.313,363.94104,411.9134
load_26,2014-11-28 02:00:00,353.7,356.01422,471,3,311.7027,356.01422,387.7622
load_26,2014-11-28 03:00:00,319.2,341.91357,471,4,303.43134,341.91357,375.86237
load_26,2014-11-28 04:00:00,327.3,345.04303,471,5,305.9323,345.04303,377.91357
load_26,2014-11-28 05:00:00,352.8,361.83655,471,6,322.2426,361.83655,397.93103
load_26,2014-11-28 06:00:00,353.7,368.2218,471,7,329.3228,368.2218,408.8833
load_26,2014-11-28 07:00:00,390.0,386.77173,471,8,343.01178,386.77173,435.49573
load_26,2014-11-28 08:00:00,522.6,495.04913,471,9,438.4889,495.04913,573.40576
load_26,2014-11-28 09:00:00,867.6,994.2837,471,10,882.71045,994.2837,1098.6373
load_26,2014-11-28 10:00:00,1461.6,1542.135,471,11,1390.6282,1542.135,1693.8894
load_26,2014-11-28 11:00:00,1889.7,1876.1802,471,12,1693.6545,1876.1802,2050.795
load_26,2014-11-28 12:00:00,1915.8,1956.3062,471,13,1757.356,1956.3062,2146.5728
load_26,2014-11-28 13:00:00,2009.7,2050.4626,471,14,1826.3574,2050.4626,2226.9683
load_26,2014-11-28 14:00:00,2242.8,2151.7341,471,15,1974.541,2151.7341,2305.7158
load_26,2014-11-28 15:00:00,2290.2,2173.3223,471,16,2010.4606,2173.3223,2355.7686
load_26,2014-11-28 16:00:00,2307.0,2178.227,471,17,1986.9988,2178.227,2346.4114
load_26,2014-11-28 17:00:00,2346.0,2153.6758,471,18,1976.88,2153.6758,2344.523
load_26,2014-11-28 18:00:00,2442.9,2096.5503,471,19,1897.5339,2096.5503,2303.2131
load_26,2014-11-28 19:00:00,2411.1,1960.4348,471,20,1710.2412,1960.4348,2179.9275
load_26,2014-11-28 20:00:00,2339.4,1709.3269,471,21,1466.6412,1709.3269,1939.4274
load_26,2014-11-28 21:00:00,1270.5,976.8444,471,22,811.4397,976.8444,1154.0853
load_26,2014-11-28 22:00:00,711.9,676.1931,471,23,573.46606,676.1931,836.1073
load_26,2014-11-28 23:00:00,487.8,466.1352,471,24,394.84247,466.1352,547.39594
load_26,2014-12-01 00:00:00,420.6,395.53076,472,1,353.2085,395.53076,440.32404
load_26,2014-12-01 01:00:00,407.4,373.61926,472,2,332.42224,373.61926,418.72717
load_26,2014-12-01 02:00:00,352.2,366.20197,472,3,325.87494,366.20197,398.43274
load_26,2014-12-01 03:00:00,328.5,355.15912,472,4,320.2221,355.15912,389.15887
load_26,2014-12-01 04:00:00,336.9,351.45135,472,5,312.9165,351.45135,389.13446
load_26,2014-12-01 05:00:00,358.2,363.17053,472,6,321.8,363.17053,401.99615
load_26,2014-12-01 06:00:00,365.1,377.13043,472,7,337.34283,377.13043,424.9926
load_26,2014-12-01 07:00:00,398.7,392.38196,472,8,349.45428,392.38196,450.58588
load_26,2014-12-01 08:00:00,538.8,497.383,472,9,436.68665,497.383,605.949
load_26,2014-12-01 09:00:00,997.8,976.67883,472,10,825.5563,976.67883,1114.4875
load_26,2014-12-01 10:00:00,1714.5,1529.9956,472,11,1342.2526,1529.9956,1728.9159
load_26,2014-12-01 11:00:00,2067.0,1895.6357,472,12,1649.7966,1895.6357,2132.3264
load_26,2014-12-01 12:00:00,2095.2,1964.3175,472,13,1688.8043,1964.3175,2223.6206
load_26,2014-12-01 13:00:00,2094.3,2063.6926,472,14,1757.4174,2063.6926,2330.4758
load_26,2014-12-01 14:00:00,2023.8,2191.123,472,15,1921.7152,2191.123,2426.6597
load_26,2014-12-01 15:00:00,2087.4,2216.6504,472,16,1950.6313,2216.6504,2491.1663
load_26,2014-12-01 16:00:00,2276.1,2223.724,472,17,1899.8293,2223.724,2487.024
load_26,2014-12-01 17:00:00,2065.2,2201.3247,472,18,1876.7039,2201.3247,2477.9414
load_26,2014-12-01 18:00:00,2089.8,2161.4065,472,19,1791.3102,2161.4065,2452.1318
load_26,2014-12-01 19:00:00,1962.3,2075.5718,472,20,1686.5408,2075.5718,2387.1855
load_26,2014-12-01 20:00:00,1811.7,1833.7798,472,21,1443.6687,1833.7798,2143.0415
load_26,2014-12-01 21:00:00,1030.2,998.55505,472,22,769.4157,998.55505,1246.8131
load_26,2014-12-01 22:00:00,787.5,659.66077,472,23,535.43756,659.66077,855.6189
load_26,2014-12-01 23:00:00,519.0,457.7315,472,24,392.24292,457.7315,545.0568
load_26,2014-12-02 00:00:00,480.3,396.69275,473,1,352.18878,396.69275,441.67255
load_26,2014-12-02 01:00:00,469.5,374.29608,473,2,332.90814,374.29608,420.41406
load_26,2014-12-02 02:00:00,417.9,364.19427,473,3,321.81348,364.19427,393.22736
load_26,2014-12-02 03:00:00,402.0,347.02753,473,4,310.34198,347.02753,378.2563
load_26,2014-12-02 04:00:00,413.4,351.4693,473,5,313.8697,351.4693,382.17694
load_26,2014-12-02 05:00:00,452.7,363.10388,473,6,325.91748,363.10388,395.78247
load_26,2014-12-02 06:00:00,459.0,376.346,473,7,338.48193,376.346,414.10114
load_26,2014-12-02 07:00:00,490.8,398.31104,473,8,354.02753,398.31104,443.16327
load_26,2014-12-02 08:00:00,674.7,511.12445,473,9,451.12555,511.12445,586.37726
load_26,2014-12-02 09:00:00,1116.3,989.7726,473,10,887.705,989.7726,1081.1896
load_26,2014-12-02 10:00:00,1764.3,1572.1318,473,11,1429.8533,1572.1318,1717.0557
load_26,2014-12-02 11:00:00,2057.1,1907.2269,473,12,1739.6805,1907.2269,2080.4854
load_26,2014-12-02 12:00:00,2069.4,1956.8474,473,13,1777.6903,1956.8474,2143.583
load_26,2014-12-02 13:00:00,2148.3,2045.9678,473,14,1846.4921,2045.9678,2215.4277
load_26,2014-12-02 14:00:00,2164.5,2141.1948,473,15,1974.0604,2141.1948,2290.9392
load_26,2014-12-02 15:00:00,2340.6,2156.0698,473,16,2002.2617,2156.0698,2338.2183
load_26,2014-12-02 16:00:00,2309.1,2192.0479,473,17,1998.3044,2192.0479,2366.6543
load_26,2014-12-02 17:00:00,2375.1,2161.5117,473,18,1968.3044,2161.5117,2357.2168
load_26,2014-12-02 18:00:00,2185.2,2114.1206,473,19,1902.0027,2114.1206,2325.1367
load_26,2014-12-02 19:00:00,2037.0,2024.2303,473,20,1766.4744,2024.2303,2243.585
load_26,2014-12-02 20:00:00,1845.3,1832.6168,473,21,1565.1208,1832.6168,2052.5688
load_26,2014-12-02 21:00:00,1024.8,1023.47906,473,22,850.751,1023.47906,1194.7727
load_26,2014-12-02 22:00:00,729.9,698.6134,473,23,597.40204,698.6134,847.4833
load_26,2014-12-02 23:00:00,462.9,478.38824,473,24,408.755,478.38824,551.86694
load_26,2014-12-03 00:00:00,423.3,427.9928,474,1,373.5133,427.9928,480.80298
load_26,2014-12-03 01:00:00,423.0,400.29346,474,2,346.74554,400.29346,459.813
load_26,2014-12-03 02:00:00,492.9,386.3166,474,3,328.22662,386.3166,431.0088
load_26,2014-12-03 03:00:00,526.8,364.15338,474,4,311.47235,364.15338,414.99078
load_26,2014-12-03 04:00:00,547.5,369.25165,474,5,316.35175,369.25165,418.17566
load_26,2014-12-03 05:00:00,569.4,392.0569,474,6,339.61444,392.0569,446.79608
load_26,2014-12-03 06:00:00,575.7,411.26538,474,7,354.5796,411.26538,469.9566
load_26,2014-12-03 07:00:00,608.4,448.34863,474,8,380.7461,448.34863,503.32715
load_26,2014-12-03 08:00:00,731.4,579.0977,474,9,499.2425,579.0977,667.5738
load_26,2014-12-03 09:00:00,1215.6,1060.306,474,10,954.43933,1060.306,1165.9268
load_26,2014-12-03 10:00:00,1962.9,1679.0508,474,11,1528.214,1679.0508,1832.9346
load_26,2014-12-03 11:00:00,2156.4,2003.2404,474,12,1839.4202,2003.2404,2164.1255
load_26,2014-12-03 12:00:00,2150.4,2072.3909,474,13,1898.5256,2072.3909,2236.8125
load_26,2014-12-03 13:00:00,2103.6,2124.056,474,14,1933.7438,2124.056,2278.596
load_26,2014-12-03 14:00:00,2153.4,2164.986,474,15,2009.8519,2164.986,2328.1948
load_26,2014-12-03 15:00:00,2397.3,2189.4224,474,16,2045.0907,2189.4224,2347.8774
load_26,2014-12-03 16:00:00,2375.1,2220.426,474,17,2052.7617,2220.426,2377.116
load_26,2014-12-03 17:00:00,2487.6,2189.0012,474,18,2027.003,2189.0012,2365.7542
load_26,2014-12-03 18:00:00,2442.6,2120.5557,474,19,1934.5334,2120.5557,2308.9219
load_26,2014-12-03 19:00:00,2418.3,2025.1414,474,20,1801.1322,2025.1414,2218.6992
load_26,2014-12-03 20:00:00,2153.1,1822.3735,474,21,1596.2914,1822.3735,2026.2349
load_26,2014-12-03 21:00:00,1051.2,1000.2152,474,22,850.95764,1000.2152,1159.6749
load_26,2014-12-03 22:00:00,776.1,721.65,474,23,622.0493,721.65,868.01385
load_26,2014-12-03 23:00:00,562.5,502.04584,474,24,424.91406,502.04584,592.9487
load_26,2014-12-04 00:00:00,506.1,499.76105,475,1,412.89832,499.76105,579.31116
load_26,2014-12-04 01:00:00,523.5,483.98944,475,2,397.70782,483.98944,580.82025
load_26,2014-12-04 02:00:00,474.9,483.44287,475,3,392.4328,483.44287,568.4152
load_26,2014-12-04 03:00:00,491.1,477.89746,475,4,384.61963,477.89746,574.61676
load_26,2014-12-04 04:00:00,506.1,496.08765,475,5,401.66925,496.08765,596.46484
load_26,2014-12-04 05:00:00,524.7,532.2337,475,6,429.35474,532.2337,627.33093
load_26,2014-12-04 06:00:00,535.5,549.8891,475,7,451.91974,549.8891,655.69464
load_26,2014-12-04 07:00:00,573.3,581.62555,475,8,475.4961,581.62555,690.916
load_26,2014-12-04 08:00:00,710.7,737.53455,475,9,613.5984,737.53455,859.9624
load_26,2014-12-04 09:00:00,1160.7,1198.1907,475,10,1064.6761,1198.1907,1337.435
load_26,2014-12-04 10:00:00,1782.9,1847.8771,475,11,1650.2606,1847.8771,2028.3477
load_26,2014-12-04 11:00:00,1985.4,2128.1448,475,12,1927.6235,2128.1448,2314.665
load_26,2014-12-04 12:00:00,1976.1,2158.066,475,13,1947.8525,2158.066,2363.6875
load_26,2014-12-04 13:00:00,1960.2,2213.755,475,14,1986.1453,2213.755,2405.1497
load_26,2014-12-04 14:00:00,2208.3,2279.402,475,15,2082.2673,2279.402,2481.748
load_26,2014-12-04 15:00:00,2251.5,2322.8936,475,16,2139.0156,2322.8936,2520.395
load_26,2014-12-04 16:00:00,2219.7,2363.2139,475,17,2160.964,2363.2139,2566.648
load_26,2014-12-04 17:00:00,2368.8,2363.6792,475,18,2158.7734,2363.6792,2591.8794
load_26,2014-12-04 18:00:00,2128.2,2311.0662,475,19,2098.1047,2311.0662,2551.936
load_26,2014-12-04 19:00:00,2030.4,2205.1738,475,20,1936.0961,2205.1738,2451.6323
load_26,2014-12-04 20:00:00,1827.6,2019.3583,475,21,1730.8896,2019.3583,2271.2449
load_26,2014-12-04 21:00:00,1003.8,1094.6829,475,22,907.9223,1094.6829,1300.7938
load_26,2014-12-04 22:00:00,787.5,801.94165,475,23,656.62756,801.94165,995.3826
load_26,2014-12-04 23:00:00,513.0,585.2038,475,24,458.6812,585.2038,732.2769
load_26,2014-12-05 00:00:00,463.5,471.34314,476,1,400.49933,471.34314,539.7801
load_26,2014-12-05 01:00:00,459.9,453.83398,476,2,380.97913,453.83398,531.57135
load_26,2014-12-05 02:00:00,430.2,453.04095,476,3,375.56897,453.04095,519.525
load_26,2014-12-05 03:00:00,430.8,442.34906,476,4,366.94257,442.34906,521.53516
load_26,2014-12-05 04:00:00,441.9,454.9179,476,5,378.7497,454.9179,530.6885
load_26,2014-12-05 05:00:00,471.9,488.02118,476,6,403.81567,488.02118,565.7639
load_26,2014-12-05 06:00:00,468.6,508.71594,476,7,424.40344,508.71594,595.49084
load_26,2014-12-05 07:00:00,514.8,542.183,476,8,447.85406,542.183,627.66504
load_26,2014-12-05 08:00:00,647.1,673.18243,476,9,560.90765,673.18243,791.9276
load_26,2014-12-05 09:00:00,1041.3,1117.6633,476,10,968.2306,1117.6633,1264.0603
load_26,2014-12-05 10:00:00,1645.5,1766.6143,476,11,1575.7212,1766.6143,1954.1799
load_26,2014-12-05 11:00:00,2246.7,2047.2839,476,12,1842.0457,2047.2839,2243.7104
load_26,2014-12-05 12:00:00,2257.2,2074.331,476,13,1869.2225,2074.331,2282.903
load_26,2014-12-05 13:00:00,2123.4,2111.6382,476,14,1890.3054,2111.6382,2313.986
load_26,2014-12-05 14:00:00,2302.8,2180.1199,476,15,1987.0598,2180.1199,2389.8997
load_26,2014-12-05 15:00:00,2390.4,2248.5989,476,16,2070.7578,2248.5989,2447.617
load_26,2014-12-05 16:00:00,2336.7,2285.5461,476,17,2099.8457,2285.5461,2457.5776
load_26,2014-12-05 17:00:00,2342.7,2280.1086,476,18,2099.5588,2280.1086,2482.3606
load_26,2014-12-05 18:00:00,2237.4,2227.0098,476,19,2029.5635,2227.0098,2444.342
load_26,2014-12-05 19:00:00,2174.7,2161.7275,476,20,1908.0314,2161.7275,2390.2036
load_26,2014-12-05 20:00:00,2007.3,1963.2412,476,21,1675.8816,1963.2412,2205.873
load_26,2014-12-05 21:00:00,1406.1,1015.8376,476,22,840.57764,1015.8376,1226.132
load_26,2014-12-05 22:00:00,828.6,752.4777,476,23,623.3458,752.4777,938.1726
load_26,2014-12-05 23:00:00,546.6,547.2794,476,24,445.2575,547.2794,677.6819
load_26,2014-12-08 00:00:00,508.5,474.5182,477,1,397.92596,474.5182,551.70337
load_26,2014-12-08 01:00:00,475.8,449.92926,477,2,371.54633,449.92926,539.8048
load_26,2014-12-08 02:00:00,492.6,442.48163,477,3,359.90863,442.48163,518.5068
load_26,2014-12-08 03:00:00,497.4,431.6947,477,4,351.6842,431.6947,521.67615
load_26,2014-12-08 04:00:00,511.2,445.51373,477,5,362.22827,445.51373,535.6542
load_26,2014-12-08 05:00:00,545.7,467.3015,477,6,378.42438,467.3015,558.95654
load_26,2014-12-08 06:00:00,550.8,488.01794,477,7,394.8111,488.01794,584.4934
load_26,2014-12-08 07:00:00,613.5,533.82104,477,8,426.05353,533.82104,633.4935
load_26,2014-12-08 08:00:00,770.1,688.2218,477,9,559.21796,688.2218,823.2494
load_26,2014-12-08 09:00:00,1188.0,1126.6481,477,10,968.0196,1126.6481,1283.9403
load_26,2014-12-08 10:00:00,1899.6,1766.8176,477,11,1574.4553,1766.8176,1964.3013
load_26,2014-12-08 11:00:00,2273.4,2093.3665,477,12,1897.8423,2093.3665,2289.9873
load_26,2014-12-08 12:00:00,2505.3,2122.336,477,13,1912.7217,2122.336,2336.6602
load_26,2014-12-08 13:00:00,2462.7,2147.5693,477,14,1917.0232,2147.5693,2360.628
load_26,2014-12-08 14:00:00,2310.0,2222.7988,477,15,2030.8855,2222.7988,2430.1763
load_26,2014-12-08 15:00:00,2211.3,2269.07,477,16,2086.577,2269.07,2478.5366
load_26,2014-12-08 16:00:00,2281.8,2287.821,477,17,2086.4207,2287.821,2477.692
load_26,2014-12-08 17:00:00,2393.1,2265.699,477,18,2072.7385,2265.699,2482.5151
load_26,2014-12-08 18:00:00,2371.2,2204.7114,477,19,1982.3257,2204.7114,2433.753
load_26,2014-12-08 19:00:00,1999.5,2118.7676,477,20,1855.5114,2118.7676,2360.6199
load_26,2014-12-08 20:00:00,1957.8,1949.2913,477,21,1661.555,1949.2913,2197.1497
load_26,2014-12-08 21:00:00,1046.7,1110.6313,477,22,904.4964,1110.6313,1339.888
load_26,2014-12-08 22:00:00,834.6,773.36426,477,23,625.0629,773.36426,971.8751
load_26,2014-12-08 23:00:00,557.7,545.6338,477,24,434.29987,545.6338,676.61896
load_26,2014-12-09 00:00:00,524.7,509.94385,478,1,435.19238,509.94385,582.74756
load_26,2014-12-09 01:00:00,489.6,490.35327,478,2,414.67584,490.35327,571.63007
load_26,2014-12-09 02:00:00,433.2,492.6775,478,3,412.12427,492.6775,563.3406
load_26,2014-12-09 03:00:00,417.9,489.82336,478,4,412.35358,489.82336,573.3734
load_26,2014-12-09 04:00:00,437.1,504.09375,478,5,426.50275,504.09375,583.00214
load_26,2014-12-09 05:00:00,449.1,541.505,478,6,455.9361,541.505,618.3319
load_26,2014-12-09 06:00:00,453.6,566.2126,478,7,481.89154,566.2126,651.7869
load_26,2014-12-09 07:00:00,486.0,604.4894,478,8,510.55597,604.4894,696.1833
load_26,2014-12-09 08:00:00,616.5,746.3169,478,9,631.4007,746.3169,865.90906
load_26,2014-12-09 09:00:00,1065.3,1192.4187,478,10,1048.7949,1192.4187,1340.6328
load_26,2014-12-09 10:00:00,1823.4,1875.75,478,11,1675.2228,1875.75,2070.4097
load_26,2014-12-09 11:00:00,2154.9,2218.5354,478,12,2019.596,2218.5354,2394.984
load_26,2014-12-09 12:00:00,2096.4,2268.1082,478,13,2069.1584,2268.1082,2453.8413
load_26,2014-12-09 13:00:00,2198.1,2260.5486,478,14,2029.8275,2260.5486,2450.3062
load_26,2014-12-09 14:00:00,2240.1,2252.5427,478,15,2038.3107,2252.5427,2471.0264
load_26,2014-12-09 15:00:00,2191.2,2299.3906,478,16,2118.9558,2299.3906,2494.4644
load_26,2014-12-09 16:00:00,2227.5,2341.2449,478,17,2146.75,2341.2449,2528.9775
load_26,2014-12-09 17:00:00,2343.0,2329.955,478,18,2141.1494,2329.955,2540.856
load_26,2014-12-09 18:00:00,2376.9,2269.3943,478,19,2067.1758,2269.3943,2491.8213
load_26,2014-12-09 19:00:00,2089.5,2185.5989,478,20,1917.2327,2185.5989,2426.472
load_26,2014-12-09 20:00:00,1861.2,2035.2102,478,21,1746.0215,2035.2102,2281.4143
load_26,2014-12-09 21:00:00,1019.4,1156.789,478,22,957.15796,1156.789,1374.5273
load_26,2014-12-09 22:00:00,732.9,820.6565,478,23,678.6599,820.6565,1012.54364
load_26,2014-12-09 23:00:00,496.8,593.55566,478,24,484.2514,593.55566,724.76953
load_26,2014-12-10 00:00:00,444.9,470.9223,479,1,407.15118,470.9223,536.07043
load_26,2014-12-10 01:00:00,481.8,448.49237,479,2,386.4099,448.49237,515.80023
load_26,2014-12-10 02:00:00,442.5,446.90375,479,3,380.7226,446.90375,501.83728
load_26,2014-12-10 03:00:00,420.6,443.60632,479,4,382.00275,443.60632,508.44965
load_26,2014-12-10 04:00:00,426.6,454.36102,479,5,390.53894,454.36102,520.874
load_26,2014-12-10 05:00:00,447.9,480.13837,479,6,411.2708,480.13837,548.23047
load_26,2014-12-10 06:00:00,456.6,493.80798,479,7,420.79956,493.80798,567.177
load_26,2014-12-10 07:00:00,507.6,533.5924,479,8,448.21307,533.5924,605.7288
load_26,2014-12-10 08:00:00,620.1,670.70935,479,9,569.2428,670.70935,781.4713
load_26,2014-12-10 09:00:00,1069.8,1133.003,479,10,993.12463,1133.003,1272.1152
load_26,2014-12-10 10:00:00,1852.2,1801.7035,479,11,1617.083,1801.7035,1987.9126
load_26,2014-12-10 11:00:00,2179.2,2107.794,479,12,1909.8818,2107.794,2296.9553
load_26,2014-12-10 12:00:00,2115.0,2145.1274,479,13,1929.8108,2145.1274,2352.0845
load_26,2014-12-10 13:00:00,2055.6,2178.5786,479,14,1943.8438,2178.5786,2379.7388
load_26,2014-12-10 14:00:00,2270.4,2205.7048,479,15,2001.2859,2205.7048,2419.2324
load_26,2014-12-10 15:00:00,2287.2,2223.6921,479,16,2034.0603,2223.6921,2427.2031
load_26,2014-12-10 16:00:00,2285.7,2273.8542,479,17,2051.7678,2273.8542,2468.9165
load_26,2014-12-10 17:00:00,2321.1,2294.1184,479,18,2101.2227,2294.1184,2508.8076
load_26,2014-12-10 18:00:00,2343.6,2220.9045,479,19,2016.8335,2220.9045,2447.0718
load_26,2014-12-10 19:00:00,2195.1,2076.706,479,20,1819.5297,2076.706,2316.774
load_26,2014-12-10 20:00:00,1892.7,1913.3666,479,21,1641.8619,1913.3666,2154.9802
load_26,2014-12-10 21:00:00,1091.7,1043.1873,479,22,863.86145,1043.1873,1249.3715
load_26,2014-12-10 22:00:00,791.1,753.43365,479,23,621.84955,753.43365,939.0342
load_26,2014-12-10 23:00:00,610.5,538.71643,479,24,444.4536,538.71643,656.32556
load_26,2014-12-11 00:00:00,564.0,489.91632,480,1,427.75897,489.91632,552.8919
load_26,2014-12-11 01:00:00,549.3,469.64233,480,2,408.60223,469.64233,537.0068
load_26,2014-12-11 02:00:00,509.4,466.5688,480,3,404.23175,466.5688,520.6699
load_26,2014-12-11 03:00:00,448.8,458.16138,480,4,399.53662,458.16138,519.7434
load_26,2014-12-11 04:00:00,442.8,467.99005,480,5,408.10638,467.99005,529.9235
load_26,2014-12-11 05:00:00,468.0,487.7743,480,6,426.55176,487.7743,553.7435
load_26,2014-12-11 06:00:00,529.5,505.80273,480,7,442.55646,505.80273,578.8274
load_26,2014-12-11 07:00:00,543.6,549.82666,480,8,467.31598,549.82666,619.4751
load_26,2014-12-11 08:00:00,704.1,680.2977,480,9,584.4553,680.2977,792.6264
load_26,2014-12-11 09:00:00,1154.1,1145.2156,480,10,1008.8849,1145.2156,1285.2999
load_26,2014-12-11 10:00:00,1805.7,1845.4072,480,11,1666.1628,1845.4072,2017.7944
load_26,2014-12-11 11:00:00,2003.7,2160.3298,480,12,2000.8171,2160.3298,2307.1309
load_26,2014-12-11 12:00:00,2113.8,2141.7727,480,13,1955.781,2141.7727,2316.8066
load_26,2014-12-11 13:00:00,2166.6,2155.521,480,14,1956.1638,2155.521,2329.1501
load_26,2014-12-11 14:00:00,2256.0,2217.4797,480,15,2061.0967,2217.4797,2384.4885
load_26,2014-12-11 15:00:00,2224.2,2241.3794,480,16,2094.1677,2241.3794,2395.1567
load_26,2014-12-11 16:00:00,2289.0,2278.25,480,17,2118.918,2278.25,2405.6328
load_26,2014-12-11 17:00:00,2465.4,2310.182,480,18,2165.6926,2310.182,2459.724
load_26,2014-12-11 18:00:00,2437.8,2249.6362,480,19,2103.3022,2249.6362,2407.0532
load_26,2014-12-11 19:00:00,2114.4,2146.5767,480,20,1949.6235,2146.5767,2309.96
load_26,2014-12-11 20:00:00,1848.9,1950.6292,480,21,1736.3381,1950.6292,2136.0635
load_26,2014-12-11 21:00:00,1037.1,1080.2208,480,22,925.4623,1080.2208,1242.8289
load_26,2014-12-11 22:00:00,792.0,762.3525,480,23,651.4962,762.3525,917.6918
load_26,2014-12-11 23:00:00,535.2,556.8095,480,24,477.41333,556.8095,651.9785
load_26,2014-12-12 00:00:00,504.3,487.3307,481,1,430.9605,487.3307,543.6226
load_26,2014-12-12 01:00:00,498.3,461.18658,481,2,408.24353,461.18658,518.83527
load_26,2014-12-12 02:00:00,473.7,454.9677,481,3,399.46075,454.9677,497.48987
load_26,2014-12-12 03:00:00,465.9,443.41864,481,4,392.8377,443.41864,491.14844
load_26,2014-12-12 04:00:00,505.2,452.62036,481,5,402.41687,452.62036,499.49847
load_26,2014-12-12 05:00:00,437.7,468.10144,481,6,417.09827,468.10144,518.91223
load_26,2014-12-12 06:00:00,512.1,483.9071,481,7,431.65918,483.9071,540.97034
load_26,2014-12-12 07:00:00,517.5,525.32416,481,8,458.19067,525.32416,578.47363
load_26,2014-12-12 08:00:00,608.7,645.4257,481,9,570.5654,645.4257,731.1825
load_26,2014-12-12 09:00:00,1114.2,1098.9397,481,10,990.3378,1098.9397,1201.5466
load_26,2014-12-12 10:00:00,1847.4,1785.9219,481,11,1636.3693,1785.9219,1935.2244
load_26,2014-12-12 11:00:00,2228.1,2106.4373,481,12,1960.6125,2106.4373,2250.8003
load_26,2014-12-12 12:00:00,2220.6,2123.6843,481,13,1961.8262,2123.6843,2284.8103
load_26,2014-12-12 13:00:00,2218.2,2139.2314,481,14,1963.3967,2139.2314,2298.676
load_26,2014-12-12 14:00:00,2331.9,2218.9631,481,15,2078.3213,2218.9631,2361.2976
load_26,2014-12-12 15:00:00,2252.7,2230.325,481,16,2096.7656,2230.325,2370.8882
load_26,2014-12-12 16:00:00,2265.3,2279.8027,481,17,2122.5244,2279.8027,2407.0813
load_26,2014-12-12 17:00:00,2251.2,2321.0159,481,18,2171.1367,2321.0159,2479.6152
load_26,2014-12-12 18:00:00,2314.8,2266.2207,481,19,2112.6934,2266.2207,2434.4365
load_26,2014-12-12 19:00:00,2273.7,2137.4336,481,20,1928.4172,2137.4336,2312.3955
load_26,2014-12-12 20:00:00,2186.1,1936.7012,481,21,1709.9929,1936.7012,2129.9973
load_26,2014-12-12 21:00:00,1509.0,1110.3514,481,22,942.63855,1110.3514,1291.543
load_26,2014-12-12 22:00:00,999.6,772.7656,481,23,657.28485,772.7656,936.4254
load_26,2014-12-12 23:00:00,735.3,564.3397,481,24,481.55225,564.3397,661.0642
load_26,2014-12-15 00:00:00,467.7,547.35626,482,1,477.43878,547.35626,613.85
load_26,2014-12-15 01:00:00,467.1,503.8982,482,2,444.2032,503.8982,577.4233
load_26,2014-12-15 02:00:00,439.2,490.39478,482,3,430.38727,490.39478,545.6525
load_26,2014-12-15 03:00:00,426.3,474.08118,482,4,418.99146,474.08118,537.1696
load_26,2014-12-15 04:00:00,488.4,481.02148,482,5,424.15955,481.02148,546.17865
load_26,2014-12-15 05:00:00,505.2,492.9939,482,6,435.70978,492.9939,558.0451
load_26,2014-12-15 06:00:00,500.4,522.31445,482,7,458.95245,522.31445,594.00165
load_26,2014-12-15 07:00:00,487.2,561.0699,482,8,483.19305,561.0699,631.0196
load_26,2014-12-15 08:00:00,624.3,691.229,482,9,594.5192,691.229,815.89136
load_26,2014-12-15 09:00:00,1072.8,1159.3525,482,10,1026.0924,1159.3525,1306.3322
load_26,2014-12-15 10:00:00,1859.1,1873.6975,482,11,1700.7036,1873.6975,2043.367
load_26,2014-12-15 11:00:00,2172.6,2197.5808,482,12,2046.6571,2197.5808,2326.4211
load_26,2014-12-15 12:00:00,2163.0,2228.1792,482,13,2074.1262,2228.1792,2366.6147
load_26,2014-12-15 13:00:00,2148.0,2238.1707,482,14,2059.3455,2238.1707,2378.998
load_26,2014-12-15 14:00:00,2363.4,2268.5012,482,15,2120.6758,2268.5012,2401.5176
load_26,2014-12-15 15:00:00,2322.3,2253.3394,482,16,2116.4722,2253.3394,2389.976
load_26,2014-12-15 16:00:00,2252.1,2271.583,482,17,2107.5146,2271.583,2398.3174
load_26,2014-12-15 17:00:00,2392.5,2306.1987,482,18,2163.8032,2306.1987,2449.8835
load_26,2014-12-15 18:00:00,2429.4,2292.2769,482,19,2145.3513,2292.2769,2445.4846
load_26,2014-12-15 19:00:00,2244.0,2171.29,482,20,1960.5436,2171.29,2337.3232
load_26,2014-12-15 20:00:00,1961.7,1981.4514,482,21,1723.5394,1981.4514,2178.4043
load_26,2014-12-15 21:00:00,1180.8,1184.6143,482,22,984.2727,1184.6143,1408.3716
load_26,2014-12-15 22:00:00,970.5,838.0099,482,23,701.1801,838.0099,1033.7303
load_26,2014-12-15 23:00:00,673.8,606.04553,482,24,510.68555,606.04553,729.73004
load_26,2014-12-16 00:00:00,615.3,517.4702,483,1,463.43976,517.4702,575.59045
load_26,2014-12-16 01:00:00,626.4,488.1197,483,2,435.72614,488.1197,549.3816
load_26,2014-12-16 02:00:00,582.0,478.86035,483,3,425.19446,478.86035,523.46704
load_26,2014-12-16 03:00:00,562.8,461.05585,483,4,413.65277,461.05585,510.6585
load_26,2014-12-16 04:00:00,569.4,465.04407,483,5,415.33447,465.04407,517.3825
load_26,2014-12-16 05:00:00,584.7,480.18256,483,6,429.81213,480.18256,531.08105
load_26,2014-12-16 06:00:00,577.2,496.9049,483,7,445.71613,496.9049,558.1252
load_26,2014-12-16 07:00:00,642.0,528.24854,483,8,466.1109,528.24854,588.9349
load_26,2014-12-16 08:00:00,758.1,647.96674,483,9,567.08704,647.96674,749.54614
load_26,2014-12-16 09:00:00,1156.2,1132.6838,483,10,1003.2197,1132.6838,1254.734
load_26,2014-12-16 10:00:00,1821.0,1848.5642,483,11,1684.2891,1848.5642,2000.1638
load_26,2014-12-16 11:00:00,2142.9,2160.2188,483,12,2018.4349,2160.2188,2292.271
load_26,2014-12-16 12:00:00,2226.9,2187.323,483,13,2028.0193,2187.323,2331.884
load_26,2014-12-16 13:00:00,2207.4,2214.562,483,14,2039.9736,2214.562,2355.4033
load_26,2014-12-16 14:00:00,2358.0,2277.146,483,15,2136.0908,2277.146,2400.8667
load_26,2014-12-16 15:00:00,2448.6,2257.4053,483,16,2125.0537,2257.4053,2384.5974
load_26,2014-12-16 16:00:00,2477.4,2291.0806,483,17,2147.6284,2291.0806,2406.4292
load_26,2014-12-16 17:00:00,2542.8,2317.8293,483,18,2186.495,2317.8293,2447.3042
load_26,2014-12-16 18:00:00,2539.2,2301.8474,483,19,2168.019,2301.8474,2439.3013
load_26,2014-12-16 19:00:00,2339.7,2178.081,483,20,1988.648,2178.081,2322.6309
load_26,2014-12-16 20:00:00,1980.9,1990.8397,483,21,1775.876,1990.8397,2156.8247
load_26,2014-12-16 21:00:00,1117.8,1186.1968,483,22,1002.19617,1186.1968,1375.3322
load_26,2014-12-16 22:00:00,799.2,842.84674,483,23,712.9096,842.84674,1021.1388
load_26,2014-12-16 23:00:00,565.5,610.9171,483,24,519.03735,610.9171,729.3433
load_26,2014-12-17 00:00:00,506.1,528.3175,484,1,464.19348,528.3175,597.054
load_26,2014-12-17 01:00:00,522.6,506.12177,484,2,442.74182,506.12177,578.5208
load_26,2014-12-17 02:00:00,478.8,500.14813,484,3,430.857,500.14813,556.6539
load_26,2014-12-17 03:00:00,462.0,482.49432,484,4,416.37653,482.49432,547.51196
load_26,2014-12-17 04:00:00,488.4,490.26117,484,5,427.2162,490.26117,554.7095
load_26,2014-12-17 05:00:00,495.3,503.67267,484,6,440.24524,503.67267,567.4733
load_26,2014-12-17 06:00:00,491.4,517.4239,484,7,449.61383,517.4239,587.0357
load_26,2014-12-17 07:00:00,540.6,554.28516,484,8,477.79462,554.28516,619.45636
load_26,2014-12-17 08:00:00,708.9,687.69885,484,9,599.99896,687.69885,779.20746
load_26,2014-12-17 09:00:00,1236.6,1152.801,484,10,1052.0964,1152.801,1245.9288
load_26,2014-12-17 10:00:00,1937.4,1880.4231,484,11,1736.17,1880.4231,2010.1943
load_26,2014-12-17 11:00:00,2315.7,2187.5342,484,12,2063.0393,2187.5342,2309.8833
load_26,2014-12-17 12:00:00,2316.9,2222.5708,484,13,2087.7585,2222.5708,2355.9902
load_26,2014-12-17 13:00:00,2282.7,2268.5176,484,14,2119.153,2268.5176,2391.5308
load_26,2014-12-17 14:00:00,2283.3,2325.2031,484,15,2189.833,2325.2031,2445.2534
load_26,2014-12-17 15:00:00,2391.0,2302.3164,484,16,2178.2793,2302.3164,2428.235
load_26,2014-12-17 16:00:00,2423.4,2333.6887,484,17,2198.8333,2333.6887,2457.9482
load_26,2014-12-17 17:00:00,2473.5,2388.0557,484,18,2253.2637,2388.0557,2530.5571
load_26,2014-12-17 18:00:00,2472.3,2378.164,484,19,2240.0334,2378.164,2529.1353
load_26,2014-12-17 19:00:00,2292.3,2220.7666,484,20,2053.19,2220.7666,2365.7715
load_26,2014-12-17 20:00:00,2006.1,1959.3687,484,21,1782.1748,1959.3687,2137.6685
load_26,2014-12-17 21:00:00,1133.4,1125.1156,484,22,985.40326,1125.1156,1273.7596
load_26,2014-12-17 22:00:00,827.1,833.9306,484,23,727.17163,833.9306,981.36145
load_26,2014-12-17 23:00:00,570.0,618.3596,484,24,530.87604,618.3596,723.98083
load_26,2014-12-18 00:00:00,516.6,530.85345,485,1,475.17462,530.85345,584.1416
load_26,2014-12-18 01:00:00,492.3,509.40674,485,2,459.71936,509.40674,564.34174
load_26,2014-12-18 02:00:00,444.6,503.42334,485,3,450.6377,503.42334,541.8379
load_26,2014-12-18 03:00:00,433.5,486.71436,485,4,437.49976,486.71436,530.63574
load_26,2014-12-18 04:00:00,446.4,495.20648,485,5,448.9308,495.20648,539.0535
load_26,2014-12-18 05:00:00,470.4,510.33813,485,6,464.97723,510.33813,551.7879
load_26,2014-12-18 06:00:00,475.8,520.2427,485,7,473.61194,520.2427,566.97943
load_26,2014-12-18 07:00:00,515.7,557.3,485,8,500.59094,557.3,599.80225
load_26,2014-12-18 08:00:00,684.6,683.3013,485,9,618.85114,683.3013,748.24677
load_26,2014-12-18 09:00:00,993.6,1183.2445,485,10,1106.2638,1183.2445,1254.7118
load_26,2014-12-18 10:00:00,1663.2,1904.5262,485,11,1790.9818,1904.5262,1999.9375
load_26,2014-12-18 11:00:00,2037.3,2234.5786,485,12,2139.7607,2234.5786,2316.4443
load_26,2014-12-18 12:00:00,2216.4,2243.4292,485,13,2153.9836,2243.4292,2334.0664
load_26,2014-12-18 13:00:00,2251.2,2258.7937,485,14,2160.1243,2258.7937,2347.1685
load_26,2014-12-18 14:00:00,2464.8,2330.3462,485,15,2236.476,2330.3462,2411.7207
load_26,2014-12-18 15:00:00,2468.1,2332.2832,485,16,2242.7737,2332.2832,2418.2695
load_26,2014-12-18 16:00:00,2489.1,2368.6865,485,17,2256.456,2368.6865,2459.0361
load_26,2014-12-18 17:00:00,2533.2,2398.2773,485,18,2294.088,2398.2773,2493.9053
load_26,2014-12-18 18:00:00,2387.4,2395.0198,485,19,2286.401,2395.0198,2498.845
load_26,2014-12-18 19:00:00,2229.0,2278.5066,485,20,2142.334,2278.5066,2376.1582
load_26,2014-12-18 20:00:00,1965.0,1997.8516,485,21,1845.7352,1997.8516,2138.6963
load_26,2014-12-18 21:00:00,1116.3,1173.5398,485,22,1037.9707,1173.5398,1295.574
load_26,2014-12-18 22:00:00,837.6,845.8156,485,23,750.30475,845.8156,973.98615
load_26,2014-12-18 23:00:00,566.7,623.00055,485,24,548.2337,623.00055,713.44464
load_26,2014-12-19 00:00:00,505.2,508.5915,486,1,453.02667,508.5915,563.15265
load_26,2014-12-19 01:00:00,484.8,479.0285,486,2,427.67657,479.0285,536.81885
load_26,2014-12-19 02:00:00,435.0,474.74902,486,3,418.72052,474.74902,518.481
load_26,2014-12-19 03:00:00,437.4,460.51746,486,4,408.5605,460.51746,509.53412
load_26,2014-12-19 04:00:00,436.5,469.14758,486,5,416.9707,469.14758,520.0474
load_26,2014-12-19 05:00:00,472.8,481.85486,486,6,427.96783,481.85486,532.6609
load_26,2014-12-19 06:00:00,477.0,493.8188,486,7,439.10352,493.8188,552.51495
load_26,2014-12-19 07:00:00,517.5,526.3701,486,8,458.45538,526.3701,580.22925
load_26,2014-12-19 08:00:00,682.2,653.4668,486,9,573.4134,653.4668,740.20966
load_26,2014-12-19 09:00:00,1161.6,1124.6403,486,10,1009.0873,1124.6403,1228.6183
load_26,2014-12-19 10:00:00,1842.9,1831.4572,486,11,1691.5033,1831.4572,1963.4656
load_26,2014-12-19 11:00:00,2295.3,2171.7336,486,12,2046.0845,2171.7336,2289.773
load_26,2014-12-19 12:00:00,2364.0,2218.8887,486,13,2090.6667,2218.8887,2341.2803
load_26,2014-12-19 13:00:00,2455.2,2264.973,486,14,2124.4207,2264.973,2377.4707
load_26,2014-12-19 14:00:00,2508.6,2336.687,486,15,2213.6704,2336.687,2436.3066
load_26,2014-12-19 15:00:00,2505.6,2330.4258,486,16,2218.5884,2330.4258,2440.7983
load_26,2014-12-19 16:00:00,2460.3,2367.582,486,17,2240.8877,2367.582,2475.3794
load_26,2014-12-19 17:00:00,2360.7,2384.1826,486,18,2262.3901,2384.1826,2503.1714
load_26,2014-12-19 18:00:00,2363.1,2359.7043,486,19,2233.3948,2359.7043,2487.9521
load_26,2014-12-19 19:00:00,2363.4,2268.9097,486,20,2110.5483,2268.9097,2390.3733
load_26,2014-12-19 20:00:00,2221.8,2012.5337,486,21,1822.3622,2012.5337,2170.4595
load_26,2014-12-19 21:00:00,1397.4,1197.8796,486,22,1036.7722,1197.8796,1354.2932
load_26,2014-12-19 22:00:00,953.4,865.7538,486,23,754.21796,865.7538,1015.78644
load_26,2014-12-19 23:00:00,700.2,626.78613,486,24,542.3415,626.78613,730.355
load_26,2014-12-22 00:00:00,501.6,534.0523,487,1,474.47406,534.0523,590.8841
load_26,2014-12-22 01:00:00,494.1,494.30768,487,2,439.43152,494.30768,558.1897
load_26,2014-12-22 02:00:00,437.7,477.245,487,3,419.75488,477.245,523.49786
load_26,2014-12-22 03:00:00,417.0,464.8866,487,4,412.70593,464.8866,515.0389
load_26,2014-12-22 04:00:00,461.4,478.31732,487,5,425.5274,478.31732,531.69324
load_26,2014-12-22 05:00:00,475.8,491.90204,487,6,438.32758,491.90204,543.7566
load_26,2014-12-22 06:00:00,487.2,504.5407,487,7,450.63477,504.5407,563.8747
load_26,2014-12-22 07:00:00,540.6,533.97144,487,8,466.95447,533.97144,591.8398
load_26,2014-12-22 08:00:00,680.7,658.2906,487,9,571.6445,658.2906,750.5548
load_26,2014-12-22 09:00:00,1261.2,1107.179,487,10,980.7607,1107.179,1210.2299
load_26,2014-12-22 10:00:00,2035.5,1822.1547,487,11,1674.7408,1822.1547,1958.9431
load_26,2014-12-22 11:00:00,2491.2,2189.3228,487,12,2052.7178,2189.3228,2312.7493
load_26,2014-12-22 12:00:00,2509.5,2254.4797,487,13,2121.99,2254.4797,2375.1091
load_26,2014-12-22 13:00:00,2542.2,2308.8218,487,14,2162.4062,2308.8218,2417.4277
load_26,2014-12-22 14:00:00,2502.0,2385.183,487,15,2260.0017,2385.183,2482.6047
load_26,2014-12-22 15:00:00,2399.4,2387.7827,487,16,2272.871,2387.7827,2495.3481
load_26,2014-12-22 16:00:00,2462.1,2409.7898,487,17,2268.0847,2409.7898,2514.2456
load_26,2014-12-22 17:00:00,2558.7,2409.5608,487,18,2281.3677,2409.5608,2527.4575
load_26,2014-12-22 18:00:00,2538.6,2386.7017,487,19,2254.7031,2386.7017,2510.294
load_26,2014-12-22 19:00:00,2401.2,2300.1213,487,20,2125.614,2300.1213,2418.4126
load_26,2014-12-22 20:00:00,2087.7,2032.3418,487,21,1832.1532,2032.3418,2189.94
load_26,2014-12-22 21:00:00,1204.2,1201.1426,487,22,1039.6051,1201.1426,1353.8948
load_26,2014-12-22 22:00:00,851.4,870.26917,487,23,755.8008,870.26917,1020.3011
load_26,2014-12-22 23:00:00,543.3,633.0982,487,24,546.95184,633.0982,738.52826
load_26,2014-12-23 00:00:00,497.1,510.39673,488,1,453.1775,510.39673,567.5675
load_26,2014-12-23 01:00:00,477.6,481.7381,488,2,429.89728,481.7381,540.3959
load_26,2014-12-23 02:00:00,443.4,475.3556,488,3,419.6032,475.3556,515.8731
load_26,2014-12-23 03:00:00,418.2,463.10345,488,4,413.63495,463.10345,510.5843
load_26,2014-12-23 04:00:00,437.1,474.09558,488,5,424.0506,474.09558,522.8214
load_26,2014-12-23 05:00:00,453.0,488.32806,488,6,437.67615,488.32806,536.7716
load_26,2014-12-23 06:00:00,462.3,496.42212,488,7,444.82123,496.42212,549.7617
load_26,2014-12-23 07:00:00,500.1,538.7807,488,8,471.32642,538.7807,588.3828
load_26,2014-12-23 08:00:00,655.5,680.41675,488,9,598.0044,680.41675,769.1424
load_26,2014-12-23 09:00:00,1182.3,1205.4427,488,10,1079.7502,1205.4427,1316.1688
load_26,2014-12-23 10:00:00,1893.6,1927.2307,488,11,1766.7363,1927.2307,2070.906
load_26,2014-12-23 11:00:00,2314.8,2311.7346,488,12,2170.842,2311.7346,2428.5754
load_26,2014-12-23 12:00:00,2311.2,2371.5942,488,13,2225.8132,2371.5942,2487.5732
load_26,2014-12-23 13:00:00,2352.3,2396.3499,488,14,2227.058,2396.3499,2516.4946
load_26,2014-12-23 14:00:00,2326.2,2439.2246,488,15,2293.13,2439.2246,2555.6064
load_26,2014-12-23 15:00:00,2278.2,2417.7686,488,16,2288.9702,2417.7686,2544.34
load_26,2014-12-23 16:00:00,2292.3,2440.9724,488,17,2289.037,2440.9724,2561.4492
load_26,2014-12-23 17:00:00,2385.6,2429.6636,488,18,2289.088,2429.6636,2572.5627
load_26,2014-12-23 18:00:00,2394.9,2399.2788,488,19,2255.6108,2399.2788,2547.0388
load_26,2014-12-23 19:00:00,2300.4,2339.5632,488,20,2156.6177,2339.5632,2481.7124
load_26,2014-12-23 20:00:00,1963.5,2075.0361,488,21,1864.5569,2075.0361,2246.4563
load_26,2014-12-23 21:00:00,1106.4,1223.6903,488,22,1057.3044,1223.6903,1382.1445
load_26,2014-12-23 22:00:00,836.7,881.38275,488,23,770.8336,881.38275,1030.2614
load_26,2014-12-23 23:00:00,565.5,633.16034,488,24,552.7946,633.16034,726.81616
load_26,2014-12-24 00:00:00,524.1,498.49756,489,1,448.14648,498.49756,549.4946
load_26,2014-12-24 01:00:00,539.4,469.91046,489,2,423.367,469.91046,522.935
load_26,2014-12-24 02:00:00,484.5,462.79297,489,3,413.37695,462.79297,498.67535
load_26,2014-12-24 03:00:00,471.6,450.84375,489,4,407.05676,450.84375,493.10547
load_26,2014-12-24 04:00:00,497.4,462.94727,489,5,417.46484,462.94727,507.55878
load_26,2014-12-24 05:00:00,508.2,476.3604,489,6,429.7002,476.3604,522.8413
load_26,2014-12-24 06:00:00,503.7,486.45184,489,7,438.65442,486.45184,537.59753
load_26,2014-12-24 07:00:00,535.8,524.7466,489,8,462.5927,524.7466,577.72766
load_26,2014-12-24 08:00:00,688.5,664.62195,489,9,580.93823,664.62195,761.10504
load_26,2014-12-24 09:00:00,1161.0,1156.2097,489,10,1025.8973,1156.2097,1275.6589
load_26,2014-12-24 10:00:00,1893.0,1847.3619,489,11,1695.833,1847.3619,1994.5581
load_26,2014-12-24 11:00:00,2173.5,2229.5525,489,12,2086.9604,2229.5525,2356.6929
load_26,2014-12-24 12:00:00,2320.2,2292.8462,489,13,2142.9539,2292.8462,2419.3188
load_26,2014-12-24 13:00:00,2326.8,2332.957,489,14,2169.655,2332.957,2451.2715
load_26,2014-12-24 14:00:00,2199.9,2368.5337,489,15,2236.3704,2368.5337,2484.75
load_26,2014-12-24 15:00:00,2221.2,2355.5076,489,16,2232.9548,2355.5076,2475.3584
load_26,2014-12-24 16:00:00,2288.4,2396.2334,489,17,2261.5977,2396.2334,2495.0208
load_26,2014-12-24 17:00:00,2391.9,2399.556,489,18,2279.1694,2399.556,2511.6016
load_26,2014-12-24 18:00:00,2334.6,2376.6558,489,19,2253.4658,2376.6558,2499.5962
load_26,2014-12-24 19:00:00,2288.7,2310.8633,489,20,2155.4028,2310.8633,2424.2112
load_26,2014-12-24 20:00:00,2223.6,2011.179,489,21,1833.5214,2011.179,2169.7817
load_26,2014-12-24 21:00:00,1462.8,1160.6965,489,22,1014.5509,1160.6965,1297.3978
load_26,2014-12-24 22:00:00,912.6,835.9916,489,23,738.9885,835.9916,972.96857
load_26,2014-12-24 23:00:00,707.4,589.1045,489,24,515.66266,589.1045,669.98724
load_26,2014-12-26 00:00:00,472.8,549.3228,490,1,487.1175,549.3228,597.35095
load_26,2014-12-26 01:00:00,474.0,499.63232,490,2,444.25696,499.63232,563.5352
load_26,2014-12-26 02:00:00,435.3,480.82446,490,3,423.32544,480.82446,526.4124
load_26,2014-12-26 03:00:00,420.6,463.6488,490,4,412.42578,463.6488,515.8086
load_26,2014-12-26 04:00:00,466.8,474.6187,490,5,423.46558,474.6187,526.90295
load_26,2014-12-26 05:00:00,474.6,485.99506,490,6,435.00214,485.99506,538.72723
load_26,2014-12-26 06:00:00,472.8,498.27008,490,7,446.42322,498.27008,556.132
load_26,2014-12-26 07:00:00,493.5,536.3534,490,8,469.82013,536.3534,589.95135
load_26,2014-12-26 08:00:00,654.6,679.82996,490,9,605.05,679.82996,771.34406
load_26,2014-12-26 09:00:00,1153.8,1182.4114,490,10,1068.9524,1182.4114,1288.3284
load_26,2014-12-26 10:00:00,1889.7,1875.2634,490,11,1726.1927,1875.2634,2017.7793
load_26,2014-12-26 11:00:00,2208.9,2249.8384,490,12,2114.255,2249.8384,2370.4094
load_26,2014-12-26 12:00:00,2285.1,2317.7715,490,13,2171.899,2317.7715,2436.1008
load_26,2014-12-26 13:00:00,2255.4,2336.75,490,14,2173.5117,2336.75,2459.9082
load_26,2014-12-26 14:00:00,2297.7,2353.5374,490,15,2217.181,2353.5374,2483.5986
load_26,2014-12-26 15:00:00,2328.9,2346.129,490,16,2218.942,2346.129,2471.2317
load_26,2014-12-26 16:00:00,2327.7,2387.73,490,17,2240.801,2387.73,2506.1294
load_26,2014-12-26 17:00:00,2346.9,2385.752,490,18,2252.1956,2385.752,2525.8828
load_26,2014-12-26 18:00:00,2351.7,2355.733,490,19,2216.2175,2355.733,2503.8433
load_26,2014-12-26 19:00:00,2273.4,2310.2742,490,20,2128.456,2310.2742,2459.954
load_26,2014-12-26 20:00:00,2165.4,2100.649,490,21,1875.7571,2100.649,2272.018
load_26,2014-12-26 21:00:00,1430.7,1258.338,490,22,1077.5496,1258.338,1432.8771
load_26,2014-12-26 22:00:00,890.4,874.59485,490,23,758.19666,874.59485,1033.4904
load_26,2014-12-26 23:00:00,577.2,639.4912,490,24,554.96326,639.4912,746.4725
load_26,2014-12-29 00:00:00,450.9,492.17596,491,1,442.92578,492.17596,539.8486
load_26,2014-12-29 01:00:00,450.0,464.87317,491,2,419.5728,464.87317,513.21545
load_26,2014-12-29 02:00:00,397.5,460.67004,491,3,414.82922,460.67004,492.3629
load_26,2014-12-29 03:00:00,386.7,447.98022,491,4,408.6316,447.98022,481.96832
load_26,2014-12-29 04:00:00,420.6,454.3615,491,5,413.58386,454.3615,492.48846
load_26,2014-12-29 05:00:00,444.9,472.11255,491,6,431.26562,472.11255,506.9782
load_26,2014-12-29 06:00:00,427.5,485.29767,491,7,444.96918,485.29767,526.82245
load_26,2014-12-29 07:00:00,468.9,519.58075,491,8,465.65863,519.58075,563.9628
load_26,2014-12-29 08:00:00,638.7,654.24677,491,9,581.52905,654.24677,740.9073
load_26,2014-12-29 09:00:00,1067.1,1159.9521,491,10,1043.0842,1159.9521,1256.7284
load_26,2014-12-29 10:00:00,1758.6,1856.6831,491,11,1703.9747,1856.6831,2002.4159
load_26,2014-12-29 11:00:00,2106.0,2212.3916,491,12,2062.9917,2212.3916,2348.355
load_26,2014-12-29 12:00:00,2105.1,2306.7048,491,13,2155.2334,2306.7048,2432.3013
load_26,2014-12-29 13:00:00,2097.6,2326.8337,491,14,2158.5527,2326.8337,2457.4907
load_26,2014-12-29 14:00:00,2214.3,2328.7756,491,15,2194.4746,2328.7756,2467.586
load_26,2014-12-29 15:00:00,2184.9,2317.51,491,16,2186.3687,2317.51,2447.7573
load_26,2014-12-29 16:00:00,2130.9,2350.23,491,17,2185.6545,2350.23,2461.8125
load_26,2014-12-29 17:00:00,2213.4,2344.975,491,18,2211.017,2344.975,2473.5366
load_26,2014-12-29 18:00:00,2264.7,2321.1313,491,19,2182.0916,2321.1313,2460.462
load_26,2014-12-29 19:00:00,2202.0,2281.6484,491,20,2082.7805,2281.6484,2427.8281
load_26,2014-12-29 20:00:00,2023.2,2102.151,491,21,1859.2546,2102.151,2269.8584
load_26,2014-12-29 21:00:00,1173.0,1299.1836,491,22,1097.4813,1299.1836,1473.4912
load_26,2014-12-29 22:00:00,856.2,869.82996,491,23,754.41876,869.82996,1023.678
load_26,2014-12-29 23:00:00,562.8,613.8972,491,24,537.3871,613.8972,707.1751
load_26,2014-12-30 00:00:00,539.7,473.72076,492,1,429.1203,473.72076,517.2824
load_26,2014-12-30 01:00:00,564.3,449.77966,492,2,409.55664,449.77966,492.8971
load_26,2014-12-30 02:00:00,480.0,444.69714,492,3,402.4115,444.69714,471.5039
load_26,2014-12-30 03:00:00,443.4,431.9665,492,4,396.04022,431.9665,460.96704
load_26,2014-12-30 04:00:00,470.7,440.2445,492,5,403.43573,440.2445,471.59094
load_26,2014-12-30 05:00:00,470.4,453.95966,492,6,416.9004,453.95966,485.54358
load_26,2014-12-30 06:00:00,457.5,463.02148,492,7,427.0077,463.02148,495.864
load_26,2014-12-30 07:00:00,493.8,482.97906,492,8,439.30963,482.97906,522.6645
load_26,2014-12-30 08:00:00,631.8,609.0936,492,9,550.062,609.0936,679.1319
load_26,2014-12-30 09:00:00,1056.0,1114.002,492,10,1004.5018,1114.002,1198.0162
load_26,2014-12-30 10:00:00,1854.0,1779.2822,492,11,1641.0469,1779.2822,1903.3743
load_26,2014-12-30 11:00:00,2233.2,2116.4067,492,12,1982.281,2116.4067,2236.3174
load_26,2014-12-30 12:00:00,2190.3,2165.6204,492,13,2014.9698,2165.6204,2292.3027
load_26,2014-12-30 13:00:00,2137.2,2200.3499,492,14,2036.979,2200.3499,2319.9287
load_26,2014-12-30 14:00:00,2200.5,2208.1255,492,15,2089.7861,2208.1255,2335.2922
load_26,2014-12-30 15:00:00,2157.3,2206.6304,492,16,2081.569,2206.6304,2324.1047
load_26,2014-12-30 16:00:00,2208.9,2207.9224,492,17,2048.322,2207.9224,2328.8013
load_26,2014-12-30 17:00:00,2237.7,2229.8738,492,18,2100.092,2229.8738,2351.8782
load_26,2014-12-30 18:00:00,2244.0,2214.6191,492,19,2081.0388,2214.6191,2348.1255
load_26,2014-12-30 19:00:00,2065.5,2184.9648,492,20,2004.8264,2184.9648,2321.9368
load_26,2014-12-30 20:00:00,1833.9,2029.583,492,21,1824.6669,2029.583,2182.3772
load_26,2014-12-30 21:00:00,1000.8,1240.2657,492,22,1068.2584,1240.2657,1386.4987
load_26,2014-12-30 22:00:00,748.8,818.34216,492,23,722.56903,818.34216,950.6713
load_26,2014-12-30 23:00:00,493.5,577.8353,492,24,509.0896,577.8353,646.476
load_26,2014-12-31 00:00:00,470.7,478.4154,493,1,431.25427,478.4154,522.0926
load_26,2014-12-31 01:00:00,469.2,461.59808,493,2,418.8639,461.59808,506.6494
load_26,2014-12-31 02:00:00,429.0,457.98627,493,3,411.57513,457.98627,488.07166
load_26,2014-12-31 03:00:00,413.4,445.768,493,4,404.28912,445.768,478.40912
load_26,2014-12-31 04:00:00,442.2,449.92273,493,5,409.7375,449.92273,484.01324
load_26,2014-12-31 05:00:00,465.3,462.88428,493,6,421.79736,462.88428,498.1305
load_26,2014-12-31 06:00:00,573.3,466.75378,493,7,424.24023,466.75378,501.2223
load_26,2014-12-31 07:00:00,632.4,487.18463,493,8,440.2777,487.18463,530.60956
load_26,2014-12-31 08:00:00,768.9,615.66187,493,9,552.06714,615.66187,693.0022
load_26,2014-12-31 09:00:00,1180.2,1090.8464,493,10,982.1212,1090.8464,1183.8657
load_26,2014-12-31 10:00:00,1902.6,1790.3132,493,11,1652.9951,1790.3132,1924.532
load_26,2014-12-31 11:00:00,2332.8,2117.5264,493,12,1996.6191,2117.5264,2242.4587
load_26,2014-12-31 12:00:00,2424.3,2161.7922,493,13,2021.1401,2161.7922,2291.032
load_26,2014-12-31 13:00:00,2441.4,2183.316,493,14,2030.3003,2183.316,2310.406
load_26,2014-12-31 14:00:00,2454.9,2171.0122,493,15,2053.5034,2171.0122,2313.0547
load_26,2014-12-31 15:00:00,2452.5,2166.9648,493,16,2040.5837,2166.9648,2295.458
load_26,2014-12-31 16:00:00,2439.3,2181.9414,493,17,2020.8281,2181.9414,2312.4993
load_26,2014-12-31 17:00:00,2384.1,2208.2656,493,18,2069.1643,2208.2656,2343.4746
load_26,2014-12-31 18:00:00,2394.9,2192.6104,493,19,2054.0378,2192.6104,2340.0774
load_26,2014-12-31 19:00:00,2354.4,2145.583,493,20,1953.9094,2145.583,2300.4175
load_26,2014-12-31 20:00:00,2055.0,1976.6069,493,21,1750.1704,1976.6069,2150.3743
load_26,2014-12-31 21:00:00,1166.1,1177.816,493,22,993.5343,1177.816,1354.4475
load_26,2014-12-31 22:00:00,843.3,799.96844,493,23,688.9837,799.96844,954.24805
load_26,2014-12-31 23:00:00,567.6,574.8274,493,24,502.7505,574.8274,650.0516
